source,target,weight,total_amount
MP:Pralhad Venkatesh Joshi,CONST:DHARWAD,26,13261770.0
CONST:DHARWAD,IDA:DHARWAD(DEPUTY COMMISSIONER DHARWAR_IDA),23,10770363.0
CONST:DHARWAD,IDA:HAVERI(DEPUTY COMMISSIONER HAVERI_IDA),3,2491407.0
IDA:DHARWAD(DEPUTY COMMISSIONER DHARWAR_IDA),CONST:BIJAPUR(SC),1,1000000.0
IDA:HAVERI(DEPUTY COMMISSIONER HAVERI_IDA),CONST:HAVERI,34,18750000.0
MP:Pradeep Kumar Singh,CONST:ARARIA,26,62323127.0
CONST:ARARIA,IDA:ARARIA(DISTRICT PLANNING OFFICER ARARIA_IDA),26,62323127.0
MP:Dr Sukanta Majumdar,CONST:BALURGHAT,79,40133854.0
CONST:BALURGHAT,IDA:Dakshin Dinajpur(DISTRICT MAGISTRATE DINAJPUR DAKSHIN_IDA),79,40133854.0
MP:Jaswantsinh Sumanbhai Bhabhor,CONST:DAHOD(ST),128,43181038.0
CONST:DAHOD(ST),IDA:Dahod(DISTRICT COLLECTOR DOHAD_IDA),123,40881038.0
CONST:DAHOD(ST),IDA:Mahisagar(COLLECTOR MAHISAGAR_IDA),5,2300000.0
MP:SARABJEET SINGH KHALSA,CONST:FARIDKOT(SC),186,45942087.0
CONST:FARIDKOT(SC),IDA:FARIDKOT(DEPUTY COMMISSIONER FARIDKOT_IDA),109,22806610.0
CONST:FARIDKOT(SC),IDA:SRI MUKTSAR SAHIB(DEPUTY COMMISSIONER SRI MUKTSAR SAHIB_IDA),9,1485000.0
CONST:FARIDKOT(SC),IDA:MOGA(Deputy Commissioner Moga),65,20585000.0
CONST:FARIDKOT(SC),IDA:MANSA(DEPUTY COMMISSIONER MANSA_IDA),1,465477.0
CONST:FARIDKOT(SC),IDA:BATHINDA(DEPUTY COMMISSIONER BHATINDA_IDA),2,600000.0
IDA:SRI MUKTSAR SAHIB(DEPUTY COMMISSIONER SRI MUKTSAR SAHIB_IDA),CONST:BHATINDA,17,6909774.0
IDA:SRI MUKTSAR SAHIB(DEPUTY COMMISSIONER SRI MUKTSAR SAHIB_IDA),CONST:LUDHIANA,4,1920000.0
IDA:SRI MUKTSAR SAHIB(DEPUTY COMMISSIONER SRI MUKTSAR SAHIB_IDA),CONST:FIROZPUR,41,9765453.0
MP:Gajendra Singh Patel,CONST:KHARGONE(ST),136,48782375.0
CONST:KHARGONE(ST),IDA:Khargone (West Nimar)(DISTRICT COLLECTOR KHARGONE_IDA),51,21625891.0
CONST:KHARGONE(ST),IDA:BARWANI(DISTRICT COLLECTOR BADWANI_IDA),84,26156484.0
CONST:KHARGONE(ST),IDA:DHAR(DISTRICT COLLECTOR DHAR_IDA),1,1000000.0
IDA:Khargone (West Nimar)(DISTRICT COLLECTOR KHARGONE_IDA),CONST:KHANDWA,46,14531904.0
MP:Ramprit Mandal,CONST:JHANJHARPUR,82,86553079.0
CONST:JHANJHARPUR,IDA:MADHUBANI(DISTRICT PLANNING OFFICER MADHUBANI_IDA),81,85364059.0
CONST:JHANJHARPUR,IDA:ROHTAS(District Planning Officer Rohtas_IDA),1,1189020.0
IDA:MADHUBANI(DISTRICT PLANNING OFFICER MADHUBANI_IDA),CONST:MADHUBANI,4,3186147.0
MP:SUDHAKAR SINGH,CONST:BUXAR,85,79490685.0
CONST:BUXAR,IDA:BUXAR(DISTRICT PLANNING OFFICER BUXAR_IDA),20,22885096.0
CONST:BUXAR,IDA:KAIMUR (BHABUA)(DISTRICT PLANNING OFFICER KAIMUR BHABUA_IDA),60,49144930.0
CONST:BUXAR,IDA:ROHTAS(District Planning Officer Rohtas_IDA),5,7460659.0
IDA:KAIMUR (BHABUA)(DISTRICT PLANNING OFFICER KAIMUR BHABUA_IDA),CONST:SASARAM(SC),21,18245714.0
MP:Anto Antony,CONST:PATHANAMTHITTA,104,36369804.0
CONST:PATHANAMTHITTA,IDA:KOTTAYAM(DISTRICT COLLECTOR KOTTAYAM_IDA),42,13185627.0
CONST:PATHANAMTHITTA,IDA:PATHANAMTHITTA(DISTRICT COLLECTOR PATHANAMTHITTA_IDA),62,23184177.0
IDA:KOTTAYAM(DISTRICT COLLECTOR KOTTAYAM_IDA),CONST:MAVELIKKARA(SC),4,4505555.0
IDA:KOTTAYAM(DISTRICT COLLECTOR KOTTAYAM_IDA),CONST:KOTTAYAM,70,27785255.0
MP:Shri NK Premachandran,CONST:KOLLAM,66,55977928.34
CONST:KOLLAM,IDA:KOLLAM(DISTRICT COLLECTOR KOLLAM_IDA),66,55977928.34
IDA:KOLLAM(DISTRICT COLLECTOR KOLLAM_IDA),CONST:MAVELIKKARA(SC),41,24840266.0
IDA:KOLLAM(DISTRICT COLLECTOR KOLLAM_IDA),CONST:ALAPPUZHA,2,2900000.0
MP:DR RANI SRI KUMAR,CONST:TENKASI(SC),62,61319117.0
CONST:TENKASI(SC),IDA:TENKASI(DISTRICT COLLECTOR TENKASI_IDA),43,51349117.0
CONST:TENKASI(SC),IDA:VIRUDHUNAGAR(DISTRICT COLLECTOR VIRUDHUNAGAR_IDA),19,9970000.0
IDA:TENKASI(DISTRICT COLLECTOR TENKASI_IDA),CONST:TIRUNELVELI,4,5970698.0
MP:SATPAL BRAHAMCHARI,CONST:SONEPAT,36,25826326.0
CONST:SONEPAT,IDA:SONIPAT(DEPUTY COMMISSIONER SONEPAT_IDA),18,11651000.0
CONST:SONEPAT,IDA:JIND(DEPUTY COMMISSIONER JIND),18,14175326.0
MP:Pratima Mondal,CONST:JOYNAGAR(SC),154,67687186.0
CONST:JOYNAGAR(SC),IDA:South 24 Parganas(DISTRICT MAGISTRATE SOUTH TWENTY FOUR PARGANAS_IDA),154,67687186.0
IDA:South 24 Parganas(DISTRICT MAGISTRATE SOUTH TWENTY FOUR PARGANAS_IDA),CONST:MATHURAPUR(SC),115,50187940.0
IDA:South 24 Parganas(DISTRICT MAGISTRATE SOUTH TWENTY FOUR PARGANAS_IDA),CONST:DIAMOND HARBOUR,153,47143204.0
IDA:South 24 Parganas(DISTRICT MAGISTRATE SOUTH TWENTY FOUR PARGANAS_IDA),CONST:JADAVPUR,121,40947048.0
MP:Shri PP Chaudhary,CONST:PALI,8,8155790.0
CONST:PALI,IDA:PALI(DISTRICT COLLECTOR PALI_IDA),8,8155790.0
MP:DEEPENDER SINGH HOODA,CONST:ROHTAK,69,49026600.0
CONST:ROHTAK,IDA:JHAJJAR(DEPUTY COMMISSIONER cum NODAL OFFICER MPLADS JHAJJAR),39,27950609.0
CONST:ROHTAK,IDA:REWARI(District Commissioner Rewari),4,3263371.0
CONST:ROHTAK,IDA:ROHTAK(DEPUTY COMMISSIONER ROHTAK_IDA),26,17812620.0
MP:Asit Kumar Mal,CONST:BOLPUR(SC),135,157511184.0
CONST:BOLPUR(SC),IDA:BIRBHUM(DISTRICT MAGISTRATE BIRBHUM_IDA),103,137257973.0
CONST:BOLPUR(SC),IDA:PURBA BARDHAMAN(DISTRICT MAGISTRATE PURBA BARDHAMAN_IDA),32,20253211.0
IDA:BIRBHUM(DISTRICT MAGISTRATE BIRBHUM_IDA),CONST:BIRBHUM,44,26373700.6
MP:BHUPENDER YADAV,CONST:ALWAR,31,45414799.0
CONST:ALWAR,IDA:ALWAR(DISTRICT COLLECTOR ALWAR_IDA),25,37201147.0
CONST:ALWAR,IDA:Khairthal-Tijara(DISTRICT COLLECTOR KHAIRTHAL TIJARA_IDA),5,6713652.0
CONST:ALWAR,IDA:Kotputli-Behror(DISTRICT COLLECTOR Kotputli Behror_IDA),1,1500000.0
IDA:ALWAR(DISTRICT COLLECTOR ALWAR_IDA),CONST:BHARATPUR(SC),38,18713287.1
MP:KAMLESH JANGDE,CONST:JANJGIR CHAMPA(SC),61,48468461.0
CONST:JANJGIR CHAMPA(SC),IDA:SAKTI(COLLECTOR SAKTI_IDA),40,32118740.0
CONST:JANJGIR CHAMPA(SC),IDA:JANJGIR-CHAMPA(DISTRICT COLLECTOR JANJGIR CHAMPA_IDA),19,15250491.0
CONST:JANJGIR CHAMPA(SC),IDA:Sarangarh-Bilaigarh(Collector SB_IDA),2,1099230.0
MP:CN Annadurai,CONST:TIRUVANNAMALAI,118,53167397.0
CONST:TIRUVANNAMALAI,IDA:TIRUVANNAMALAI(DISTRICT COLLECTOR TIRUVANNAMALAI_IDA),82,34195090.0
CONST:TIRUVANNAMALAI,IDA:Tirupathur(District Collector Tirupathur_IDA),36,18972307.0
IDA:TIRUVANNAMALAI(DISTRICT COLLECTOR TIRUVANNAMALAI_IDA),CONST:ARANI,113,55569721.0
MP:Radha Mohan Singh,CONST:PURVI CHAMPARAN,41,44044591.0
CONST:PURVI CHAMPARAN,IDA:PURBI CHAMPARAN(DISTRICT PLANNING OFFICER MOTHIHARI EAST CHAMPARAN_IDA),41,44044591.0
IDA:PURBI CHAMPARAN(DISTRICT PLANNING OFFICER MOTHIHARI EAST CHAMPARAN_IDA),CONST:SHEOHAR,2,2998079.0
MP:DAGGUMALLA PRASADA RAO,CONST:CHITTOOR,90,47093688.0
CONST:CHITTOOR,IDA:CHITTOOR(DISTRICT COLLECTOR CHITTOOR_IDA),87,46064281.0
CONST:CHITTOOR,IDA:Tirupati(DISTRICT COLLECTOR TIRUPATI_IDA),3,1029407.0
IDA:CHITTOOR(DISTRICT COLLECTOR CHITTOOR_IDA),CONST:RAJAMPET,71,13620089.0
IDA:REWARI(District Commissioner Rewari),CONST:GURGAON,6,6544320.0
IDA:REWARI(District Commissioner Rewari),CONST:KURUKSHETRA,1,2500000.0
IDA:REWARI(District Commissioner Rewari),CONST:BHIWANI MAHENDRAGARH,1,800000.0
MP:Sanjay Haribhau Jadhav,CONST:PARBHANI,51,45758977.0
CONST:PARBHANI,IDA:PARBHANI(DISTRICT COLLECTOR PARBHANI_IDA),34,30867977.0
CONST:PARBHANI,IDA:JALNA(DISTRICT COLLECTOR JALNA_IDA),17,14891000.0
MP:Shri Arun Kumar Sagar,CONST:SHAHJAHANPUR(SC),4,97143000.0
CONST:SHAHJAHANPUR(SC),IDA:SHAHJAHANPUR(DISTRICT MAGISTRAE SHAHJAHANAPUR_IDA),4,97143000.0
MP:JAGADISH CHANDRA BARMA BASUNIA,CONST:COOCHBEHAR(SC),41,42035060.0
CONST:COOCHBEHAR(SC),IDA:Cooch Behar(DISTRICT MAGISTRATE COOCHBEHAR_IDA),39,32035060.0
CONST:COOCHBEHAR(SC),IDA:North 24 Parganas(DISTRICT MAGISTRATE NORTH TWENTY FOUR PARGANAS_IDA),2,10000000.0
IDA:PURBA BARDHAMAN(DISTRICT MAGISTRATE PURBA BARDHAMAN_IDA),CONST:BARDHAMAN-DURGAPUR,32,36938233.0
IDA:PURBA BARDHAMAN(DISTRICT MAGISTRATE PURBA BARDHAMAN_IDA),CONST:BARDHAMAN PURBA(SC),42,33353781.0
MP:SHER SINGH GHUBAYA,CONST:FIROZPUR,235,57960629.0
CONST:FIROZPUR,IDA:FEROZEPUR(DEPUTY COMMISSIONER FIROZEPUR_IDA),165,41121264.0
CONST:FIROZPUR,IDA:FAZILKA(DEPUTY COMMISSIONER FAZILKA_IDA),29,7073912.0
MP:SK NURUL ISLAM,CONST:BASIRHAT,18,35118648.0
CONST:BASIRHAT,IDA:North 24 Parganas(DISTRICT MAGISTRATE NORTH TWENTY FOUR PARGANAS_IDA),18,35118648.0
IDA:North 24 Parganas(DISTRICT MAGISTRATE NORTH TWENTY FOUR PARGANAS_IDA),CONST:BARASAT,83,60765306.0
IDA:North 24 Parganas(DISTRICT MAGISTRATE NORTH TWENTY FOUR PARGANAS_IDA),CONST:BARRACKPUR,5,49000000.0
IDA:North 24 Parganas(DISTRICT MAGISTRATE NORTH TWENTY FOUR PARGANAS_IDA),CONST:DUM DUM,18,13088419.0
IDA:North 24 Parganas(DISTRICT MAGISTRATE NORTH TWENTY FOUR PARGANAS_IDA),CONST:BANGAON(SC),8,5993836.0
MP:Vijay Kumar Dubey,CONST:KUSHI NAGAR,118,45963356.0
CONST:KUSHI NAGAR,IDA:Kushinagar(DISTRICT MAGISTRATE KUSHINAGAR PADRAUNA_IDA),118,45963356.0
IDA:Kushinagar(DISTRICT MAGISTRATE KUSHINAGAR PADRAUNA_IDA),CONST:DEORIA,12,13216546.0
MP:Rao Inderjit Singh,CONST:GURGAON,17,18950438.0
CONST:GURGAON,IDA:HISAR(DEPUTY COMMISSIONER HISSAR_IDA),3,4699118.0
CONST:GURGAON,IDA:GURUGRAM(DC CUM NODAL OFFICER MPLADS_5),7,7385000.0
CONST:GURGAON,IDA:NUH(Deputy Commissioner Nuh),1,322000.0
MP:BRIJMOHAN AGRAWAL,CONST:RAIPUR,67,47075504.0
CONST:RAIPUR,IDA:RAIPUR(DISTRICT COLLECTOR RAIPUR_IDA),54,37340636.0
CONST:RAIPUR,IDA:Balodabazar-Bhatapara(Collector Baloda Bazar_IDA),13,9734868.0
MP:Raju Bista,CONST:DARJEELING,105,56071493.0
CONST:DARJEELING,IDA:DARJEELING(DISTRICT MAGISTRATE DARJEELING_IDA),80,42932986.0
CONST:DARJEELING,IDA:KALIMPONG(District Magistrate Kalimpong_IDA),25,13138507.0
IDA:HISAR(DEPUTY COMMISSIONER HISSAR_IDA),CONST:BHIWANI MAHENDRAGARH,1,2096704.0
IDA:HISAR(DEPUTY COMMISSIONER HISSAR_IDA),CONST:HISAR,132,47976648.0
MP:Manickam Tagore B,CONST:VIRUDHUNAGAR,44,50999333.0
CONST:VIRUDHUNAGAR,IDA:MADURAI(DISTRICT COLLECTOR MADURAI_IDA),15,20427600.0
CONST:VIRUDHUNAGAR,IDA:VIRUDHUNAGAR(DISTRICT COLLECTOR VIRUDHUNAGAR_IDA),29,30571733.0
IDA:MADURAI(DISTRICT COLLECTOR MADURAI_IDA),CONST:MADURAI,18,11293812.0
IDA:MADURAI(DISTRICT COLLECTOR MADURAI_IDA),CONST:THENI,10,12400000.0
MP:MALVIKA DEVI,CONST:KALAHANDI,123,37912000.0
CONST:KALAHANDI,IDA:KALAHANDI(DISTRICT COLLECTOR KALAHANDI_IDA),95,31498000.0
CONST:KALAHANDI,IDA:NUAPADA(DISTRICT COLLECTOR  NUAPADA_IDA),28,6414000.0
MP:Y S Avinash Reddy,CONST:KADAPA,87,38111893.0
CONST:KADAPA,IDA:Y.S.R. Kadapa(DISTRICT COLLECTOR CUDDAPAH_IDA),87,38111893.0
IDA:Y.S.R. Kadapa(DISTRICT COLLECTOR CUDDAPAH_IDA),CONST:VIZIANAGARAM,1,500000.0
IDA:Y.S.R. Kadapa(DISTRICT COLLECTOR CUDDAPAH_IDA),CONST:ANAKAPALLE,1,2480752.0
IDA:GURUGRAM(DC CUM NODAL OFFICER MPLADS_5),CONST:BHIWANI MAHENDRAGARH,1,2100000.0
MP:Shri Hibi Eden,CONST:ERNAKULAM,48,56619305.0
CONST:ERNAKULAM,IDA:ERNAKULAM(DISTRICT COLLECTOR ERNAKULAM_IDA),48,56619305.0
IDA:ERNAKULAM(DISTRICT COLLECTOR ERNAKULAM_IDA),CONST:IDUKKI,60,16110211.0
IDA:ERNAKULAM(DISTRICT COLLECTOR ERNAKULAM_IDA),CONST:CHALAKUDY,25,15768208.0
IDA:ERNAKULAM(DISTRICT COLLECTOR ERNAKULAM_IDA),CONST:KOTTAYAM,14,4386500.0
MP:Mahesh Sharma,CONST:GAUTAM BUDDHA NAGAR,56,48856918.28
CONST:GAUTAM BUDDHA NAGAR,IDA:GAUTAM BUDDHA NAGAR(DISTRICT MAGISTRATE GAUTAMBUDHNAGAR),31,29815651.28
CONST:GAUTAM BUDDHA NAGAR,IDA:BULANDSHAHR(DISTRICT MAGISTRATE BULANDSHAHR_IDA),25,19041267.0
MP:LALJI VERMA,CONST:AMBEDKAR NAGAR,141,48784321.0
CONST:AMBEDKAR NAGAR,IDA:AYODHYA(DISTRICT MAGISTRAE FAIZABAD_IDA),12,8552574.0
CONST:AMBEDKAR NAGAR,IDA:AMBEDKAR NAGAR(DISTRICT MAGISTRATE AMBEDKAR NAGAR_IDA),129,40231747.0
IDA:AYODHYA(DISTRICT MAGISTRAE FAIZABAD_IDA),CONST:FAIZABAD,34,47570075.0
MP:Gyaneshwar Patil,CONST:KHANDWA,151,48977365.0
CONST:KHANDWA,IDA:BURHANPUR(District Collector Burhanpur_IDA),25,8526100.0
CONST:KHANDWA,IDA:Khandwa (East Nimar)(DISTRICT COLLECTOR EAST NIMAR_IDA),75,24019361.0
CONST:KHANDWA,IDA:DEWAS(DISTRICT COLLECTOR DEWAS_IDA),5,1900000.0
MP:Shri vijayakumar Vasanth,CONST:KANNIYAKUMARI,53,60176623.0
CONST:KANNIYAKUMARI,IDA:KANNIYAKUMARI(DISTRICT COLLECTOR KANNIYAKUMARI_IDA),53,60176623.0
MP:KALIPADA SAREN,CONST:JHARGRAM(ST),27,47724974.0
CONST:JHARGRAM(ST),IDA:Jhargram(DISTRICT MAGISTRATE JHARGRAM_IDA),26,44736381.0
CONST:JHARGRAM(ST),IDA:PURULIA(DISTRICT MAGISTRATE PURULIA_IDA),1,2988593.0
MP:AKSHAYA YADAV,CONST:FIROZABAD,42,96154158.0
CONST:FIROZABAD,IDA:FIROZABAD(DISTRICT MAGISTRATE FIROZABAD_IDA),42,96154158.0
MP:SANJNA JATAV,CONST:BHARATPUR(SC),88,41041765.1
CONST:BHARATPUR(SC),IDA:Deeg(DISTRICT COLLECTOR Deeg_IDA),16,6949858.0
CONST:BHARATPUR(SC),IDA:BHARATPUR(DISTRICT COLLECTOR BHARATPUR_IDA),34,15378620.0
MP:ADV GOWAAL KAGADA PADAVI,CONST:NANDURBAR(ST),3,3197000.0
CONST:NANDURBAR(ST),IDA:NANDURBAR(DISTRICT COLLECTOR NANDURBAR_IDA),3,3197000.0
MP:Maddila Gurumoorthy,CONST:TIRUPATI(SC),130,41504454.0
CONST:TIRUPATI(SC),IDA:Tirupati(DISTRICT COLLECTOR TIRUPATI_IDA),124,38152628.0
CONST:TIRUPATI(SC),IDA:Annamayya(DISTRICT COLLECTOR ANNAMAYYA_IDA),5,1868541.0
CONST:TIRUPATI(SC),IDA:Sri Potti Sriramulu Nellore(DISTRICT COLLECTOR NELLORE_IDA),1,1483285.0
MP:BALWANT BASWANT WANKHADE,CONST:AMRAVATI(SC),65,69963000.0
CONST:AMRAVATI(SC),IDA:AMRAVATI(DISTRICT COLLECTOR AMRAVATI_IDA),65,69963000.0
MP:Vijay Baghel,CONST:DURG,60,17648018.0
CONST:DURG,IDA:DURG(DISTRICT COLLECTOR DURG_IDA),49,11137181.0
CONST:DURG,IDA:BEMETARA(Collector Bemetara_IDA),11,6510837.0
MP:Shri Chandra Prakash Choudhary,CONST:GIRIDIH,454,39886462.0
CONST:GIRIDIH,IDA:GIRIDIH(Deputy Commissioner Giridh_IDA),82,16896462.0
CONST:GIRIDIH,IDA:BOKARO(DEPUTY COMMISSIONER BOKARO_IDA),372,22990000.0
IDA:GIRIDIH(Deputy Commissioner Giridh_IDA),CONST:KODARMA,29,8807712.0
MP:Vinod Chavda,CONST:KACHCHH(SC),76,30506195.0
CONST:KACHCHH(SC),IDA:KACHCHH(DISTRICT COLLECTOR KUTCH_IDA),75,30006195.0
CONST:KACHCHH(SC),IDA:MORBI(District collector Morbi_IDA),1,500000.0
MP:MALVINDER SINGH KANG,CONST:ANANDPUR SAHIB,116,48751674.0
CONST:ANANDPUR SAHIB,IDA:RUPNAGAR(DEPUTY COMMISSIONER ROOPNAGAR_IDA),51,23249589.0
CONST:ANANDPUR SAHIB,IDA:Shahid Bhagat Singh Nagar(Deputy Commissioner Shahid Bhagat Singh Nagar_ida),41,16041741.0
CONST:ANANDPUR SAHIB,IDA:S.A.S Nagar(DEPUTY COMMISSIONER SAHIBZADA AJIT SINGH NAGAR MOHALI_IDA),9,2964094.0
CONST:ANANDPUR SAHIB,IDA:HOSHIARPUR(DEPUTY COMMISSIONER HOSHIARPUR_IDA),14,5500000.0
CONST:ANANDPUR SAHIB,IDA:CHANDIGARH(DEPUTY COMMISSIONER ZILLA PARISHAD CHANDIGARH_IDA),1,996250.0
IDA:VIRUDHUNAGAR(DISTRICT COLLECTOR VIRUDHUNAGAR_IDA),CONST:RAMANATHAPURAM,6,6368940.0
MP:Indra Hang Subba,CONST:SIKKIM,21,48878159.0
CONST:SIKKIM,IDA:Gangtok(DISTRICT COLLECTOR EAST DISTRICT_IDA),12,24500000.0
CONST:SIKKIM,IDA:Pakyong(DISTRICT COLLECTOR PAKYONG_IDA),2,3000000.0
CONST:SIKKIM,IDA:Mangan(DISTRICT COLLECTOR MANGAN_IDA),3,9378159.0
CONST:SIKKIM,IDA:Gyalshing(DISTRICT COLLECTOR GYALSHING_IDA),4,12000000.0
MP:Shri Suresh Kodikunnil,CONST:MAVELIKKARA(SC),69,45311919.0
CONST:MAVELIKKARA(SC),IDA:ALAPPUZHA(DISTRICT COLLECTOR ALAPPUZHA_IDA),24,15966098.0
MP:Shri LS Tejasvi Surya,CONST:BANGALORE SOUTH,18,20583617.0
CONST:BANGALORE SOUTH,IDA:BENGALURU URBAN(DEPUTY COMMISSIONER BANGALORE URBAN_IDA),17,20086633.0
CONST:BANGALORE SOUTH,IDA:CHIKKAMAGALURU(DEPUTY COMMISSIONER CHIKMAGALUR),1,496984.0
IDA:BENGALURU URBAN(DEPUTY COMMISSIONER BANGALORE URBAN_IDA),CONST:BANGALORE CENTRAL,1,4739506.0
IDA:BENGALURU URBAN(DEPUTY COMMISSIONER BANGALORE URBAN_IDA),CONST:BANGALORE RURAL,12,5491997.0
IDA:BENGALURU URBAN(DEPUTY COMMISSIONER BANGALORE URBAN_IDA),CONST:CHIKBALLAPUR,10,6897196.0
IDA:BENGALURU URBAN(DEPUTY COMMISSIONER BANGALORE URBAN_IDA),CONST:BANGALORE NORTH,31,37673738.0
IDA:CHIKKAMAGALURU(DEPUTY COMMISSIONER CHIKMAGALUR),CONST:UDUPI CHIKMAGALUR,43,15633253.0
IDA:CHIKKAMAGALURU(DEPUTY COMMISSIONER CHIKMAGALUR),CONST:HASSAN,5,4100000.0
MP:RACHNA BANERJEE,CONST:HOOGHLY,41,27350742.0
CONST:HOOGHLY,IDA:HOOGHLY(DISTRICT MAGISTRATE HOOGHLY_IDA),41,27350742.0
IDA:HOOGHLY(DISTRICT MAGISTRATE HOOGHLY_IDA),CONST:ARAMBAG(SC),59,33123622.0
IDA:HOOGHLY(DISTRICT MAGISTRATE HOOGHLY_IDA),CONST:SREERAMPUR,58,37877112.0
MP:Nitin Jairam Gadkari,CONST:NAGPUR,14,18714993.0
CONST:NAGPUR,IDA:NAGPUR(DISTRICT COLLECTOR NAGPUR_IDA),14,18714993.0
MP:Jai Prakash,CONST:HARDOI (SC),12,48884859.0
CONST:HARDOI (SC),IDA:HARDOI(DISTRICT MAGISTRATE HARDOI_IDA),12,48884859.0
MP:BAPI HALDAR,CONST:MATHURAPUR(SC),115,50187940.0
MP:BIJULI KALITA MEDHI,CONST:GUWAHATI,54,44700000.0
CONST:GUWAHATI,IDA:KAMRUP METRO(DEPUTY COMMISSIONER KAMRUP METROPOLITAN_IDA),20,24650000.0
CONST:GUWAHATI,IDA:GOALPARA(Deputy Commissioner Goalpara_IDA),26,15250000.0
CONST:GUWAHATI,IDA:KAMRUP(DEPUTY COMMISSIONER KAMRUP_IDA),8,4800000.0
MP:KALI CHARAN MUNDA,CONST:KHUNTI(ST),79,48958000.0
CONST:KHUNTI(ST),IDA:KHUNTI(DEPUTY COMMISSIONER KHUNTI_IDA),41,25550000.0
CONST:KHUNTI(ST),IDA:SIMDEGA(Deputy Commissioner simdega_IDA),18,11500000.0
CONST:KHUNTI(ST),IDA:RANCHI(DEPUTY COMMISSIONER RANCHI_IDA),8,5408000.0
CONST:KHUNTI(ST),IDA:SARAIKELA KHARSAWAN(Deputy Commissioner saraikela_IDA),9,5000000.0
CONST:KHUNTI(ST),IDA:WEST SINGHBHUM(DEPUTY COMMISSIONER WEST SINGHBHUM_IDA),3,1500000.0
IDA:GOALPARA(Deputy Commissioner Goalpara_IDA),CONST:DHUBRI,13,7000000.0
MP:VIJAYLAKSHMI DEVI,CONST:SIWAN,57,56845578.0
CONST:SIWAN,IDA:SIWAN(DISTRICT PLANNING OFFICER SIWAN_IDA),57,56845578.0
IDA:ROHTAS(District Planning Officer Rohtas_IDA),CONST:SASARAM(SC),12,12315731.0
IDA:ROHTAS(District Planning Officer Rohtas_IDA),CONST:KARAKAT,33,18891798.0
MP:Prof SP Singh Baghel,CONST:AGRA(SC),41,48944768.0
CONST:AGRA(SC),IDA:AGRA(DISTRICT MAGISTRAE AGRA_IDA),38,45476498.0
CONST:AGRA(SC),IDA:ETAH(DISTRICT MAGISTRATE ETAH_IDA),3,3468270.0
IDA:AGRA(DISTRICT MAGISTRAE AGRA_IDA),CONST:FATEHPUR SIKRI,26,48475758.0
IDA:AGRA(DISTRICT MAGISTRAE AGRA_IDA),CONST:TEHRI GARHWAL,15,7985171.0
MP:Putta Mahesh Kumar,CONST:ELURU,62,44069092.0
CONST:ELURU,IDA:Eluru(DISTRICT COLLECTOR ELURU_IDA),61,41569092.0
CONST:ELURU,IDA:Kakinada(DISTRICT COLLECTOR KAKINADA_IDA),1,2500000.0
MP:Prabhubhai Nagarbhai Vasava,CONST:BARDOLI(ST),66,21004453.0
CONST:BARDOLI(ST),IDA:SURAT(DISTRICT COLLECTOR SURAT_IDA),61,20180953.0
CONST:BARDOLI(ST),IDA:TAPI(District collector Tapi_IDA),5,823500.0
IDA:SURAT(DISTRICT COLLECTOR SURAT_IDA),CONST:SURAT,74,17562952.0
IDA:SURAT(DISTRICT COLLECTOR SURAT_IDA),CONST:NAVSARI,3,1587754.0
MP:SHASHANK MANI,CONST:DEORIA,43,45568332.0
CONST:DEORIA,IDA:DEORIA(DISTRICT MAGISTRATE DEORIA),31,32351786.0
MP:Ms Mahua Moitra,CONST:KRISHNANAGAR,33,62559312.0
CONST:KRISHNANAGAR,IDA:NADIA(DISTRICT MAGISTRATE NADIA_IDA),33,62559312.0
IDA:NADIA(DISTRICT MAGISTRATE NADIA_IDA),CONST:MURSHIDABAD,31,7605122.0
IDA:NADIA(DISTRICT MAGISTRATE NADIA_IDA),CONST:RANAGHAT(SC),96,46668632.0
MP:THARANIVENTHAN M S,CONST:ARANI,129,70962826.0
CONST:ARANI,IDA:Viluppuram(DISTRICT COLLECTOR VILLUPURAM_IDA),16,15393105.0
MP:Swami Sachchidanandhari Sakshi ji Maharaj,CONST:UNNAO,50,57070437.0
CONST:UNNAO,IDA:UNNAO(DISTRICT MAGIISTRATE UNNAO_IDA),49,52072908.0
CONST:UNNAO,IDA:BIJNOR(DISTRICT MAGISTRATE BIJNOR_IDA),1,4997529.0
MP:AMARSING TISSO,CONST:Diphu (ST),51,47283742.0
CONST:Diphu (ST),IDA:KARBI ANGLONG(DEPUTY COMMISSIONER KARBI ANGLONG_IDA),42,38882540.0
CONST:Diphu (ST),IDA:DIMA HASAO(DEPUTY COMMISSIONER Dima Hasao_IDA),1,5000000.0
CONST:Diphu (ST),IDA:WEST KARBI ANGLONG(DISTRICT COMMISSIONER WEST KARBI ANGLONG),8,3401202.0
MP:Rajkumar Chahar,CONST:FATEHPUR SIKRI,26,48475758.0
MP:Anurag Sharma,CONST:JHANSI,84,48155808.0
CONST:JHANSI,IDA:JHANSI(DISTRICT MAGISTRAE JHANSI_IDA),48,28153780.0
CONST:JHANSI,IDA:LALITPUR(DISTRICT MAGISTRATE LALITPUR_IDA),36,20002028.0
IDA:JHANSI(DISTRICT MAGISTRAE JHANSI_IDA),CONST:JALAUN(SC),16,3380784.0
MP:Shri Abhishek Banerjee,CONST:DIAMOND HARBOUR,157,48618624.0
CONST:DIAMOND HARBOUR,IDA:KOLKATA(COMMISSIONER KOLKATA MUNICIPAL CORPORATION_IDA),4,1475420.0
MP:PRANITI SUSHILKUMAR SHINDE,CONST:SOLAPUR(SC),1,499880.0
CONST:SOLAPUR(SC),IDA:SOLAPUR(DISTRICT COLLECTOR SOLAPUR_IDA),1,499880.0
IDA:SOLAPUR(DISTRICT COLLECTOR SOLAPUR_IDA),CONST:OSMANABAD,4,1799106.0
IDA:SOLAPUR(DISTRICT COLLECTOR SOLAPUR_IDA),CONST:MADHA,41,9020000.0
MP:Ravi Shankar Prasad,CONST:PATNA SAHIB,48,37399974.0
CONST:PATNA SAHIB,IDA:PATNA(DISTRICT PLANNING OFFICER PATNA_IDA),48,37399974.0
MP:Amol Ramsing Kolhe,CONST:SHIRUR,26,21380568.0
CONST:SHIRUR,IDA:PUNE(DISTRICT COLLECTOR PUNE_IDA),26,21380568.0
IDA:PUNE(DISTRICT COLLECTOR PUNE_IDA),CONST:MAVAL,37,26750623.0
IDA:PUNE(DISTRICT COLLECTOR PUNE_IDA),CONST:BARAMATI,32,22855903.0
IDA:PUNE(DISTRICT COLLECTOR PUNE_IDA),CONST:PUNE,19,18996657.0
MP:Om Birla,CONST:KOTA,25,19495169.0
CONST:KOTA,IDA:KOTA(DISTRICT COLLECTOR KOTA_IDA),16,13595169.0
CONST:KOTA,IDA:BUNDI(DISTRICT COLLECTOR BUNDI_IDA),9,5900000.0
MP:Shri Sudheer Gupta,CONST:MANDSOUR,68,11094092.0
CONST:MANDSOUR,IDA:MANDSAUR(DISTRICT COLLECTOR MANDSAUR_IDA),41,8149246.0
CONST:MANDSOUR,IDA:NEEMUCH(District Collector Neemuch_IDA),27,2944846.0
IDA:Viluppuram(DISTRICT COLLECTOR VILLUPURAM_IDA),CONST:VILUPPURAM(SC),79,54697362.0
MP:AJENDRA SINGH LODHI,CONST:HAMIRPUR_UP,77,49728000.0
CONST:HAMIRPUR_UP,IDA:MAHOBA(DISTRICT MAGISTRAE MAHOBA_IDA),42,23729000.0
CONST:HAMIRPUR_UP,IDA:HAMIRPUR(DISTRICT MAGISTRATE HAMIRPUR_2),30,22499000.0
CONST:HAMIRPUR_UP,IDA:BANDA(DISTRICT MAGISTRATE BANDA_IDA),5,3500000.0
MP:KRISHNA DEVI SHIVSHANKER PATEL,CONST:BANDA,191,47829424.12000001
CONST:BANDA,IDA:BANDA(DISTRICT MAGISTRATE BANDA_IDA),147,37854712.12000001
CONST:BANDA,IDA:CHITRAKOOT(DISTRICT MAGISTRATE CHITRAKOOT_IDA),44,9974712.0
MP:Smt Satabdi Roy (Banerjee),CONST:BIRBHUM,44,26373700.6
MP:Saumitra khan,CONST:BISHNUPUR(SC),65,71102321.0
CONST:BISHNUPUR(SC),IDA:BANKURA(DISTRICT MAGISTRATE BANKURA_IDA),65,71102321.0
IDA:BANKURA(DISTRICT MAGISTRATE BANKURA_IDA),CONST:BANKURA,22,40346886.0
MP:Kangana Ranaut,CONST:MANDI,94,28182084.0
CONST:MANDI,IDA:KULLU(DEPUTY COMMISSIONER KULLU_IDA),12,8693740.0
CONST:MANDI,IDA:MANDI(DEPUTY COMMISSIONER MANDI_IDA),80,18688344.0
CONST:MANDI,IDA:CHAMBA(DEPUTY COMMISSIONER CHAMBA_IDA),2,800000.0
MP:Shri Tapir Gao,CONST:ARUNACHAL EAST,48,49995613.0
CONST:ARUNACHAL EAST,IDA:NAMSAI(Deputy Commisioner Namsai_IDA),8,6495613.0
CONST:ARUNACHAL EAST,IDA:EAST SIANG(Deputy Commisioner East Siang_IDA),18,17800000.0
CONST:ARUNACHAL EAST,IDA:LOWER DIBANG VALLEY(Deputy Commisioner Lower Dibang Valley_IDA),7,8100000.0
CONST:ARUNACHAL EAST,IDA:SIANG(Deputy Commisioner Siang_IDA),2,2000000.0
CONST:ARUNACHAL EAST,"IDA:UPPER SIANG(DISTRICT PLANNING OFFICER,YINGKIONG)",1,2000000.0
CONST:ARUNACHAL EAST,IDA:DIBANG VALLEY(Deputy Commisioner Dibang Valley_IDA),1,1200000.0
CONST:ARUNACHAL EAST,IDA:TIRAP(DEPUTY COMMISSIONER TIRAP_IDA),1,1000000.0
CONST:ARUNACHAL EAST,IDA:LONGDING(Deputy Commisioner Longding_IDA),3,3000000.0
CONST:ARUNACHAL EAST,IDA:LOHIT(DEPUTY COMMISSIONER LOHIT_IDA),3,2600000.0
CONST:ARUNACHAL EAST,IDA:ANJAW(Deputy Commisioner Anjaw_IDA),2,4000000.0
CONST:ARUNACHAL EAST,IDA:LOWER SIANG(Deputy Commisioner Lower Siang_IDA),2,1800000.0
MP:CHINTAMANI MAHARAJ,CONST:SARGUJA(ST),153,52567907.0
CONST:SARGUJA(ST),IDA:SURGUJA(Collector Surguja_IDA),71,22922984.0
CONST:SARGUJA(ST),IDA:Balrampur-Ramanujganj(District Collector BALRAMPUR_IDA),19,15942146.0
CONST:SARGUJA(ST),IDA:SURAJPUR(DISTRICT COLLECTOR Surajpur_IDA),62,13202777.0
CONST:SARGUJA(ST),IDA:Sarangarh-Bilaigarh(Collector SB_IDA),1,500000.0
MP:C R Patil,CONST:NAVSARI,203,48358530.0
CONST:NAVSARI,IDA:NAVSARI(DISTRICT COLLECTOR NAVSARI_IDA),200,46770776.0
IDA:NAVSARI(DISTRICT COLLECTOR NAVSARI_IDA),CONST:VALSAD(ST),6,1699200.0
MP:K Subbarayan,CONST:TIRUPPUR,54,58530896.0
CONST:TIRUPPUR,IDA:TIRUPPUR(DISTRICT COLLECTOR TIRUPPUR_IDA),40,38643996.0
CONST:TIRUPPUR,IDA:ERODE(DISTRICT_COLLECTORE_ERODE_IDA),14,19886900.0
IDA:TIRUPPUR(DISTRICT COLLECTOR TIRUPPUR_IDA),CONST:NILGIRIS(SC),8,8044673.0
IDA:TIRUPPUR(DISTRICT COLLECTOR TIRUPPUR_IDA),CONST:ERODE,9,5160421.0
IDA:TIRUPPUR(DISTRICT COLLECTOR TIRUPPUR_IDA),CONST:COIMBATORE,2,1899965.0
IDA:TIRUPPUR(DISTRICT COLLECTOR TIRUPPUR_IDA),CONST:POLLACHI,5,4900000.0
IDA:ERODE(DISTRICT_COLLECTORE_ERODE_IDA),CONST:NILGIRIS(SC),12,11659597.0
IDA:ERODE(DISTRICT_COLLECTORE_ERODE_IDA),CONST:ERODE,37,29542689.0
IDA:RANCHI(DEPUTY COMMISSIONER RANCHI_IDA),CONST:RANCHI,73,48876600.0
IDA:RANCHI(DEPUTY COMMISSIONER RANCHI_IDA),CONST:LOHARDAGA(ST),19,24499500.0
MP:Rodmal Nagar,CONST:RAJGARH,112,48678603.0
CONST:RAJGARH,IDA:RAJGARH(DISTRICT COLLECTOR RAJGARH_IDA),112,48678603.0
IDA:Mahisagar(COLLECTOR MAHISAGAR_IDA),CONST:PANCHMAHAL,30,3250000.0
MP:BAG MITALI,CONST:ARAMBAG(SC),77,40475237.0
CONST:ARAMBAG(SC),IDA:Paschim Medinipur(DISTRICT MAGISTRATE PASCHIM MEDINIPUR_IDA),18,7351615.0
MP:GM Harish Balayogi,CONST:AMALAPURAM(SC),16,37966597.0
CONST:AMALAPURAM(SC),IDA:Dr. B.R. Ambedkar Konaseema(DISTRICT COLLECTOR Dr B R AMBEDKAR KONASEEMA_IDA),15,35966597.0
CONST:AMALAPURAM(SC),IDA:Kakinada(DISTRICT COLLECTOR KAKINADA_IDA),1,2000000.0
IDA:Paschim Medinipur(DISTRICT MAGISTRATE PASCHIM MEDINIPUR_IDA),CONST:GHATAL,121,54246774.0
IDA:Paschim Medinipur(DISTRICT MAGISTRATE PASCHIM MEDINIPUR_IDA),CONST:MEDINIPUR,13,31812152.0
MP:CHHOTELAL,CONST:ROBERTSGANJ(SC),185,45473887.0
CONST:ROBERTSGANJ(SC),IDA:CHANDAULI(DISTRICT MAGISTRATE CHANDAULI_IDA),92,14827997.0
CONST:ROBERTSGANJ(SC),IDA:SONBHADRA(DISTRICT MAGISTRATE SONBHADRA_IDA),93,30645890.0
IDA:CHANDAULI(DISTRICT MAGISTRATE CHANDAULI_IDA),CONST:CHANDAULI,6,25100272.0
MP:Arvind Dharmapuri,CONST:NIZAMABAD,410,145142241.0
CONST:NIZAMABAD,IDA:NIZAMABAD(DISTRICT COLLECTOR NIZAMABAD_IDA),250,89317050.0
CONST:NIZAMABAD,IDA:Jagitial(DISTRICT COLLECTOR JAGTIAL_IDA),160,55825191.0
IDA:Jagitial(DISTRICT COLLECTOR JAGTIAL_IDA),CONST:KARIMNAGAR,13,3249999.0
IDA:Jagitial(DISTRICT COLLECTOR JAGTIAL_IDA),CONST:PEDDAPALLE,4,1000000.0
MP:Omprakash Bhupalsinh Alias Pawan Rajenimbalkar,CONST:OSMANABAD,23,15126843.0
CONST:OSMANABAD,IDA:Dharashiv(DISTRICT COLLECTOR OSMANABAD_IDA),17,11929824.0
CONST:OSMANABAD,IDA:LATUR(DISTRICT COLLECTOR LATUR_IDA),2,1397913.0
MP:Smt Harsimrat Kaur Badal,CONST:BHATINDA,132,49126313.0
CONST:BHATINDA,IDA:MANSA(DEPUTY COMMISSIONER MANSA_IDA),72,25785310.0
CONST:BHATINDA,IDA:BATHINDA(DEPUTY COMMISSIONER BHATINDA_IDA),43,16431229.0
IDA:MANSA(DEPUTY COMMISSIONER MANSA_IDA),CONST:JALANDHAR(SC),2,699966.0
IDA:KOLKATA(COMMISSIONER KOLKATA MUNICIPAL CORPORATION_IDA),CONST:KOLKATA DAKSHIN,44,54069182.0
IDA:KOLKATA(COMMISSIONER KOLKATA MUNICIPAL CORPORATION_IDA),CONST:KOLKATA UTTAR,17,27467416.0
IDA:KOLKATA(COMMISSIONER KOLKATA MUNICIPAL CORPORATION_IDA),CONST:JADAVPUR,20,14397491.0
MP:DR. LATA WANKHEDE,CONST:SAGAR,75,52990867.0
CONST:SAGAR,IDA:SAGAR(DISTRICT COLLECTOR SAGAR_IDA),49,35045093.0
CONST:SAGAR,IDA:VIDISHA(District Collector Vidisha_IDA),26,17945774.0
IDA:SAGAR(DISTRICT COLLECTOR SAGAR_IDA),CONST:DAMOH,26,7871906.0
MP:K. C VENUGOPAL,CONST:ALAPPUZHA,15,20303972.0
CONST:ALAPPUZHA,IDA:ALAPPUZHA(DISTRICT COLLECTOR ALAPPUZHA_IDA),13,17403972.0
MP:Smt Sajda Ahmed,CONST:ULUBERIA,80,37325057.0
CONST:ULUBERIA,IDA:HOWRAH(DISTRICT MAGISTRATE HOWRAH_IDA),80,37325057.0
IDA:HOWRAH(DISTRICT MAGISTRATE HOWRAH_IDA),CONST:SREERAMPUR,9,9527963.0
IDA:HOWRAH(DISTRICT MAGISTRATE HOWRAH_IDA),CONST:HOWRAH,17,19588495.0
MP:HARENDRA SINGH MALIK,CONST:MUZAFFARNAGAR,81,47681299.0
CONST:MUZAFFARNAGAR,IDA:MUZAFFARNAGAR(DISTRICT MAGISTRATE MUZAFFARNAGAR_IDA),70,38243099.0
CONST:MUZAFFARNAGAR,IDA:MEERUT(DISTRICT MAGISTRATE MEERUT_IDA),11,9438200.0
IDA:MUZAFFARNAGAR(DISTRICT MAGISTRATE MUZAFFARNAGAR_IDA),CONST:BIJNOR,26,21791293.0
MP:MANNA LAL RAWAT,CONST:UDAIPUR(ST),35,35708292.0
CONST:UDAIPUR(ST),IDA:Salumbar(DISTRICT COLLECTOR Salumbar_IDA),3,1793000.0
CONST:UDAIPUR(ST),IDA:PRATAPGARH(DISTRICT COLLECTOR PRATAPGARH_IDA),6,3200000.0
CONST:UDAIPUR(ST),IDA:UDAIPUR(DISTRICT COLLECTOR UDAIPUR_IDA),13,14729338.0
CONST:UDAIPUR(ST),IDA:DUNGARPUR(DISTRICT COLLECTOR DUNGARPUR_IDA),13,15985954.0
MP:RAHUL SINGH LODHI,CONST:DAMOH,110,33053637.0
CONST:DAMOH,IDA:DAMOH(DISTRICT COLLECTOR DAMOH_IDA),76,23290670.0
CONST:DAMOH,IDA:CHHATARPUR(District Collector Chhatarpur_IDA),8,1891061.0
MP:Pradan Baruah,CONST:LAKHIMPUR,65,38000000.0
CONST:LAKHIMPUR,IDA:DHEMAJI(DEPUTY COMMISSIONER DHEMAJI_IDA),38,23950000.0
CONST:LAKHIMPUR,IDA:LAKHIMPUR(DEPUTY COMMISSIONER LAKHIMPUR_IDA),17,10850000.0
CONST:LAKHIMPUR,IDA:TINSUKIA(DC Tinsukia),10,3200000.0
MP:Dileshwar Kamait,CONST:SUPAUL,44,58072940.0
CONST:SUPAUL,IDA:SUPAUL(DISTRICT PLANNING OFFICER SUPAUL_IDA),43,56701336.0
CONST:SUPAUL,IDA:MADHEPURA(DISTRICT PLANNING OFFICER MADHEPURA_IDA),1,1371604.0
IDA:Khandwa (East Nimar)(DISTRICT COLLECTOR EAST NIMAR_IDA),CONST:BETUL(ST),11,2096006.0
MP:SACHITHANANTHAM R,CONST:DINDIGUL,33,45526343.0
CONST:DINDIGUL,IDA:DINDIGUL(DISTRICT COLLECTOR DINDIGUL_IDA),33,45526343.0
IDA:DINDIGUL(DISTRICT COLLECTOR DINDIGUL_IDA),CONST:KARUR,4,3668492.0
IDA:Kakinada(DISTRICT COLLECTOR KAKINADA_IDA),CONST:KAKINADA,11,16720164.0
MP:SHOBHANABEN MAHENDRASINH BARAIYA,CONST:SABARKANTHA,131,43596000.0
CONST:SABARKANTHA,IDA:SABAR KANTHA(DISTRICT COLLECTOR SABARKANTHA_IDA),69,24196000.0
CONST:SABARKANTHA,IDA:ARVALLI(DISTRICT COLLECTOR ARVALLI_IDA),62,19400000.0
MP:ROOP KUMARI CHOUDHARY,CONST:MAHASAMUND,77,44613836.0
CONST:MAHASAMUND,IDA:MAHASAMUND(DISTRICT COLLECTOR MAHASAMUND_IDA),55,34313836.0
CONST:MAHASAMUND,IDA:GARIYABAND(Collectro Gariaband_IDA),21,9300000.0
CONST:MAHASAMUND,IDA:DHAMTARI(DISTRICT COLLECTOR DHAMTARI_IDA),1,1000000.0
MP:Smt Raksha Nikhil Khadse,CONST:RAVER,2,3914664.0
CONST:RAVER,IDA:JALGAON(DISTRICT COLLECTOR JALGAON_IDA),2,3914664.0
IDA:JALGAON(DISTRICT COLLECTOR JALGAON_IDA),CONST:JALGAON,10,16031266.0
MP:PRIYA SAROJ,CONST:MACHHLISHAHR(SC),1020,44704772.0
CONST:MACHHLISHAHR(SC),IDA:JAUNPUR(DISTRICT MAGISTRATE JAUNPUR_IDA),793,36452272.0
CONST:MACHHLISHAHR(SC),IDA:VARANASI(DISTRICT MAGISTRAE VARANASI_IDA),227,8252500.0
IDA:JAUNPUR(DISTRICT MAGISTRATE JAUNPUR_IDA),CONST:JAUNPUR,537,33625655.0
MP:Bhagirath Chaudhary,CONST:AJMER,43,31611205.0
CONST:AJMER,IDA:AJMER(DISTRICT COLLECTOR AJMER_IDA),26,20772514.0
CONST:AJMER,IDA:Kekri(DISTRICT COLLECTOR Kekri_IDA),13,7382028.0
CONST:AJMER,IDA:Dudu(DISTRICT COLLECTOR Dudu_IDA),3,2457063.0
CONST:AJMER,IDA:Beawar(DISTRICT COLLECTOR Beawar_IDA),1,999600.0
MP:Balashowry Vallabbhaneni,CONST:MACHILIPATNAM,18,16283559.0
CONST:MACHILIPATNAM,IDA:KRISHNA(DISTRICT COLLECTOR KRISHNA_IDA),17,16033559.0
CONST:MACHILIPATNAM,"IDA:EAST GODAVARI(DISTRICT COLLECTOR, EAST GODAVARI)",1,250000.0
MP:Shri Jual Oram,CONST:SUNDARGARH (ST),115,69788256.0
CONST:SUNDARGARH (ST),IDA:Sundaragada(DISTRICT COLLECTOR SUNDARGARH_IDA),115,69788256.0
MP:DR C N MANJUNATH,CONST:BANGALORE RURAL,95,44564113.0
CONST:BANGALORE RURAL,IDA:Bengaluru South(DEPUTY COMMISSIONER RAMANAGARA_IDA),74,34292116.0
CONST:BANGALORE RURAL,IDA:TUMAKURU(DEPUTY COMMISSIONER TUMKUR_IDA),8,3780000.0
CONST:BANGALORE RURAL,IDA:HASSAN(DEPUTY COMMISSIONER HASSAN_IDA),1,1000000.0
IDA:Bengaluru South(DEPUTY COMMISSIONER RAMANAGARA_IDA),CONST:CHIKBALLAPUR,2,1600000.0
MP:Alok Kumar Suman,CONST:GOPALGANJ (SC),38,39245507.0
CONST:GOPALGANJ (SC),IDA:GOPALGANJ(DISTRICT PLANNING OFFICER GOPALGANJ_IDA),38,39245507.0
MP:S SUPONGMEREN JAMIR,CONST:NAGALAND,39,98000000.0
CONST:NAGALAND,IDA:MOKOKCHUNG(Deputy Commissioner Mokokchung_IDA),19,56062380.0
CONST:NAGALAND,IDA:KOHIMA(DEPUTY COMMISIONER_7),6,22800000.0
CONST:NAGALAND,IDA:DIMAPUR(DEPUTY COMMISSIONER DIMAPUR_IDA),4,10700000.0
CONST:NAGALAND,IDA:Chumoukedima(Deputy Commissioner Chumoukedima_IDA),6,6600000.0
CONST:NAGALAND,IDA:PEREN(Deputy Commissioner Peren_IDA),2,250000.0
CONST:NAGALAND,IDA:MON(Deputy Commissioner Mon_IDA),1,1087620.0
CONST:NAGALAND,IDA:PHEK(Deputy Commissioner Phek_IDA),1,500000.0
MP:Chandra Prakash Joshi,CONST:CHITTORGARH,10,4193529.0
CONST:CHITTORGARH,IDA:CHITTORGARH(DISTRICT COLLECTOR CHITTORGARH_IDA),8,3646389.0
CONST:CHITTORGARH,IDA:UDAIPUR(DISTRICT COLLECTOR UDAIPUR_IDA),1,400000.0
CONST:CHITTORGARH,IDA:PRATAPGARH(DISTRICT COLLECTOR PRATAPGARH_IDA),1,147140.0
IDA:CHITTORGARH(DISTRICT COLLECTOR CHITTORGARH_IDA),CONST:BIKANER(SC),1,1000000.0
MP:MANJU SHARMA,CONST:JAIPUR,15,17897015.0
CONST:JAIPUR,IDA:JAIPUR(DISTRICT COLLECTOR JAIPUR_IDA),15,17897015.0
IDA:JAIPUR(DISTRICT COLLECTOR JAIPUR_IDA),CONST:FARIDABAD,1,2100000.0
MP:Andimuthu Raja,CONST:NILGIRIS(SC),48,44709830.0
CONST:NILGIRIS(SC),IDA:COIMBATORE(DISTRICT COLLECTOR COIMBATORE_IDA),10,13044920.0
CONST:NILGIRIS(SC),IDA:THE NILGIRIS(DISTRICT COLLECTOR NILGIRIS_IDA),18,11960640.0
IDA:COIMBATORE(DISTRICT COLLECTOR COIMBATORE_IDA),CONST:POLLACHI,12,12216294.0
IDA:COIMBATORE(DISTRICT COLLECTOR COIMBATORE_IDA),CONST:COIMBATORE,6,27476000.0
MP:RAJ KUMAR ROAT,CONST:BANSWARA(ST),47,52809967.0
CONST:BANSWARA(ST),IDA:DUNGARPUR(DISTRICT COLLECTOR DUNGARPUR_IDA),34,35130517.0
CONST:BANSWARA(ST),IDA:BANSWARA(DISTRICT COLLECTOR BANSWARA_IDA),13,17679450.0
IDA:DEORIA(DISTRICT MAGISTRATE DEORIA),CONST:SALEMPUR,34,18100045.0
MP:MANOJ KUMAR,CONST:SASARAM(SC),33,30561445.0
MP:MADHAVANENI RAGHUNANDAN RAO,CONST:MEDAK,61,40723529.0
CONST:MEDAK,IDA:SIDDIPET(District Collector Siddipet_IDA),42,25163282.0
CONST:MEDAK,IDA:MEDAK(COLLECTOR MEDAK DISTRICT),9,5854875.0
CONST:MEDAK,IDA:SANGAREDDY(District Collector Sangareddy_IDA),10,9705372.0
IDA:SIDDIPET(District Collector Siddipet_IDA),CONST:BHONGIR,23,2300000.0
IDA:SIDDIPET(District Collector Siddipet_IDA),CONST:KARIMNAGAR,23,4250000.0
IDA:SIDDIPET(District Collector Siddipet_IDA),CONST:MAHABUBABAD,1,998000.0
MP:D Ravikumar,CONST:VILUPPURAM(SC),101,62347362.0
CONST:VILUPPURAM(SC),IDA:KALLAKURICHI(District Collector Kallakurichi_IDA),22,7650000.0
IDA:BUNDI(DISTRICT COLLECTOR BUNDI_IDA),CONST:BHILWARA,5,2498758.0
MP:Jyotsna Charandas Mahant,CONST:KORBA,136,45938592.0
CONST:KORBA,IDA:KORBA(Collector-Korba),92,31810463.0
CONST:KORBA,IDA:Gaurela-Pendra-Marwahi(Collector GPM_IDA),40,12828129.0
CONST:KORBA,IDA:Manendragarh-Chirmiri-Bharatpur(M C B)(Collector MCB_IDA),3,1000000.0
CONST:KORBA,IDA:KOREA(Collector Korea_IDA),1,300000.0
IDA:Gaurela-Pendra-Marwahi(Collector GPM_IDA),CONST:BILASPUR,2,1494082.0
MP:MURASOLI S,CONST:THANJAVUR,32,54179770.0
CONST:THANJAVUR,IDA:THANJAVUR(DISTRICT COLLECTOR THANJAVUR_IDA),27,47659899.0
CONST:THANJAVUR,IDA:THIRUVARUR(DISTRICT COLLECTOR THIRUVARUR_IDA),5,6519871.0
IDA:THANJAVUR(DISTRICT COLLECTOR THANJAVUR_IDA),CONST:MAYILADUTHURAI,10,6898000.0
MP:Shri Karti P Chidambaram,CONST:SIVAGANGA,73,52943423.0
CONST:SIVAGANGA,IDA:SIVAGANGA(DISTRICT COLLECTOR SIVAGANGA_IDA),55,42292665.0
CONST:SIVAGANGA,IDA:PUDUKKOTTAI(DISTRICT COLLECTOR PUDUKKOTTAI_IDA),18,10650758.0
MP:NALIN SOREN,CONST:DUMKA(ST),169,54500000.0
CONST:DUMKA(ST),IDA:DUMKA(DEPUTY COMMISSIONER DUMKA_IDA),70,26300000.0
CONST:DUMKA(ST),IDA:JAMTARA(Deputy Commissioner Jamtara_IDA),79,22200000.0
CONST:DUMKA(ST),IDA:DEOGHAR(DEPUTY COMMISSIONER DEOGHAR_IDA),20,6000000.0
IDA:ETAH(DISTRICT MAGISTRATE ETAH_IDA),CONST:FARRUKHABAD,31,10098268.0
IDA:ETAH(DISTRICT MAGISTRATE ETAH_IDA),CONST:ETAH,66,15883774.0
IDA:THIRUVARUR(DISTRICT COLLECTOR THIRUVARUR_IDA),CONST:NAGAPATTINAM(SC),19,14605363.0
MP:NARAYAN DAS AHIRWAR,CONST:JALAUN(SC),151,36103216.80000001
CONST:JALAUN(SC),IDA:JALAUN(DISTRICT MAGISTRATE JALAUN_IDA),115,27945000.0
CONST:JALAUN(SC),IDA:KANPUR DEHAT(DISTRICT MAGISTRATE KANPUR DEHAT_IDA),20,4777432.800000001
IDA:KANPUR DEHAT(DISTRICT MAGISTRATE KANPUR DEHAT_IDA),CONST:ETAWAH(SC),32,9988500.0
IDA:KANPUR DEHAT(DISTRICT MAGISTRATE KANPUR DEHAT_IDA),CONST:KANNAUJ,2,2528200.0
MP:RAMASHANKAR RAJBHAR,CONST:SALEMPUR,89,40793312.0
CONST:SALEMPUR,IDA:BALLIA(DISTRICT MAGISTRAE BALLIA_IDA),55,22693267.0
MP:NEERAJ MAURYA,CONST:AONLA,3,69875200.0
CONST:AONLA,IDA:BUDAUN(DISTRICT MAGISTRATE BUDAUN_IDA),3,69875200.0
IDA:BUDAUN(DISTRICT MAGISTRATE BUDAUN_IDA),CONST:BADAUN,58,38178573.0
MP:GURMEET SINGH MEET HAYER,CONST:SANGRUR,80,17939239.0
CONST:SANGRUR,IDA:BARNALA(DEPUTY COMMISSIONER BARNALA_IDA),73,15889239.0
CONST:SANGRUR,IDA:MALERKOTLA(Deputy Commissioner Malerkotla_IDA),1,600000.0
CONST:SANGRUR,IDA:SANGRUR(DEPUTY COMMISSIONER SANGRUR_IDA),6,1450000.0
MP:Kakoli Ghosh Dastidar,CONST:BARASAT,84,63148245.0
CONST:BARASAT,IDA:MURSHIDABAD(DISTRICT MAGISTRATE MURSHIDABAD_IDA),1,2382939.0
MP:RAMESH AWASTHI,CONST:KANPUR,1,3831541.0
CONST:KANPUR,IDA:KANPUR NAGAR(DISTRICT MAGISTRAE KANPUR NAGAR_IDA),1,3831541.0
IDA:KANPUR NAGAR(DISTRICT MAGISTRAE KANPUR NAGAR_IDA),CONST:AKBARPUR,66,47218895.0
IDA:KANPUR NAGAR(DISTRICT MAGISTRAE KANPUR NAGAR_IDA),CONST:MISRIKH(SC),1,47472048.0
MP:Pradyut Bordoloi,CONST:NOWGONG,89,42596000.0
CONST:NOWGONG,IDA:NAGAON(DEPUTY COMMISSIONER NOWGONG_IDA),40,19706000.0
CONST:NOWGONG,IDA:MARIGAON(District Development Commissioner Morigaon),49,22890000.0
MP:DR. RAJ KUMAR CHABBEWAL,CONST:HOSHIARPUR(SC),79,33517653.0
CONST:HOSHIARPUR(SC),IDA:HOSHIARPUR(DEPUTY COMMISSIONER HOSHIARPUR_IDA),74,30444806.0
CONST:HOSHIARPUR(SC),IDA:KAPURTHALA(DEPUTY COMMISSIONER KAPURTHALA_IDA),5,3072847.0
MP:PARSHOTTAMBHAI RUPALA,CONST:RAJKOT,55,26565821.0
CONST:RAJKOT,IDA:RAJKOT(DISTRICT COLLECTOR RAJKOT_IDA),41,20065821.0
CONST:RAJKOT,IDA:MORBI(District collector Morbi_IDA),14,6500000.0
IDA:RAJKOT(DISTRICT COLLECTOR RAJKOT_IDA),CONST:PORBANDAR,58,17638529.0
IDA:MORBI(District collector Morbi_IDA),CONST:SURENDRANAGAR,26,7756397.0
MP:Giridhari Yadav,CONST:BANKA,40,49674091.0
CONST:BANKA,IDA:BHAGALPUR(DISTRICT PLANNING OFFICER BHAGALPUR_IDA),21,26601105.0
CONST:BANKA,IDA:BANKA(DISTRICT PLANNING OFFICER BANKA_IDA),19,23072986.0
IDA:BHAGALPUR(DISTRICT PLANNING OFFICER BHAGALPUR_IDA),CONST:BHAGALPUR,15,15898477.0
MP:ABHIJIT GANGOPADHYAY,CONST:TAMLUK,85,29365012.78
CONST:TAMLUK,IDA:Purba Medinipur(DISTRICT MAGISTRATE PURBA MEDINIPUR_IDA),85,29365012.78
IDA:Purba Medinipur(DISTRICT MAGISTRATE PURBA MEDINIPUR_IDA),CONST:KANTHI,41,48521123.0
MP:Sasikanth Senthil,CONST:TIRUVALLUR(SC),83,43581288.0
CONST:TIRUVALLUR(SC),IDA:THIRUVALLUR(DISTRICT COLLECTOR TIRUVALLUR_IDA),83,43581288.0
IDA:THIRUVALLUR(DISTRICT COLLECTOR TIRUVALLUR_IDA),CONST:ARAKKONAM,9,9447804.0
IDA:THIRUVALLUR(DISTRICT COLLECTOR TIRUVALLUR_IDA),CONST:SRIPERUMBUDUR,1,2500000.0
MP:DR DHARAMVIRA GANDHI,CONST:PATIALA,61,14853237.0
CONST:PATIALA,IDA:PATIALA(DEPUTY COMMISSIONER PATIALA_IDA),58,14003237.0
CONST:PATIALA,IDA:S.A.S Nagar(DEPUTY COMMISSIONER SAHIBZADA AJIT SINGH NAGAR MOHALI_IDA),2,350000.0
CONST:PATIALA,IDA:LUDHIANA(DEPUTY COMMISSIONER LUDHIANA_IDA),1,500000.0
MP:Shri Kumbakudi Sudhakaran,CONST:KANNUR,68,28364105.0
CONST:KANNUR,IDA:KANNUR(DISTRICT COLLECTOR KANNUR_IDA),68,28364105.0
IDA:KANNUR(DISTRICT COLLECTOR KANNUR_IDA),CONST:KASARAGOD,2,900000.0
IDA:KANNUR(DISTRICT COLLECTOR KANNUR_IDA),CONST:VADAKARA,17,7600000.0
MP:V S Matheswaran,CONST:NAMAKKAL,67,48903782.0
CONST:NAMAKKAL,IDA:NAMAKKAL(DISTRICT COLLECTOR NAMAKKAL_IDA),54,39457417.0
CONST:NAMAKKAL,IDA:SALEM(DISTRICT COLLECTOR SALEM_IDA),13,9446365.0
IDA:NAMAKKAL(DISTRICT COLLECTOR NAMAKKAL_IDA),CONST:ERODE,2,2965985.0
MP:KARAN BHUSHAN SINGH,CONST:KAISERGANJ,31,45529023.0
CONST:KAISERGANJ,IDA:GONDA(DISTRICT MAGISTRATE GONDA_IDA),23,32799718.0
CONST:KAISERGANJ,IDA:BAHRAICH(DISTRICT MAGISTRAE BAHRAICH_IDA),8,12729305.0
IDA:GONDA(DISTRICT MAGISTRATE GONDA_IDA),CONST:GONDA,44,36502345.0
MP:BACHHAV SHOBHA DINESH,CONST:DHULE,40,40230794.0
CONST:DHULE,IDA:DHULE(DISTRICT COLLECTOR DHULE_IDA),26,26230794.0
CONST:DHULE,IDA:NASHIK(DISTRICT COLLECTOR NASHIK_IDA),14,14000000.0
MP:Ganesan Selvam,CONST:KANCHEEPURAM(SC),222,75900425.0
CONST:KANCHEEPURAM(SC),IDA:Kancheepuram(DISTRICT COLLECTOR KANCHEEPURAM_IDA),47,34451450.0
CONST:KANCHEEPURAM(SC),IDA:CHENGALPATTU(District Collector Chengalpattu_IDA),175,41448975.0
IDA:Kancheepuram(DISTRICT COLLECTOR KANCHEEPURAM_IDA),CONST:SRIPERUMBUDUR,19,32650276.0
MP:SHIVMANGAL SINGH TOMAR,CONST:MORENA,52,23472294.0
CONST:MORENA,IDA:SHEOPUR(District Collector Sheopur_IDA),51,22972294.0
CONST:MORENA,IDA:MORENA(DISTRICT COLLECTOR MORENA_IDA),1,500000.0
MP:Hasmukh Bhai Soma Bhai Patel,CONST:AHMEDABAD EAST,50,36790278.0
CONST:AHMEDABAD EAST,IDA:Ahmedabad(DISTRICT COLLECTOR AHMADABAD_IDA),5,10499505.0
CONST:AHMEDABAD EAST,IDA:GANDHINAGAR(DISTRICT COLLECTOR GANDHINAGAR_IDA),44,25800773.0
CONST:AHMEDABAD EAST,IDA:MAHESANA(DISTRICT COLLECTOR MAHESANA_IDA),1,490000.0
IDA:Ahmedabad(DISTRICT COLLECTOR AHMADABAD_IDA),CONST:KHEDA,16,4477263.0
IDA:Ahmedabad(DISTRICT COLLECTOR AHMADABAD_IDA),CONST:SURENDRANAGAR,19,6484220.0
IDA:Ahmedabad(DISTRICT COLLECTOR AHMADABAD_IDA),CONST:AHMEDABAD WEST(SC),47,29373210.0
IDA:Ahmedabad(DISTRICT COLLECTOR AHMADABAD_IDA),CONST:GANDHINAGAR,2,400000.0
MP:K RADHAKRISHNAN,CONST:ALATHUR(SC),68,42469493.0
CONST:ALATHUR(SC),IDA:THRISSUR(DISTRICT COLLECTOR THRISSUR_IDA),15,20509028.0
CONST:ALATHUR(SC),IDA:PALAKKAD(DISTRICT COLLECTOR PALAKKAD_IDA),53,21960465.0
IDA:THRISSUR(DISTRICT COLLECTOR THRISSUR_IDA),CONST:CHALAKUDY,27,12373072.0
IDA:THRISSUR(DISTRICT COLLECTOR THRISSUR_IDA),CONST:THRISSUR,19,23883249.0
MP:Shri Hanuman Beniwal,CONST:NAGAUR,156,42252197.0
CONST:NAGAUR,IDA:NAGAUR(DISTRICT COLLECTOR NAGAUR_IDA),156,42252197.0
IDA:NAGAUR(DISTRICT COLLECTOR NAGAUR_IDA),CONST:BIKANER(SC),1,600000.0
IDA:NAGAUR(DISTRICT COLLECTOR NAGAUR_IDA),CONST:RAJSAMAND,10,8386441.0
MP:RAHUL GANDHI,CONST:RAE BARELI,103,11877675.0
CONST:RAE BARELI,IDA:RAE BARELI(DISTRICT MAGISTRATE RAE BARELI_IDA),103,11877675.0
IDA:RAE BARELI(DISTRICT MAGISTRATE RAE BARELI_IDA),CONST:AMETHI,4,10511124.0
MP:AWADHESH PRASAD,CONST:FAIZABAD,34,47570075.0
MP:CHANDRA SHEKHAR,CONST:NAGINA(SC),168,48615122.0
CONST:NAGINA(SC),IDA:BIJNOR(DISTRICT MAGISTRATE BIJNOR_IDA),168,48615122.0
IDA:BIJNOR(DISTRICT MAGISTRATE BIJNOR_IDA),CONST:BIJNOR,21,16730100.0
IDA:BIJNOR(DISTRICT MAGISTRATE BIJNOR_IDA),CONST:MORADABAD,47,11317904.0
MP:RAJESH RANJAN ALIAS PAPPU YADAV,CONST:PURNEA,46,47774818.0
CONST:PURNEA,IDA:PURNIA(DISTRICT PLANNING OFFICER PURNIA_IDA),46,47774818.0
IDA:PURNIA(DISTRICT PLANNING OFFICER PURNIA_IDA),CONST:KISHANGANJ,22,13970000.0
MP:Smt Himadri Singh,CONST:SHAHDOL (ST),76,41948262.0
CONST:SHAHDOL (ST),IDA:ANUPPUR(DISTRICT COLLECTOR ANUPPUR_IDA),34,21090905.0
CONST:SHAHDOL (ST),IDA:SHAHDOL(District Collector Shahdol_IDA),21,12512271.0
CONST:SHAHDOL (ST),IDA:KATNI(District Collector Katni_IDA),2,1300000.0
CONST:SHAHDOL (ST),IDA:UMARIA(District Collector Umariya_IDA),19,7045086.0
MP:RAKIBUL HUSSAIN,CONST:DHUBRI,62,32499919.0
CONST:DHUBRI,IDA:DHUBRI(DEPUTY COMMISSIONER DHUBRI_IDA),29,15049919.0
CONST:DHUBRI,IDA:BONGAIGAON(Deputy Commissioner Bongaigaon_IDA),4,2400000.0
CONST:DHUBRI,IDA:SOUTH SALMARA MANCACHAR(Deputy Commissioner South Salmara Mankachar_IDA),8,4300000.0
CONST:DHUBRI,IDA:BARPETA(DEPUTY COMMISSIONER BARPETA 1),7,3250000.0
CONST:DHUBRI,IDA:LAKHIMPUR(DEPUTY COMMISSIONER LAKHIMPUR_IDA),1,500000.0
MP:Bharatsinhji Shankarji Dabhi,CONST:PATAN,137,44890716.0
CONST:PATAN,IDA:MAHESANA(DISTRICT COLLECTOR MAHESANA_IDA),22,7100000.0
CONST:PATAN,IDA:PATAN(DISTRICT COLLECTOR PATAN_IDA),69,20543443.0
CONST:PATAN,IDA:BANAS KANTHA(DISTRICT COLLECTOR BANAS KANTHA_IDA),46,17247273.0
IDA:MAHESANA(DISTRICT COLLECTOR MAHESANA_IDA),CONST:MAHESANA,199,40152978.0
IDA:CHENGALPATTU(District Collector Chengalpattu_IDA),CONST:SRIPERUMBUDUR,23,14036174.0
IDA:BALLIA(DISTRICT MAGISTRAE BALLIA_IDA),CONST:BALLIA,81,27084024.0
IDA:BALLIA(DISTRICT MAGISTRAE BALLIA_IDA),CONST:GHOSI,17,4210866.0
MP:ARUN GOVIL,CONST:MEERUT,73,42921202.0
CONST:MEERUT,IDA:MEERUT(DISTRICT MAGISTRATE MEERUT_IDA),65,39755318.0
CONST:MEERUT,IDA:HAPUR(DISTRICT MAGISTRATE HAPUR_IDA),8,3165884.0
IDA:MEERUT(DISTRICT MAGISTRATE MEERUT_IDA),CONST:BIJNOR,10,8228450.0
IDA:MEERUT(DISTRICT MAGISTRATE MEERUT_IDA),CONST:BAGHPAT,10,7651411.0
MP:SALENG A SANGMA,CONST:TURA,102,47950000.0
CONST:TURA,IDA:WEST GARO HILLS(DEPUTY COMMISSIONER WEST GARO HILLS_IDA),48,31000000.0
CONST:TURA,IDA:NORTH GARO HILLS(DEPUTY COMMISSIONER NORTH GARO HILLS RESUBELPARA_IDA),21,6550000.0
CONST:TURA,IDA:EAST GARO HILLS(DEPUTY COMMISSIONER EAST GARO HILLS WILLIAMNAGAR_IDA),10,4400000.0
CONST:TURA,IDA:SOUTH GARO HILLS(DEPUTY COMMISSIONER BAGHMARA_IDA),9,2500000.0
CONST:TURA,IDA:SOUTH WEST GARO HILLS(DEPUTY COMMISSIONER SOUTH WEST GARO HILLS AMPATI_IDA),14,3500000.0
MP:VINOD KUMAR BIND,CONST:BHADOHI,395,47062705.0
CONST:BHADOHI,IDA:PRAYAGRAJ(DISTRICT MAGISTRAE ALLAHABAD_IDA),140,16386938.0
CONST:BHADOHI,IDA:BHADOHI(DISTRICT MAGISTRATE BHADOHI_IDA),255,30675767.0
IDA:PRAYAGRAJ(DISTRICT MAGISTRAE ALLAHABAD_IDA),CONST:BIJNOR,1,1000000.0
IDA:PRAYAGRAJ(DISTRICT MAGISTRAE ALLAHABAD_IDA),CONST:PHULPUR,10,26709561.0
IDA:PRAYAGRAJ(DISTRICT MAGISTRAE ALLAHABAD_IDA),CONST:ALLAHABAD,2,11460000.0
MP:Shri Rajmohan Unnithan,CONST:KASARAGOD,23,9286163.0
CONST:KASARAGOD,IDA:KASARAGOD(DISTRICT COLLECTOR KASARAGOD_IDA),21,8386163.0
IDA:BONGAIGAON(Deputy Commissioner Bongaigaon_IDA),CONST:BARPETA,13,14398000.0
MP:RICHARD VANLALHMANGAIHA,CONST:MIZORAM (ST),105,48947115.0
CONST:MIZORAM (ST),IDA:KOLASIB(Deputy Commissioner Kolasib),13,9500000.0
CONST:MIZORAM (ST),IDA:AIZAWL(DEPUTY COMMISSIONER AIZAWL_IDA),22,10307115.0
CONST:MIZORAM (ST),IDA:MAMIT(DEPUTY COMMISSIONER MAMIT),34,17440000.0
CONST:MIZORAM (ST),"IDA:LUNGLEI(Deputy Commissioner, Lunglei)",9,2500000.0
CONST:MIZORAM (ST),"IDA:Siaha(Deputy Commissioner, Siaha)",19,6000000.0
CONST:MIZORAM (ST),"IDA:CHAMPHAI(DEPUTY COMMISIONER, CHAMPHAI)",8,3200000.0
MP:Shrirang Appa Barne,CONST:MAVAL,46,35246842.0
CONST:MAVAL,IDA:RAIGAD(DISTRICT COLLECTOR RAIGAD_IDA),9,8496219.0
IDA:PURULIA(DISTRICT MAGISTRATE PURULIA_IDA),CONST:BANKURA,4,6167420.0
IDA:PURULIA(DISTRICT MAGISTRATE PURULIA_IDA),CONST:PURULIA,1,401034.0
MP:ABHAY KUMAR SINHA,CONST:AURANGABAD_BR,146,71965963.0
CONST:AURANGABAD_BR,IDA:GAYA(DISTRICT PLANNING OFFICER GAYA_IDA),110,57319463.0
CONST:AURANGABAD_BR,IDA:AURANGABAD(DISTRICT PLANNING OFFICER AURANGABAD_IDA),36,14646500.0
IDA:GAYA(DISTRICT PLANNING OFFICER GAYA_IDA),CONST:GAYA (SC),151,47247067.0
MP:P C Mohan,CONST:BANGALORE CENTRAL,1,4739506.0
MP:S. Jagathrakshakan,CONST:ARAKKONAM,34,34610212.0
CONST:ARAKKONAM,"IDA:Ranipet(District Collector, Ranipet_2)",25,25162408.0
MP:ARUN NEHRU,CONST:PERAMBALUR,26,48869068.0
CONST:PERAMBALUR,IDA:TIRUCHIRAPPALLI(DISTRICT COLLECTOR TIRUCHIRAPPALLI_IDA),12,29860524.0
CONST:PERAMBALUR,IDA:PERAMBALUR(DISTRICT COLLECTOR PERAMBALUR_IDA),13,14535000.0
CONST:PERAMBALUR,IDA:KARUR(DISTRICT COLLECTOR KARUR_IDA),1,4473544.0
IDA:TIRUCHIRAPPALLI(DISTRICT COLLECTOR TIRUCHIRAPPALLI_IDA),CONST:TIRUCHIRAPPALLI,20,26045739.0
IDA:TIRUCHIRAPPALLI(DISTRICT COLLECTOR TIRUCHIRAPPALLI_IDA),CONST:KARUR,2,2634500.0
MP:Piyush Vedprakash Goyal,CONST:MUMBAI NORTH,27,49000000.0
CONST:MUMBAI NORTH,IDA:MUMBAI SUBURBAN(DISTRICT COLLECTOR MUMBAI SUBURBAN_IDA),27,49000000.0
IDA:MUMBAI SUBURBAN(DISTRICT COLLECTOR MUMBAI SUBURBAN_IDA),CONST:MUMBAI NORTH WEST,17,32500000.0
IDA:MUMBAI SUBURBAN(DISTRICT COLLECTOR MUMBAI SUBURBAN_IDA),CONST:MUMBAI NORTH-CENTRAL,31,48000000.0
IDA:JALNA(DISTRICT COLLECTOR JALNA_IDA),CONST:JALNA,20,19500000.0
MP:PUSHPENDRA SAROJ,CONST:KAUSHAMBI(SC),400,25822600.0
CONST:KAUSHAMBI(SC),IDA:KAUSHAMBI(DISTRICT MAGISTRAE KAUSHAMBI_IDA),238,17594406.0
CONST:KAUSHAMBI(SC),IDA:PRATAPGARH(DISTRICT MAGISTRAE PRATAPGARH_IDA),162,8228194.0
IDA:VIDISHA(District Collector Vidisha_IDA),CONST:VIDISHA,21,11443125.0
MP:Shripad Yesso Naik,CONST:NORTH GOA,21,11289949.0
CONST:NORTH GOA,IDA:NORTH GOA(DISTRICT COLLECTOR NORTH GOA_IDA),21,11289949.0
MP:JYOTIRADITYA M. SCINDIA,CONST:GUNA,49,48742727.0
CONST:GUNA,IDA:SHIVPURI(District Collector Shivpuri_IDA),20,18034764.0
CONST:GUNA,IDA:GUNA(District Collector Guna_IDA),15,13117434.0
CONST:GUNA,IDA:ASHOKNAGAR(DISTRICT COLLECTOR ASHOKNAGAR_IDA),14,17590529.0
MP:Adv Dean Kuriakose,CONST:IDUKKI,114,72617097.0
CONST:IDUKKI,IDA:IDUKKI(DISTRICT COLLECTOR IDUKKI_IDA),54,56506886.0
MP:Santosh Pandey,CONST:RAJNANDGAON,14,7639363.0
CONST:RAJNANDGAON,IDA:Mohla-Manpur-Ambagarh Chouki(Collector MMC_IDA),1,2499475.0
CONST:RAJNANDGAON,IDA:RAJNANDGAON(DISTRICT COLLECTOR RAJNANDGAON_IDA),13,5139888.0
MP:ANUP SANJAY DHOTRE,CONST:AKOLA,53,51071749.0
CONST:AKOLA,IDA:AKOLA(DISTRICT COLLECTOR AKOLA_IDA),53,51071749.0
MP:Lavu Sri Krishna Devarayalu,CONST:NARASARAOPET,1,416758.0
CONST:NARASARAOPET,IDA:GUNTUR(DISTRICT COLLECTOR GUNTUR_IDA),1,416758.0
IDA:GUNTUR(DISTRICT COLLECTOR GUNTUR_IDA),CONST:GUNTUR,21,32056054.0
MP:DR KALGE SHIVAJI BANDAPPA,CONST:LATUR(SC),34,29333651.0
CONST:LATUR(SC),IDA:LATUR(DISTRICT COLLECTOR LATUR_IDA),28,25762598.0
CONST:LATUR(SC),IDA:NANDED(DISTRICT COLLECTOR NANDED_IDA),6,3571053.0
IDA:PUDUKKOTTAI(DISTRICT COLLECTOR PUDUKKOTTAI_IDA),CONST:KARUR,6,3297799.0
IDA:PUDUKKOTTAI(DISTRICT COLLECTOR PUDUKKOTTAI_IDA),CONST:TIRUCHIRAPPALLI,21,19045480.0
IDA:PUDUKKOTTAI(DISTRICT COLLECTOR PUDUKKOTTAI_IDA),CONST:RAMANATHAPURAM,7,3499867.0
MP:EATALA RAJENDER,CONST:MALKAJGIRI,56,45839904.0
CONST:MALKAJGIRI,IDA:MEDCHAL MALKAJGIRI(DISTRICT COLLECTOR MEDCHAL MALKAJGIRI_IDA),43,32489904.0
CONST:MALKAJGIRI,IDA:RANGA REDDY(DISTRICT COLLECTOR RANGAREDDY_IDA),13,13350000.0
MP:MOHIBBULLAH,CONST:RAMPUR,96,35257622.0
CONST:RAMPUR,IDA:RAMPUR(DISTRICT MAGISTRATE RAMPUR_IDA),96,35257622.0
MP:BASTIPATI NAGARAJU PANCHALINGALA,CONST:KURNOOL,78,24381594.0
CONST:KURNOOL,IDA:KURNOOL(DISTRICT COLLECTOR KURNOOL_IDA),78,24381594.0
IDA:KURNOOL(DISTRICT COLLECTOR KURNOOL_IDA),CONST:NANDYAL,4,2000000.0
MP:Abu Taher Khan,CONST:MURSHIDABAD,176,33903163.0
CONST:MURSHIDABAD,IDA:MURSHIDABAD(DISTRICT MAGISTRATE MURSHIDABAD_IDA),145,26298041.0
MP:CHANDAN CHAUHAN,CONST:BIJNOR,58,47749843.0
MP:PARTHA BHOWMICK,CONST:BARRACKPUR,5,49000000.0
MP:Smt Veena Devi,CONST:VAISHALI,21,69261000.0
CONST:VAISHALI,IDA:MUZAFFARPUR(DISTRICT PLANNING OFFICER MUZAFFARPUR_IDA),21,69261000.0
IDA:MUZAFFARPUR(DISTRICT PLANNING OFFICER MUZAFFARPUR_IDA),CONST:MUZAFFARPUR,43,56330933.0
MP:Devusinh Jesingbhai Chauhan,CONST:KHEDA,170,34676131.0
CONST:KHEDA,IDA:KHEDA(DISTRICT COLLECTOR KHEDA_IDA),153,29703868.0
CONST:KHEDA,IDA:ANAND(District Collector ANAND_IDA),1,495000.0
MP:DR. HEMANG JOSHI,CONST:VADODARA,55,38726980.0
CONST:VADODARA,IDA:VADODARA(DISTRICT COLLECTOR VADODARA_IDA),55,38726980.0
IDA:VADODARA(DISTRICT COLLECTOR VADODARA_IDA),CONST:BHARUCH,26,7701200.0
IDA:VADODARA(DISTRICT COLLECTOR VADODARA_IDA),CONST:CHHOTA UDAIPUR(ST),27,9240003.0
MP:ARUP CHAKRABORTY,CONST:BANKURA,26,46514306.0
IDA:WEST SINGHBHUM(DEPUTY COMMISSIONER WEST SINGHBHUM_IDA),CONST:SINGHBHUM(ST),5,3713200.0
MP:RAVINDRA DATTARAM WAIKAR,CONST:MUMBAI NORTH WEST,17,32500000.0
MP:BRIJENDRA SINGH OLA,CONST:JHUNJHUNU,59,32475663.0
CONST:JHUNJHUNU,IDA:JHUNJHUNU(DISTRICT COLLECTOR JHUNJHUNU_IDA),50,27375994.0
CONST:JHUNJHUNU,IDA:Neem Ka Thana(DISTRICT COLLECTOR Neem Ka Thana_IDA),6,3000000.0
CONST:JHUNJHUNU,IDA:SIKAR(DISTRICT COLLECTOR SIKAR_IDA),3,2099669.0
MP:Shri Arjun Ram Meghwal,CONST:BIKANER(SC),36,43231947.0
CONST:BIKANER(SC),IDA:BIKANER(DISTRICT COLLECTOR BIKANER_IDA),31,37658362.0
CONST:BIKANER(SC),IDA:JAISALMER(DISTRICT COLLECTOR JAISLAMER_IDA),1,1495786.0
CONST:BIKANER(SC),IDA:Anoopgarh(DISTRICT COLLECTOR Anoopgarh_IDA),2,2477799.0
MP:RAKESH RATHOR,CONST:SITAPUR,24,52190405.0
CONST:SITAPUR,IDA:SITAPUR(DISTRICT MAGISTRATE SITAPUR_IDA),24,52190405.0
IDA:SITAPUR(DISTRICT MAGISTRATE SITAPUR_IDA),CONST:DHAURAHRA,60,20731485.33
IDA:SITAPUR(DISTRICT MAGISTRATE SITAPUR_IDA),CONST:MOHANLALGANJ(SC),2,3348786.0
IDA:SITAPUR(DISTRICT MAGISTRATE SITAPUR_IDA),CONST:MISRIKH(SC),2,48614657.0
MP:AMRARAM,CONST:SIKAR,70,37327968.0
CONST:SIKAR,IDA:SIKAR(DISTRICT COLLECTOR SIKAR_IDA),58,30681096.0
CONST:SIKAR,IDA:Neem Ka Thana(DISTRICT COLLECTOR Neem Ka Thana_IDA),11,6146872.0
CONST:SIKAR,IDA:Jaipur Gramin(DISTRICT COLLECTOR Jaipur Gramin_IDA),1,500000.0
MP:Ashok Kumar Yadav,CONST:MADHUBANI,70,36045663.0
CONST:MADHUBANI,IDA:DARBHANGA(DISTRICT PLANNING OFFICER DARBANGA_IDA),66,32859516.0
MP:Suresh Kumar Kashyap,CONST:SHIMLA (SC),182,39810000.0
CONST:SHIMLA (SC),IDA:SHIMLA(DEPUTY COMMISSIONER SHIMLA_IDA),53,11090000.0
CONST:SHIMLA (SC),IDA:SIRMAUR(DEPUTY COMMISSIONER SIRMOUR_IDA),83,17130000.0
CONST:SHIMLA (SC),IDA:SOLAN(DEPUTY COMMISSIONER SOLAN_IDA),46,11590000.0
MP:MAHESH KASHYAP,CONST:BASTAR(ST),96,50641554.0
CONST:BASTAR(ST),IDA:NARAYANPUR(Collector Narayanpur_IDA),2,1186000.0
CONST:BASTAR(ST),IDA:SUKMA(Collector Sukma_IDA),12,5892910.0
CONST:BASTAR(ST),IDA:KONDAGAON(DISTRICT COLLECTOR KONDAGAON_IDA),8,4477695.0
CONST:BASTAR(ST),IDA:BASTAR(DISTRICT COLLECTOR BASTAR_IDA),59,27480197.0
CONST:BASTAR(ST),IDA:BIJAPUR(Collector Bijapur_IDA),15,11604752.0
MP:Mala Roy,CONST:KOLKATA DAKSHIN,44,54069182.0
MP:RAMBHUAL NISHAD,CONST:SULTANPUR,11,53396442.0
CONST:SULTANPUR,IDA:SULTANPUR(DISTRICT MAGISTRATE SULTANPUR_IDA),11,53396442.0
IDA:SULTANPUR(DISTRICT MAGISTRATE SULTANPUR_IDA),CONST:AMETHI,3,2004261.0
MP:Sanjay Seth,CONST:RANCHI,73,48876600.0
IDA:TUMAKURU(DEPUTY COMMISSIONER TUMKUR_IDA),CONST:TUMKUR,12,23000000.0
IDA:TUMAKURU(DEPUTY COMMISSIONER TUMKUR_IDA),CONST:CHITRADURGA(SC),20,11700000.0
MP:Kalyan Banerjee,CONST:SREERAMPUR,67,47405075.0
MP:Durga Das Uikey,CONST:BETUL(ST),149,41631426.0
CONST:BETUL(ST),IDA:BETUL(DISTRICT COLLECTOR BETUL_IDA),101,28115526.0
CONST:BETUL(ST),IDA:HARDA(District Collector Harda_IDA),37,11419894.0
MP:Dr Mohammad Jawed,CONST:KISHANGANJ,73,47074100.0
CONST:KISHANGANJ,IDA:KISHANGANJ(DISTRICT PLANNING OFFICER KISHANGANJ_IDA),51,33104100.0
IDA:BARPETA(DEPUTY COMMISSIONER BARPETA 1),CONST:BARPETA,5,4600000.0
MP:Harsh Malhotra,CONST:EAST DELHI,23,17760035.0
CONST:EAST DELHI,IDA:EAST(COMMISSIONER EAST),19,9695792.0
CONST:EAST DELHI,IDA:South East(COMMISSIONER MCD SOUTH EAST_IDA),4,8064243.0
IDA:EAST(COMMISSIONER EAST),CONST:NORTH EAST DELHI,4,3561861.0
MP:AFZAL ANSARI,CONST:GHAZIPUR,97,71383841.0
CONST:GHAZIPUR,IDA:GHAZIPUR(DISTRICT MAGISTRAE GHAZIPUR_IDA),97,71383841.0
IDA:GHAZIPUR(DISTRICT MAGISTRAE GHAZIPUR_IDA),CONST:BALLIA,59,21025150.0
MP:Arvind Ganpat Sawant,CONST:MUMBAI SOUTH,17,26374739.0
CONST:MUMBAI SOUTH,IDA:MUMBAI(DISTRICT COLLECTOR MUMBAI CITY_IDA),17,26374739.0
IDA:MUMBAI(DISTRICT COLLECTOR MUMBAI CITY_IDA),CONST:MUMBAI SOUTH CENTRAL,16,43500000.0
IDA:DEWAS(DISTRICT COLLECTOR DEWAS_IDA),CONST:DEWAS(SC),7,4700000.0
IDA:DEWAS(DISTRICT COLLECTOR DEWAS_IDA),CONST:VIDISHA,5,6250000.0
MP:Vaithilingam Ve,CONST:Puducherry,17,31683559.0
CONST:Puducherry,IDA:Puducherry(PROJECT DIRECTOR RDA PUDUCHERRY_IDA),17,31683559.0
MP:Shri Anil Firojiya,CONST:UJJAIN(SC),154,45115025.0
CONST:UJJAIN(SC),IDA:UJJAIN(DISTRICT COLLECTOR UJJAIN_IDA),139,40222905.0
CONST:UJJAIN(SC),IDA:RATLAM(District Collector Ratlam_IDA),15,4892120.0
MP:Thiru Dayanidhi Maran,CONST:CHENNAI CENTRAL,3,16000000.0
CONST:CHENNAI CENTRAL,IDA:CHENNAI(COMMISSIONER MUNCIPAL CORPORATION CHENNAI_IDA),3,16000000.0
IDA:CHENNAI(COMMISSIONER MUNCIPAL CORPORATION CHENNAI_IDA),CONST:CHENNAI SOUTH,19,55000000.0
IDA:CHENNAI(COMMISSIONER MUNCIPAL CORPORATION CHENNAI_IDA),CONST:CHENNAI NORTH,9,26899544.0
IDA:CHENNAI(COMMISSIONER MUNCIPAL CORPORATION CHENNAI_IDA),CONST:SRIPERUMBUDUR,9,11656900.0
MP:Mitesh Rameshbhai Bakabhai Patel,CONST:ANAND,181,38780113.0
CONST:ANAND,IDA:ANAND(District Collector ANAND_IDA),181,38780113.0
MP:KANWAR SINGH TANWAR,CONST:AMROHA,42,44964686.0
CONST:AMROHA,IDA:HAPUR(DISTRICT MAGISTRATE HAPUR_IDA),11,8191361.0
CONST:AMROHA,IDA:AMROHA(DISTRICT MAGISTRATE JYOTIBAPHULE NAGAR_IDA),31,36773325.0
IDA:HAPUR(DISTRICT MAGISTRATE HAPUR_IDA),CONST:GHAZIABAD,11,8532964.0
MP:K E PRAKASH,CONST:ERODE,48,37669095.0
MP:SMITA UDAY WAGH,CONST:JALGAON,10,16031266.0
MP:S Venkatesan,CONST:MADURAI,18,11293812.0
IDA:NANDED(DISTRICT COLLECTOR NANDED_IDA),CONST:HINGOLI,16,30307191.0
MP:Manoj Tiwari,CONST:NORTH EAST DELHI,5,4953214.0
CONST:NORTH EAST DELHI,IDA:CENTRAL(COMMISSIONER MCD (CENTRAL DISTRICT)),1,1391353.0
IDA:LAKHIMPUR(DEPUTY COMMISSIONER LAKHIMPUR_IDA),CONST:Sonitpur,6,4500000.0
MP:ANAND BHADAURIYA,CONST:DHAURAHRA,142,49309476.33
CONST:DHAURAHRA,IDA:KHERI(DISTRICT MAGISTRAE KHERI_IDA),82,28577991.0
MP:DR. RAJESH MISHRA,CONST:SIDHI,188,125020615.0
CONST:SIDHI,IDA:SIDHI(DISTRICT COLLECTOR SIDHI_IDA),118,41925955.0
CONST:SIDHI,IDA:SINGRAULI(District Collector Singrauli_IDA),9,10995000.0
CONST:SIDHI,IDA:SHAHDOL(District Collector Shahdol_IDA),61,72099660.0
MP:Midhun Reddy,CONST:RAJAMPET,133,35693942.0
CONST:RAJAMPET,IDA:Annamayya(DISTRICT COLLECTOR ANNAMAYYA_IDA),62,22073853.0
MP:DAMODAR AGARWAL,CONST:BHILWARA,104,48831699.0
CONST:BHILWARA,IDA:BHILWARA(DISTRICT COLLECTOR BHILWARA_IDA),41,20642759.0
CONST:BHILWARA,IDA:Shahpura(DISTRICT COLLECTOR Shahpura_IDA),54,23690182.0
CONST:BHILWARA,IDA:Beawar(DISTRICT COLLECTOR Beawar_IDA),4,2000000.0
MP:Shri Benny Behanan,CONST:CHALAKUDY,52,28141280.0
MP:Shri Gurjeet Singh Aujla,CONST:AMRITSAR,44,16943646.0
CONST:AMRITSAR,IDA:AMRITSAR(DEPUTY COMMISSIONER AMRITSAR_IDA),44,16943646.0
MP:R.K. CHAUDHARY,CONST:MOHANLALGANJ(SC),68,36243902.0
CONST:MOHANLALGANJ(SC),IDA:LUCKNOW(DISTRICT MAGISTRAE LUCKNOW_IDA),66,32895116.0
IDA:LUCKNOW(DISTRICT MAGISTRAE LUCKNOW_IDA),CONST:LUCKNOW,32,28229976.0
IDA:JAISALMER(DISTRICT COLLECTOR JAISLAMER_IDA),CONST:BARMER,11,1644500.0
IDA:KONDAGAON(DISTRICT COLLECTOR KONDAGAON_IDA),CONST:KANKER(ST),7,4998805.0
MP:ANOOP PRADHAN BALMIKI,CONST:HATHRAS (SC),35,49082873.0
CONST:HATHRAS (SC),IDA:ALIGARH(DISTRICT MAGISTRATE ALIGARH_IDA),17,23301915.0
CONST:HATHRAS (SC),IDA:HATHRAS(DISTRICT MAGISTRATE HATHRAS_IDA),18,25780958.0
IDA:ALIGARH(DISTRICT MAGISTRATE ALIGARH_IDA),CONST:ALIGARH,26,29219802.0
MP:Jitendra Singh,CONST:UDHAMPUR,171,34548773.0
CONST:UDHAMPUR,IDA:DODA(Deputy Commissioner Doda_IDA),12,2952200.0
CONST:UDHAMPUR,IDA:KATHUA(DISTRICT DEVELOPMENT COMMISSIONER KATHUA_IDA),111,21491250.0
CONST:UDHAMPUR,IDA:UDHAMPUR(Deputy Commissioner Udhampur_IDA),30,6495623.0
CONST:UDHAMPUR,IDA:RAMBAN(Deputy Commissioner Ramban_IDA),18,3609700.0
IDA:HASSAN(DEPUTY COMMISSIONER HASSAN_IDA),CONST:HASSAN,57,24034052.0
MP:GAURAV GOGOI,CONST:JORHAT,161,34945784.0
CONST:JORHAT,IDA:JORHAT(DEPUTY COMMISSIONER JORHAT_IDA),64,14000000.0
CONST:JORHAT,IDA:CHARAIDEO(Deputy Commissioner Charaideo_IDA),39,8149156.0
CONST:JORHAT,IDA:SIVASAGAR(Deputy Commissioner Sivsagar_IDA),37,7946628.0
CONST:JORHAT,"IDA:MAJULI(District Commissioner, Majuli)",21,4850000.0
MP:DAROGA PRASAD SAROJ,CONST:LALGANJ (SC),102,34590763.0
CONST:LALGANJ (SC),IDA:AZAMGARH(DISTRICT MAGISTRATE AZAMGARH_IDA),102,34590763.0
IDA:AZAMGARH(DISTRICT MAGISTRATE AZAMGARH_IDA),CONST:DINDORI(ST),5,5000000.0
IDA:AZAMGARH(DISTRICT MAGISTRATE AZAMGARH_IDA),CONST:AZAMGARH,19,32019889.0
MP:SANATAN PANDEY,CONST:BALLIA,140,48109174.0
MP:SAGAR ESHWAR KHANDRE,CONST:BIDAR,66,29859997.0
CONST:BIDAR,IDA:BIDAR(DEPUTY COMMISSIONER BIDAR_IDA),60,26863997.0
CONST:BIDAR,IDA:KALABURAGI(DEPUTY COMMISSIONER GULBARGA_IDA),6,2996000.0
MP:CHAMALA KIRAN KUMAR REDDY,CONST:BHONGIR,367,47331258.0
CONST:BHONGIR,IDA:NALGONDA(DISTRICT COLLECTOR NALGONDA),73,14704996.0
CONST:BHONGIR,IDA:YADADRI BHUVANAGIRI(DISTRICT COLLECTOR YADADRI BHUVANAGIRI_IDA),149,12555000.0
CONST:BHONGIR,IDA:RANGA REDDY(DISTRICT COLLECTOR RANGAREDDY_IDA),51,6227121.0
CONST:BHONGIR,IDA:JANGOAN(DISTRICT COLLECTOR JANGAON_IDA),39,3900000.0
CONST:BHONGIR,IDA:SURYAPET(DISTRICT COLLECTOR SURYAPET),32,7644141.0
IDA:NALGONDA(DISTRICT COLLECTOR NALGONDA),CONST:NALGONDA,1,3870000.0
MP:SHRIMANT CHH UDAYANRAJE PRATAPSINHAMAHARAJ BHONSLE,CONST:SATARA,53,45698677.0
CONST:SATARA,IDA:SATARA(DISTRICT COLLECTOR SATARA_IDA),53,45698677.0
IDA:SATARA(DISTRICT COLLECTOR SATARA_IDA),CONST:MADHA,20,10640000.0
IDA:RANGA REDDY(DISTRICT COLLECTOR RANGAREDDY_IDA),CONST:CHELVELLA,9,3710447.0
IDA:DARBHANGA(DISTRICT PLANNING OFFICER DARBANGA_IDA),CONST:DARBHANGA,72,35638548.0
IDA:AURANGABAD(DISTRICT PLANNING OFFICER AURANGABAD_IDA),CONST:KARAKAT,46,23893250.0
IDA:CHHATARPUR(District Collector Chhatarpur_IDA),CONST:TIKAMGARH(SC),21,18535000.0
IDA:Sarangarh-Bilaigarh(Collector SB_IDA),CONST:RAIGARH(ST),22,14768165.0
MP:Smt S Jothimani,CONST:KARUR,45,26802779.0
CONST:KARUR,IDA:KARUR(DISTRICT COLLECTOR KARUR_IDA),33,17201988.0
MP:T Sumathy (A) Thamizhachi Thangapandian,CONST:CHENNAI SOUTH,19,55000000.0
IDA:KAPURTHALA(DEPUTY COMMISSIONER KAPURTHALA_IDA),CONST:JALANDHAR(SC),1,1000000.0
MP:Shri  Dharambir Singh,CONST:BHIWANI MAHENDRAGARH,36,19393540.0
CONST:BHIWANI MAHENDRAGARH,IDA:BHIWANI(DC Cum Nodal Officer MPLADS Bhiwani),15,5318426.0
CONST:BHIWANI MAHENDRAGARH,IDA:Charkhi Dadri(Deputy Commissioner Charkhi Dadri_IDA),9,1710440.0
CONST:BHIWANI MAHENDRAGARH,IDA:MAHENDRAGARH(DEPUTY COMMISSIONER MAHENDRAGARH_IDA),9,7367970.0
IDA:BHIWANI(DC Cum Nodal Officer MPLADS Bhiwani),CONST:HISAR,8,2601191.0
MP:MANI. A.,CONST:DHARAMAPURI,17,16488312.0
CONST:DHARAMAPURI,IDA:DHARMAPURI(DISTRICT COLLECTOR DHARMAPURI_IDA),17,16488312.0
MP:JITENDRA KUMAR DOHARE,CONST:ETAWAH(SC),248,85705685.0
CONST:ETAWAH(SC),IDA:ETAWAH(DISTRICT MAGISTRATE ETAWAH_IDA),101,33311426.0
CONST:ETAWAH(SC),IDA:AURAIYA(DISTRICT MAGISTRATE AURAIYA_IDA),115,42405759.0
IDA:ETAWAH(DISTRICT MAGISTRATE ETAWAH_IDA),CONST:MAINPURI,4,3009000.0
MP:Faggan Singh Kulaste,CONST:MANDLA(ST),130,46371976.0
CONST:MANDLA(ST),IDA:SEONI(District Collector Seoni_IDA),18,12348174.0
CONST:MANDLA(ST),IDA:DINDORI(District Collector Dindori_IDA),15,7557496.0
CONST:MANDLA(ST),IDA:MANDLA(DISTRICT COLLECTOR MANDLA_IDA),43,18166306.0
CONST:MANDLA(ST),IDA:Narsimhapur(DISTRICT COLLECTOR NARSINGHPUR_IDA),54,8300000.0
IDA:SEONI(District Collector Seoni_IDA),CONST:BALAGHAT,20,9673332.0
MP:Mala Rajya Laxmi Shah,CONST:TEHRI GARHWAL,87,38441956.0
CONST:TEHRI GARHWAL,IDA:TEHRI GARHWAL(DISTRICT MAGISTRATE TEHRI GARHWAL_IDA),28,15370000.0
CONST:TEHRI GARHWAL,IDA:DEHRADUN(DISTRICT MAGISTRATE DEHRADUN_IDA),43,14888093.0
CONST:TEHRI GARHWAL,IDA:Uttarkashi(DISTRICT COLLECTOR UTTARKASHI_IDA),1,198692.0
MP:Mukesh Rajput,CONST:FARRUKHABAD,155,44140192.0
CONST:FARRUKHABAD,IDA:FARRUKHABAD(DISTRICT MAGISTRAE FARRUKHABAD_IDA),124,34041924.0
IDA:PERAMBALUR(DISTRICT COLLECTOR PERAMBALUR_IDA),CONST:CHIDAMBARAM(SC),4,6400000.0
MP:ATUL GARG,CONST:GHAZIABAD,26,25080158.0
CONST:GHAZIABAD,IDA:GHAZIABAD(DISTRICT MAGISTRAE GHAZIABAD_IDA),15,16547194.0
MP:KOTA SRINIVAS POOJARY,CONST:UDUPI CHIKMAGALUR,92,37622593.0
CONST:UDUPI CHIKMAGALUR,IDA:UDUPI(DEPUTY COMMISSIONER UDUPI_IDA),49,21989340.0
IDA:UDUPI(DEPUTY COMMISSIONER UDUPI_IDA),CONST:SHIMOGA,10,4177352.0
MP:PATHAN YUSUF,CONST:BAHARAMPUR,79,18634631.0
CONST:BAHARAMPUR,IDA:MURSHIDABAD(DISTRICT MAGISTRATE MURSHIDABAD_IDA),79,18634631.0
IDA:MURSHIDABAD(DISTRICT MAGISTRATE MURSHIDABAD_IDA),CONST:JANGIPUR,3,2502015.0
MP:PRIYANKA SATISH JARKIHOLI,CONST:CHIKKODI,9,7423848.0
CONST:CHIKKODI,IDA:BELAGAVI(DEPUTY COMMISSIONER BELGAUM_IDA),9,7423848.0
IDA:BELAGAVI(DEPUTY COMMISSIONER BELGAUM_IDA),CONST:UTTARA KANNADA,5,2700000.0
IDA:BELAGAVI(DEPUTY COMMISSIONER BELGAUM_IDA),CONST:BELGAUM,7,3500000.0
"IDA:EAST GODAVARI(DISTRICT COLLECTOR, EAST GODAVARI)",CONST:RAJAHMUNDRY,19,63000000.0
"IDA:EAST GODAVARI(DISTRICT COLLECTOR, EAST GODAVARI)",CONST:ARAKU(ST),2,1000000.0
MP:Jagannath Sarkar,CONST:RANAGHAT(SC),96,46668632.0
MP:Kanimozhi Karunanidhi,CONST:THOOTHUKKUDI,15,35986942.0
CONST:THOOTHUKKUDI,IDA:Thoothukkudi(DISTRICT COLLECTOR THOOTHUKUDI_IDA),15,35986942.0
MP:AZAD KIRTI JHA,CONST:BARDHAMAN-DURGAPUR,43,48088472.0
CONST:BARDHAMAN-DURGAPUR,IDA:PASCHIM BARDHAMAN(DISTRICT MAGISTRATE PASCHIM BARDHAMAN_IDA),11,11150239.0
IDA:AURAIYA(DISTRICT MAGISTRATE AURAIYA_IDA),CONST:KANNAUJ,5,7629000.0
MP:KONDA VISHWESHWAR REDDY,CONST:CHELVELLA,180,35003297.0
CONST:CHELVELLA,IDA:VIKARABAD(DISTRICT COLLECTOR VIKARABAD_2),159,28931686.0
CONST:CHELVELLA,IDA:MAHABUBNAGAR(DISTRICT COLLECTOR MAHABUBNAGAR_3),12,2361164.0
IDA:VIKARABAD(DISTRICT COLLECTOR VIKARABAD_2),CONST:MAHABUBNAGAR,2,500000.0
IDA:CHAMBA(DEPUTY COMMISSIONER CHAMBA_IDA),CONST:KANGRA,60,11997367.0
MP:RAJESH VERMA,CONST:KHAGARIA,51,55624868.0
CONST:KHAGARIA,IDA:KHAGARIA(DISTRICT PLANNING OFFICER KHAGARIA_IDA),38,38668789.0
CONST:KHAGARIA,IDA:SAHARSA(DISTRICT PLANNING OFFICER SAHARSA_IDA),6,7375044.0
CONST:KHAGARIA,IDA:SAMASTIPUR(DISTRICT PLANNING OFFICER SAMASTIPUR_IDA),7,9581035.0
IDA:PASCHIM BARDHAMAN(DISTRICT MAGISTRATE PASCHIM BARDHAMAN_IDA),CONST:ASANSOL,16,58855068.0
MP:RAM PRASAD CHAUDHARY,CONST:BASTI,67,68731600.0
CONST:BASTI,IDA:BASTI(DISTRICT MAGISTRATE BASTI_IDA),67,68731600.0
MP:DR. SHARMILA SARKAR,CONST:BARDHAMAN PURBA(SC),42,33353781.0
IDA:PRATAPGARH(DISTRICT MAGISTRAE PRATAPGARH_IDA),CONST:PRATAPGARH,47,16622925.0
MP:Rajeshbhai Naranbhai Chudasama,CONST:JUNAGADH,59,19433286.0
CONST:JUNAGADH,IDA:GIR SOMNATH(DISTRICT COLLECTOR GIR SOMNATH_IDA),24,7923704.0
CONST:JUNAGADH,IDA:JUNAGADH(DISTRICT COLLECTOR JUNAGADH_IDA),35,11509582.0
MP:RADHE SHYAM RATHIYA,CONST:RAIGARH(ST),72,50681515.0
CONST:RAIGARH(ST),IDA:RAIGARH(DISTRICT COLLECTOR RAIGARH_IDA),33,21516713.0
CONST:RAIGARH(ST),IDA:JASHPUR(DISTRICT COLLECTOR JASHPUR_IDA),17,14396637.0
MP:Prasun Banerjee,CONST:HOWRAH,17,19588495.0
MP:Prof Sougata Ray,CONST:DUM DUM,18,13088419.0
MP:NAVEEN JINDAL,CONST:KURUKSHETRA,137,45327289.0
CONST:KURUKSHETRA,IDA:KURUKSHETRA(DEPUTY COMMISSIONER KURUKSHETRA_IDA),66,19268464.0
CONST:KURUKSHETRA,IDA:KAITHAL(DC CUM NODAL OFFICERS MPLADS),50,17887825.0
CONST:KURUKSHETRA,IDA:YAMUNANAGAR(Deputy Commissioner YamunaNagar_IDA),20,5671000.0
MP:RAJEEV BHARDWAJ,CONST:KANGRA,180,42042088.0
CONST:KANGRA,IDA:KANGRA(DEPUTY COMMISSIONER KANGRA_IDA),120,30044721.0
IDA:KANGRA(DEPUTY COMMISSIONER KANGRA_IDA),CONST:HAMIRPUR_HP,2,625000.0
MP:ADHIKARI SOUMENDU,CONST:KANTHI,41,48521123.0
MP:BHARATBHAI MANUBHAI SUTARIYA,CONST:AMRELI,108,39704955.0
CONST:AMRELI,IDA:AMRELI(DISTRICT COLLECTOR AMRELI_IDA),95,35153475.0
CONST:AMRELI,IDA:BHAVNAGAR(DISTRICT COLLECTOR BHAVNAGAR_IDA),13,4551480.0
MP:Janardan Mishra,CONST:REWA,50,49729049.0
CONST:REWA,IDA:REWA(DISTRICT COLLECTOR REWA_IDA),37,38259819.0
CONST:REWA,IDA:MAUGANJ(District Collector Mauganj_IDA),13,11469230.0
IDA:BHAVNAGAR(DISTRICT COLLECTOR BHAVNAGAR_IDA),CONST:BHAVNAGAR,28,18393147.0
MP:Smt Poonamben Hematbhai Maadam,CONST:JAMNAGAR,17,8933692.0
CONST:JAMNAGAR,IDA:DEVBHUMI DWARKA(DISTRICT COLLECTOR DEVBHUMI DWARKA_IDA),9,4479889.0
CONST:JAMNAGAR,IDA:JAMNAGAR(DISTRICT COLLECTOR JAMNAGAR_IDA),8,4453803.0
IDA:GANDHINAGAR(DISTRICT COLLECTOR GANDHINAGAR_IDA),CONST:MAHESANA,24,5723650.0
IDA:GANDHINAGAR(DISTRICT COLLECTOR GANDHINAGAR_IDA),CONST:GANDHINAGAR,24,4552769.0
MP:ESWARASAMY K,CONST:POLLACHI,17,17116294.0
MP:Shankar Lalwani,CONST:INDORE,130,47724390.0
CONST:INDORE,IDA:INDORE(DISTRICT COLLECTOR INDORE_IDA),130,47724390.0
IDA:INDORE(DISTRICT COLLECTOR INDORE_IDA),CONST:DHAR(ST),8,3099546.0
IDA:SALEM(DISTRICT COLLECTOR SALEM_IDA),CONST:KALLAKURICHI,34,14425609.0
MP:Thalikkottai Rajuthevar Baalu,CONST:SRIPERUMBUDUR,52,60843350.0
MP:Sudip Bandyopadhyay,CONST:KOLKATA UTTAR,17,27467416.0
MP:VISHWESHWAR HEGDE KAGERI,CONST:UTTARA KANNADA,49,33925000.0
CONST:UTTARA KANNADA,IDA:UTTARA KANNADA(DEPUTY COMMISSIONER UTTARKANNADA KARWAR_IDA),44,31225000.0
MP:BUNTY VIVEK SAHU,CONST:CHHINDWARA,233,51774130.0
CONST:CHHINDWARA,IDA:CHHINDWARA(DISTRICT COLLECTOR CHHINDWARA_IDA),193,36249130.0
CONST:CHHINDWARA,IDA:Pandhurna(District Collector Pandhurna_IDA),40,15525000.0
MP:M.K. VISHNUPRASAD,CONST:CUDDALORE,52,48054242.0
CONST:CUDDALORE,IDA:CUDDALORE(DISTRICT COLLECTOR CUDDALORE_IDA),52,48054242.0
IDA:CUDDALORE(DISTRICT COLLECTOR CUDDALORE_IDA),CONST:CHIDAMBARAM(SC),17,23146645.0
MP:Gumma Thanuja Rani,CONST:ARAKU(ST),45,41778400.0
CONST:ARAKU(ST),IDA:Alluri Sitharama Raju(DISTRICT COLLECTOR ALLURI SITHARAMARAJU_IDA),23,34628400.0
CONST:ARAKU(ST),IDA:Parvathipuram Manyam(District Collector Parvathipuram Manyam_IDA),20,6150000.0
MP:SAVITRI THAKUR,CONST:DHAR(ST),101,42097370.0
CONST:DHAR(ST),IDA:DHAR(DISTRICT COLLECTOR DHAR_IDA),93,38997824.0
IDA:Sri Potti Sriramulu Nellore(DISTRICT COLLECTOR NELLORE_IDA),CONST:NELLORE(SC),86,47116335.0
MP:TOKHAN SAHU,CONST:BILASPUR,71,46392997.0
CONST:BILASPUR,IDA:BILASPUR(DISTRICT COLLECTOR BILASPUR_IDA),43,29704118.0
CONST:BILASPUR,IDA:MUNGELI(Collector Mungeli_IDA),26,15194797.0
MP:DARSHAN SINGH CHOUDHARY,CONST:HOSHANGABAD,138,20476951.0
CONST:HOSHANGABAD,IDA:NARMADAPURAM(DISTRICT COLLECTOR NARMADAPURAM_IDA),105,14319067.0
CONST:HOSHANGABAD,IDA:Narsimhapur(DISTRICT COLLECTOR NARSINGHPUR_IDA),25,5122884.0
CONST:HOSHANGABAD,IDA:RAISEN(DISTRICT COLLECTOR RAISEN_IDA),8,1035000.0
MP:Kalanidhi Veeraswamy,CONST:CHENNAI NORTH,9,26899544.0
MP:CHHATRA PAL SINGH GANGWAR,CONST:BAREILLY,50,31318582.0
CONST:BAREILLY,IDA:BAREILLY(DISTRICT MAGISTRAE BAREILLY_IDA),50,31318582.0
IDA:BAREILLY(DISTRICT MAGISTRAE BAREILLY_IDA),CONST:PILIBHIT,22,7678364.0
MP:TARIQ ANWAR,CONST:KATIHAR,27,26660060.0
CONST:KATIHAR,IDA:KATIHAR(DISTRICT PLANNING OFFICER KATIHAR_IDA),27,26660060.0
MP:Virendra Kumar,CONST:TIKAMGARH(SC),47,46434039.0
CONST:TIKAMGARH(SC),IDA:TIKAMGARH(DISTRICT COLLECTOR TIKAMGARH_IDA),15,15349039.0
CONST:TIKAMGARH(SC),IDA:Niwari(District Collector Niwari_IDA),11,12550000.0
MP:Shatrughan Sinha,CONST:ASANSOL,16,58855068.0
IDA:BAHRAICH(DISTRICT MAGISTRAE BAHRAICH_IDA),CONST:BAHRAICH(SC),34,42235088.0
MP:Bansuri Swaraj,CONST:NEW DELHI,34,16745965.0
CONST:NEW DELHI,IDA:SOUTH(COMMISSIONER SOUTH),22,10586366.0
CONST:NEW DELHI,IDA:CENTRAL(COMMISSIONER MCD (CENTRAL DISTRICT)),12,6159599.0
IDA:SOUTH(COMMISSIONER SOUTH),CONST:SOUTH DELHI,7,3816027.0
IDA:CENTRAL(COMMISSIONER MCD (CENTRAL DISTRICT)),CONST:CHANDINI CHOWK,1,1137224.0
IDA:RAISEN(DISTRICT COLLECTOR RAISEN_IDA),CONST:VIDISHA,35,18450000.0
MP:B K PARTHASARATHI,CONST:HINDUPUR,51,42749593.0
CONST:HINDUPUR,IDA:Sri Sathya Sai(DISTRICT COLLECTOR SRI SATHYA SAI_IDA),48,40249593.0
CONST:HINDUPUR,IDA:Ananthapuramu(DISTRICT COLLECTOR ANANTAPUR_IDA),3,2500000.0
MP:BALRAM NAIK PORIKA,CONST:MAHABUBABAD,143,27168299.0
CONST:MAHABUBABAD,IDA:MAHABUBABAD(DISTRICT COLLECTOR MAHABUBABAD_IDA),34,13425222.0
CONST:MAHABUBABAD,IDA:WARANGAL(District Collector Warangal_IDA),102,10767077.0
CONST:MAHABUBABAD,IDA:PRAKASAM(DISTRICT COLLECTOR PRAKASAM_IDA),4,980000.0
CONST:MAHABUBABAD,IDA:Mulugu(District Collector Mulugu_ida),1,499000.0
CONST:MAHABUBABAD,IDA:BHADRADRI KOTHAGUDEM(District Collector Bhadradri Ktdm_IDA),1,499000.0
IDA:MAHABUBABAD(DISTRICT COLLECTOR MAHABUBABAD_IDA),CONST:WARANGEL(SC),2,700000.0
MP:RAJEEV RAI,CONST:GHOSI,110,38592817.0
CONST:GHOSI,IDA:MAU(DISTRICT MAGISTRATE MAU_IDA),93,34381951.0
IDA:MAU(DISTRICT MAGISTRATE MAU_IDA),CONST:AZAMGARH,1,199546.0
MP:KADIYAM KAVYA,CONST:WARANGEL(SC),76,32527016.0
CONST:WARANGEL(SC),IDA:JANGOAN(DISTRICT COLLECTOR JANGAON_IDA),22,9217488.0
CONST:WARANGEL(SC),IDA:HANUMAKONDA(DISTRICT COLLECTOR HANUMAKONDA_IDA),39,17150696.0
CONST:WARANGEL(SC),IDA:WARANGAL(District Collector Warangal_IDA),5,2897676.0
CONST:WARANGEL(SC),IDA:JAYASHANKAR BHUPALAPALLY(DISTRICT COLLECTOR JAYASHANKAR BHUPALPALLY_IDA),8,2561156.0
MP:Saptagiri Sankar Ulaka,CONST:KORAPUT(ST),56,19359829.0
CONST:KORAPUT(ST),IDA:RAYAGADA(DISTRICT COLLECTOR RAYAGADA_IDA),37,12462424.0
CONST:KORAPUT(ST),IDA:KORAPUT(District Collector Koraput_IDA),19,6897405.0
IDA:GHAZIABAD(DISTRICT MAGISTRAE GHAZIABAD_IDA),CONST:BAGHPAT,7,5071566.0
MP:Dushyant Singh,CONST:JHALAWAR-BARAN,3,6100000.0
CONST:JHALAWAR-BARAN,IDA:JHALAWAR(DISTRICT COLLECTOR JHALAWAR_IDA),1,1100000.0
CONST:JHALAWAR-BARAN,IDA:BARAN(DISTRICT COLLECTOR BARAN_IDA),2,5000000.0
MP:Kirti Vardhan Singh,CONST:GONDA,57,47866477.0
CONST:GONDA,IDA:BALRAMPUR(DISTRICT MAGISTRATE BALRAMPUR_IDA),13,11364132.0
MP:JAI PARKASH,CONST:HISAR,146,54758020.0
CONST:HISAR,IDA:JIND(DEPUTY COMMISSIONER JIND),6,4180181.0
MP:Mahendra Singh Solanky,CONST:DEWAS(SC),14,10500000.0
CONST:DEWAS(SC),IDA:SHAJAPUR(District Collector Shajapur_IDA),5,3700000.0
CONST:DEWAS(SC),IDA:Agar-Malwa(District Collector Agar Malwa_IDA),2,2100000.0
IDA:KORAPUT(District Collector Koraput_IDA),CONST:NABARANGPUR(ST),5,2300000.0
MP:DR. S P SINGH,CONST:PRATAPGARH,47,16622925.0
IDA:JIND(DEPUTY COMMISSIONER JIND),CONST:SIRSA(SC),2,1699769.0
IDA:TEHRI GARHWAL(DISTRICT MAGISTRATE TEHRI GARHWAL_IDA),CONST:GARHWAL,1,600000.0
MP:VIRENDRA SINGH,CONST:CHANDAULI,8,35497639.0
CONST:CHANDAULI,IDA:VARANASI(DISTRICT MAGISTRAE VARANASI_IDA),2,10397367.0
MP:ADITYA YADAV,CONST:BADAUN,65,48412573.0
CONST:BADAUN,IDA:SAMBHAL(DISTRICT MAGISTRAE BHIMNAGAR SAMBHAL_IDA),7,10234000.0
MP:ANAND KUMAR,CONST:BAHRAICH(SC),34,42235088.0
MP:Rajnath Singh,CONST:LUCKNOW,32,28229976.0
MP:GOVIND MAKTHAPPA KARJOL,CONST:CHITRADURGA(SC),74,40300000.0
CONST:CHITRADURGA(SC),IDA:CHITRADURGA(DEPUTY COMMISSIONER CHITRADURGA_IDA),54,28600000.0
MP:Pankaj Chowdhary,CONST:MAHARAJGANJ_UP,23,48894284.0
CONST:MAHARAJGANJ_UP,IDA:Mahrajganj(DISTRICT MAGISTRAE MAHARAJGANJ_IDA),23,48894284.0
MP:K. RAJASHEKAR BASAVARAJ HITNAL,CONST:KOPPAL,79,44347382.0
CONST:KOPPAL,IDA:BALLARI(DEPUTY COMMISSIONER BELLARY_IDA),1,2500000.0
CONST:KOPPAL,IDA:KOPPAL(DEPUTY COMMISSIONER KOPPAL_IDA),73,39547382.0
CONST:KOPPAL,IDA:RAICHUR(DEPUTY COMMISSIONER RAICHUR_IDA),5,2300000.0
IDA:BALLARI(DEPUTY COMMISSIONER BELLARY_IDA),CONST:BELLARY(ST),14,10050000.0
MP:Mr Gopal Jee Thakur,CONST:DARBHANGA,72,35638548.0
IDA:VARANASI(DISTRICT MAGISTRAE VARANASI_IDA),CONST:VARANASI,88,37899937.0
MP:DURAI VAIKO,CONST:TIRUCHIRAPPALLI,41,45091219.0
MP:Nityanand Rai,CONST:UJJARPUR,34,11936139.0
CONST:UJJARPUR,IDA:SAMASTIPUR(DISTRICT PLANNING OFFICER SAMASTIPUR_IDA),31,10961139.0
CONST:UJJARPUR,IDA:VAISHALI(DISTRICT PLANNING OFFICER VAISHALI_IDA),3,975000.0
IDA:MAHABUBNAGAR(DISTRICT COLLECTOR MAHABUBNAGAR_3),CONST:MAHABUBNAGAR,26,9544523.0
MP:Khalilur Rahaman,CONST:JANGIPUR,3,2502015.0
MP:DEVESH SHAKYA,CONST:ETAH,181,43590797.0
CONST:ETAH,IDA:Kasganj(DISTRICT MAGISTRATE KASGANJ KANSHIRAMNAGAR_IDA),115,27707023.0
MP:Shri Deepak (Dev) Adhikari,CONST:GHATAL,121,54246774.0
MP:SAYANI GHOSH,CONST:JADAVPUR,141,55344539.0
MP:ALFRED KANNGAM S ARTHUR,CONST:OUTER MANIPUR(ST),17,39751963.0
CONST:OUTER MANIPUR(ST),IDA:UKHRUL(Deputy Commissioner Ukhrul_ida),1,11000000.0
CONST:OUTER MANIPUR(ST),IDA:CHURACHANDPUR(Deputy Commissioner Churachandpur MPLADS_ida),12,22751963.0
CONST:OUTER MANIPUR(ST),IDA:THOUBAL(Deputy Commissioner Thoubal MPLADS_ida),1,3000000.0
CONST:OUTER MANIPUR(ST),IDA:KAMJONG(Deputy Commissioner Kamjong MPLADS_ida),2,2000000.0
CONST:OUTER MANIPUR(ST),IDA:BISHNUPUR(Deputy Commissioner Bishnupur_ida),1,1000000.0
MP:LUMBARAM,CONST:JALORE,43,30962580.0
CONST:JALORE,IDA:Sanchor(DISTRICT COLLECTOR Sanchor_IDA),9,6399237.0
CONST:JALORE,IDA:SIROHI(DISTRICT COLLECTOR SIROHI_IDA),8,5701353.0
CONST:JALORE,IDA:JALORE(DISTRICT COLLECTOR JALORE_IDA),26,18861990.0
MP:Sunil Kumar,CONST:VALMIKI NAGAR,55,42184688.0
CONST:VALMIKI NAGAR,IDA:PASHCHIM CHAMPARAN(DISTRICT PLANNING OFFICER WEST CHAMPARANBETTIAH_IDA),55,42184688.0
MP:AKHILESH YADAV,CONST:KANNAUJ,15,15171778.0
CONST:KANNAUJ,IDA:KANNAUJ(DISTRICT MAGISTRATE KANNAUJ_IDA),8,5014578.0
MP:Mansukhbhai Dhanjibhai Vasava,CONST:BHARUCH,153,44610940.0
CONST:BHARUCH,IDA:BHARUCH(DISTRICT COLLECTOR BROACH_IDA),109,32188697.0
CONST:BHARUCH,IDA:NARMADA(DISTRICT COLLECTOR NARMADA_IDA),18,4721043.0
MP:MANISH TEWARI,CONST:CHANDIGARH,23,14246994.0
CONST:CHANDIGARH,IDA:CHANDIGARH(DEPUTY COMMISSIONER ZILLA PARISHAD CHANDIGARH_IDA),23,14246994.0
MP:Parvatagouda Chandanagouda Gaddigoudar,CONST:BAGALKOT,87,44890595.0
CONST:BAGALKOT,IDA:BAGALKOTE(DEPUTY COMMISSIONER BAGALKOT_IDA),82,42090595.0
CONST:BAGALKOT,IDA:GADAG(Deputy Commsioner Gadag_ida),5,2800000.0
MP:TANUJ PUNIA,CONST:BARABANKI(SC),16,44681913.0
CONST:BARABANKI(SC),IDA:Bara Banki(DISTRICT MAGISTRATE BARABANKI_IDA),16,44681913.0
IDA:Ananthapuramu(DISTRICT COLLECTOR ANANTAPUR_IDA),CONST:ANANTAPUR,42,37466186.0
MP:HARIBHAI PATEL,CONST:MAHESANA,223,45876628.0
MP:NIMUBEN JAYANTIBHAI BAMBHANIYA,CONST:BHAVNAGAR,34,24593147.0
CONST:BHAVNAGAR,IDA:BOTAD(District collector Botad_IDA),6,6200000.0
MP:MUKESHKUMAR CHANDRAKAANT DALAL,CONST:SURAT,74,17562952.0
MP:CAPTAIN VIRIATO FERNANDES,CONST:SOUTH GOA,19,25081615.0
CONST:SOUTH GOA,IDA:SOUTH GOA(DISTRICT COLLECTOR SOUTH GOA_IDA),19,25081615.0
MP:Vishnu Dutt Sharma,CONST:KHAJURAHO,3,4909947.0
CONST:KHAJURAHO,IDA:PANNA(DISTRICT COLLECTOR PANNA_IDA),3,4909947.0
IDA:HANUMAKONDA(DISTRICT COLLECTOR HANUMAKONDA_IDA),CONST:KARIMNAGAR,11,2400000.0
MP:JUNE MALIAH,CONST:MEDINIPUR,13,31812152.0
MP:DR.K.SUDHAKAR,CONST:CHIKBALLAPUR,66,42644028.0
CONST:CHIKBALLAPUR,IDA:CHIKKABALLAPURA(DEPUTY COMMISSIONER CHICKKABALLAPUR_IDA),22,12800000.0
CONST:CHIKBALLAPUR,IDA:BENGALURU RURAL(DEPUTY COMMISSIONER BANGALORE RURAL SBM URBAN),32,21346832.0
IDA:CHIKKABALLAPURA(DEPUTY COMMISSIONER CHICKKABALLAPUR_IDA),CONST:KOLAR(SC),15,10987000.0
IDA:PALAKKAD(DISTRICT COLLECTOR PALAKKAD_IDA),CONST:PALAKKAD,85,37928423.0
IDA:PALAKKAD(DISTRICT COLLECTOR PALAKKAD_IDA),CONST:PONNANI,23,4849219.0
MP:M. MALLESH BABU,CONST:KOLAR(SC),63,32507000.0
CONST:KOLAR(SC),IDA:KOLAR(DEPUTY COMMISSIONER KOLAR_IDA),48,21520000.0
MP:KRITI DEVI DEBBARMAN,CONST:TRIPURA EAST(ST),5,19786310.0
CONST:TRIPURA EAST(ST),IDA:Dhalai(DISTRICT MAGISTRATE DHALAI_IDA),3,11479250.0
CONST:TRIPURA EAST(ST),IDA:North Tripura(DISTRICT MAGISTRATE and COLLECTOR NORTH TRIPURA DISTRICT_IDA),1,5807060.0
CONST:TRIPURA EAST(ST),IDA:Khowai(DISTRICT MAGISTRATE and COLLECTOR  KHOWAI_IDA),1,2500000.0
MP:Smt Aparajita Sarangi,CONST:BHUBANESWAR,169,50600000.0
CONST:BHUBANESWAR,IDA:KHORDHA(DISTRICT COLLECTOR KHORDHA_IDA),169,50600000.0
MP:AMRINDER SINGH RAJA WARRING,CONST:LUDHIANA,111,42405479.0
CONST:LUDHIANA,IDA:LUDHIANA(DEPUTY COMMISSIONER LUDHIANA_IDA),107,40485479.0
IDA:LUDHIANA(DEPUTY COMMISSIONER LUDHIANA_IDA),CONST:FATEHGARH SAHIB(SC),24,9585216.0
MP:ADV K FRANCIS GEORGE,CONST:KOTTAYAM,84,32171755.0
MP:RAJ BHUSHAN CHOUDHARY,CONST:MUZAFFARPUR,43,56330933.0
MP:ANDREW J. SYNGKON,CONST:SHILLONG,113,44150000.0
CONST:SHILLONG,"IDA:EAST KHASI HILLS(Deputy Commissioner, East Khasi Hills District)",29,14250000.0
CONST:SHILLONG,IDA:EAST JAINTIA HILLS(DEPUTY COMMISSIONER EAST JAINTIA HILLS KHLIEHRIAT_IDA),13,4900000.0
CONST:SHILLONG,IDA:EASTERN WEST KHASI HILLS(DEPUTY COMMISSIONER EASTERN WEST KHASI HILLS MAIRANG_IDA),8,2850000.0
CONST:SHILLONG,IDA:SOUTH WEST KHASI HILLS(DEPUTY COMMISSIONER SOUTH WEST KHASI HILLS MAWKRYWAT_IDA),8,1900000.0
CONST:SHILLONG,IDA:WEST JAINTIA HILLS(DEPUTY COMMISSIONER WEST JAINTIA HILLS JOWAI_IDA),13,5600000.0
CONST:SHILLONG,IDA:WEST KHASI HILLS(DEPUTY COMMISSIONER WEST KHASI HILLS NONGSTOIN_IDA),10,3700000.0
CONST:SHILLONG,IDA:RI BHOI(DEPUTY COMMISSIONER RIBHOI NONGPOH_IDA),32,10950000.0
MP:BAJRANG MANOHAR SONWANE,CONST:BEED,32,31063933.0
CONST:BEED,IDA:BEED(DISTRICT COLLECTOR BEED_IDA),32,31063933.0
MP:AMBICA G LAKSHMINARAYANA VALMIKI,CONST:ANANTAPUR,42,37466186.0
MP:DR BYREDDY SHABARI,CONST:NANDYAL,80,39423392.0
CONST:NANDYAL,IDA:Nandyal(DISTRICT COLLECTOR NANDYAL_IDA),76,37423392.0
MP:ANANTA NAYAK,CONST:KEONJHAR(ST),106,32290000.0
CONST:KEONJHAR(ST),IDA:Kendujhar(DISTRICT COLLECTOR KEONJHAR_IDA),81,25290000.0
CONST:KEONJHAR(ST),IDA:MAYURBHANJ(DISTRICT COLLECTOR MAYURBHANJ_IDA),25,7000000.0
MP:Devendra Alias Bhole Singh,CONST:AKBARPUR,66,47218895.0
MP:Ramvir Singh Bidhuri,CONST:SOUTH DELHI,7,3816027.0
MP:Smt Supriya Sadanand Sule,CONST:BARAMATI,32,22855903.0
MP:SHOBHA KARANDLAJE,CONST:BANGALORE NORTH,31,37673738.0
MP:ASHISH DUBEY,CONST:JABALPUR,86,21736351.0
CONST:JABALPUR,IDA:JABALPUR(DISTRICT COLLECTOR JABALPUR_IDA),86,21736351.0
MP:CAPTAIN BRIJESH CHOWTA,CONST:DAKSHINA KANNADA,55,23847635.0
CONST:DAKSHINA KANNADA,IDA:DAKSHINA KANNADA(DEPUTY COMMISSIONER DAKSHIN KANNAD MANGALORE_IDA),55,23847635.0
MP:RAJA RAM SINGH,CONST:KARAKAT,79,42785048.0
MP:Kamaljeet Sehrawat,CONST:WEST DELHI,7,7781156.0
CONST:WEST DELHI,IDA:SOUTH WEST(COMMISSIONER MCD SOUTH WEST),5,5576614.0
CONST:WEST DELHI,IDA:WEST(COMMISSIONER MCD WEST),2,2204542.0
MP:BHASKAR MURLIDHAR BHAGARE,CONST:DINDORI(ST),38,32929801.0
CONST:DINDORI(ST),IDA:NASHIK(DISTRICT COLLECTOR NASHIK_IDA),33,27929801.0
MP:PHANI BHUSAN CHOUDHURY,CONST:BARPETA,19,19998000.0
CONST:BARPETA,IDA:CHIRANG(Deputy Commissioner Chirang_IDA),1,1000000.0
MP:Smt Hema Malini,CONST:MATHURA,14,19041641.0
CONST:MATHURA,IDA:MATHURA(DISTRICT MAGISTRAE MATHURA_IDA),14,19041641.0
MP:Shri B Y Raghavendra,CONST:SHIMOGA,110,45811295.0
CONST:SHIMOGA,IDA:SHIVAMOGGA(DEPUTY COMMISSIONER SHIMOGA_IDA),100,41633943.0
MP:Dhairyasheel Sambhajirao Mane,CONST:HATKANANGLE,5,8901717.0
CONST:HATKANANGLE,IDA:SANGLI(DISTRICT COLLECTOR SANGLI_IDA),3,6901717.0
CONST:HATKANANGLE,IDA:KOLHAPUR(DISTRICT COLLECTOR KOLHAPUR_IDA),2,2000000.0
IDA:SANGLI(DISTRICT COLLECTOR SANGLI_IDA),CONST:SANGLI,39,40473858.0
MP:YADUVEER KRISHNADATTA CHAMARAJA WADIYAR,CONST:MYSORE,61,30100000.0
CONST:MYSORE,IDA:KODAGU(Deputy Commsioner Kodagu_ida),13,6600000.0
CONST:MYSORE,IDA:MYSURU(DEPUTY COMMISSIONER MYSORE_IDA),48,23500000.0
MP:DHANORKAR PRATIBHA SURESH ALIAS BALUBHAU,CONST:CHANDRAPUR,13,16615160.0
CONST:CHANDRAPUR,IDA:CHANDRAPUR(DISTRICT COLLECTOR CHANDRAPUR_IDA),11,13500000.0
CONST:CHANDRAPUR,IDA:YAVATMAL(DISTRICT COLLECTOR YAVATMAL_IDA),2,3115160.0
IDA:CHANDRAPUR(DISTRICT COLLECTOR CHANDRAPUR_IDA),CONST:GADCHIROLI-CHIMUR(ST),4,6000000.0
MP:KUNDURU RAGHUVEER,CONST:NALGONDA,1,3870000.0
IDA:BANAS KANTHA(DISTRICT COLLECTOR BANAS KANTHA_IDA),CONST:BANASKANTHA,18,9247725.0
MP:CHANDUBHAI CHHAGANBHAI SHIHORA,CONST:SURENDRANAGAR,98,40364648.0
CONST:SURENDRANAGAR,IDA:BOTAD(District collector Botad_IDA),4,1398732.0
CONST:SURENDRANAGAR,IDA:SURENDRANAGAR(DISTRICT COLLECTOR SURENDRANAGAR_IDA),49,24725299.0
MP:ISHA KHAN CHOUDHURY,CONST:MALDAHA DAKSHIN,35,11691177.0
CONST:MALDAHA DAKSHIN,IDA:Malda(DISTRICT MAGISTRATE MALDA_IDA),35,11691177.0
IDA:Malda(DISTRICT MAGISTRATE MALDA_IDA),CONST:MALDAHA UTTAR,7,5004217.0
MP:KISHORI LAL,CONST:AMETHI,24,37405634.0
CONST:AMETHI,IDA:Amethi(DISTRICT MAGISTRAE AMETHI_IDA),16,24590249.0
CONST:AMETHI,IDA:HAMIRPUR(DEPUTY COMMISSIONER HAMIRPUR_IDA),1,300000.0
MP:BAIJAYANT PANDA,CONST:KENDRAPARA,16,13600000.0
CONST:KENDRAPARA,IDA:Kendrapada(DISTRICT COLLECTOR KENDRAPARA_IDA),15,12800000.0
CONST:KENDRAPARA,IDA:Kataka(DISTRICT COLLECTOR CUTTACK_IDA),1,800000.0
IDA:Kataka(DISTRICT COLLECTOR CUTTACK_IDA),CONST:CUTTACK,59,16848000.0
MP:Smt Dimple Yadav,CONST:MAINPURI,47,37374797.0
CONST:MAINPURI,IDA:MAINPURI(DISTRICT MAGISTRATE MAINPURI_IDA),43,34365797.0
MP:DR RAJKUMAR SANGWAN,CONST:BAGHPAT,29,20445260.0
CONST:BAGHPAT,IDA:BAGHPAT(DISTRICT MAGISTRATE BAGHPAT_IDA),12,7722283.0
IDA:KHERI(DISTRICT MAGISTRAE KHERI_IDA),CONST:KHERI,196,39176777.0
MP:ARUN BHARTI,CONST:JAMUI(SC),65,32154475.0
CONST:JAMUI(SC),IDA:JAMUI(DISTRICT PLANNING OFFICER JAMUI_IDA),55,22487210.0
CONST:JAMUI(SC),IDA:SHEIKHPURA(DISTRICT PLANNING OFFICER SHEIKHPURA_IDA),5,4967265.0
CONST:JAMUI(SC),IDA:MUNGER(DISTRICT PLANNING OFFICER MUNGER_IDA),5,4700000.0
MP:Vellalath Kochukrishnan Nair Sreekandan,CONST:PALAKKAD,85,37928423.0
MP:GAIKWAD VARSHA EKNATH,CONST:MUMBAI NORTH-CENTRAL,31,48000000.0
MP:Shri Jugal Kishore Sharma,CONST:JAMMU,49,28941708.0
CONST:JAMMU,IDA:JAMMU(DEPUTY COMMISSIONER JAMMU_IDA),46,27302383.0
CONST:JAMMU,IDA:SAMBA(Deputy Commissioner Samba_IDA),2,645500.0
CONST:JAMMU,IDA:REASI(DC Reasi_2),1,993825.0
MP:ANITA NAGARSINGH CHOUHAN,CONST:RATLAM(ST),83,41549960.0
CONST:RATLAM(ST),IDA:ALIRAJPUR(District Collector Alirajpur_IDA),40,14067571.0
CONST:RATLAM(ST),IDA:RATLAM(District Collector Ratlam_IDA),21,15000000.0
CONST:RATLAM(ST),IDA:JHABUA(DISTRICT COLLECTOR JHABUA_IDA),22,12482389.0
MP:THANGA TAMILSELVAN,CONST:THENI,27,23975000.0
CONST:THENI,IDA:THENI(District Collector Theni_5),17,11575000.0
MP:DINESHBHAI MAKWANA,CONST:AHMEDABAD WEST(SC),47,29373210.0
MP:DHARMENDRA YADAV,CONST:AZAMGARH,20,32219435.0
IDA:SAHARSA(DISTRICT PLANNING OFFICER SAHARSA_IDA),CONST:SHIRDI(SC),1,198500.0
IDA:SAHARSA(DISTRICT PLANNING OFFICER SAHARSA_IDA),CONST:MADHEPURA,24,29976000.0
MP:LAXMIKANT PAPPU NISHAD,CONST:SANT KABIR NAGAR,3,3498365.0
CONST:SANT KABIR NAGAR,IDA:Sant Kabir Nagar(DISTRICT MAGISTRATE SANT KABIR NAGAR_2),3,3498365.0
MP:MOHITE PATIL DHAIRYASHEEL RAJSINH,CONST:MADHA,61,19660000.0
MP:RANJIT DUTTA,CONST:Sonitpur,48,36107425.0
CONST:Sonitpur,IDA:Biswanath(Deputy Commissioner Biswanath_IDA),18,13440109.0
CONST:Sonitpur,"IDA:SONITPUR(Deputy Commissioner Sonitpur, Tezpur)",24,18167316.0
MP:Dr Chandra Sekhar Pemmasani,CONST:GUNTUR,21,32056054.0
MP:BHUMARE SANDIPANRAO ASARAM,CONST:AURANGABAD_MH,19,30902968.0
CONST:AURANGABAD_MH,IDA:Chhatrapati Sambhajinagar(DISTRICT COLLECTOR AURANGABAD_IDA),19,30902968.0
IDA:Chhatrapati Sambhajinagar(DISTRICT COLLECTOR AURANGABAD_IDA),CONST:JALNA,14,14472711.0
MP:SUKHJINDER SINGH RANDHAWA,CONST:GURDASPUR,106,40746686.0
CONST:GURDASPUR,IDA:PATHANKOT(DEPUTY COMMISSIONER PATHANKOT_IDA),47,8039578.0
CONST:GURDASPUR,IDA:GURDASPUR(DEPUTY COMMISSIONER GURDASPUR_IDA),59,32707108.0
MP:ANGOMCHA BIMOL AKOIJAM,CONST:INNER MANIPUR,13,38301644.0
CONST:INNER MANIPUR,IDA:IMPHAL WEST(Deputy Commissioner Imphal West MPLADS_IDA),6,13401644.0
CONST:INNER MANIPUR,IDA:IMPHAL EAST(Deputy Commissioner Imphal East_IDA),3,11000000.0
CONST:INNER MANIPUR,IDA:THOUBAL(Deputy Commissioner Thoubal MPLADS_ida),1,4900000.0
CONST:INNER MANIPUR,IDA:BISHNUPUR(Deputy Commissioner Bishnupur_ida),3,9000000.0
MP:Ravindra Shyamnarayan Alias Ravi Kishan Shukla,CONST:GORAKHPUR,9,21318500.0
CONST:GORAKHPUR,IDA:GORAKHPUR(DISTRICT MAGISTRATE GORAKHPUR_IDA),9,21318500.0
IDA:GORAKHPUR(DISTRICT MAGISTRATE GORAKHPUR_IDA),CONST:BANSGAON(SC),2,3200000.0
MP:Kinjarapu Ram Mohan Naidu,CONST:SRIKAKULAM,71,46543677.0
CONST:SRIKAKULAM,IDA:SRIKAKULAM(District Collector Srikakulam_IDA),71,46543677.0
IDA:SRIKAKULAM(District Collector Srikakulam_IDA),CONST:VIZIANAGARAM,2,496216.0
MP:RAMASAHAYAM RAGHURAM REDDY,CONST:KHAMMAM,47,18439146.0
CONST:KHAMMAM,IDA:KHAMMAM(DISTRICT COLLECTOR KHAMMAM_IDA),46,17939146.0
CONST:KHAMMAM,IDA:BHADRADRI KOTHAGUDEM(District Collector Bhadradri Ktdm_IDA),1,500000.0
MP:Nishikant Dubey,CONST:GODDA,1,1785510.0
CONST:GODDA,IDA:DEOGHAR(DEPUTY COMMISSIONER DEOGHAR_IDA),1,1785510.0
MP:DR. KIRSAN NAMDEO,CONST:GADCHIROLI-CHIMUR(ST),39,35887283.0
CONST:GADCHIROLI-CHIMUR(ST),IDA:GADCHIROLI(DISTRICT COLLECTOR GADCHIROLI_IDA),21,21400000.0
CONST:GADCHIROLI-CHIMUR(ST),IDA:GONDIA(DISTRICT COLLECTOR GONDIA_IDA),14,8487283.0
MP:Dr Shashi Tharoor,CONST:THIRUVANANTHAPURAM,30,25434370.0
CONST:THIRUVANANTHAPURAM,IDA:THIRUVANANTHAPURAM(DISTRICT COLLECTOR THIRUVANANTHAPURAM_IDA),30,25434370.0
IDA:THIRUVANANTHAPURAM(DISTRICT COLLECTOR THIRUVANANTHAPURAM_IDA),CONST:ATTINGAL,150,39093073.0
IDA:GONDIA(DISTRICT COLLECTOR GONDIA_IDA),CONST:BHANDARA-GONDIYA,16,13000000.0
MP:Ajay Kumar Mandal,CONST:BHAGALPUR,15,15898477.0
MP:Magunta Sreenivasulu Reddy,CONST:ONGOLE,3,4105400.0
CONST:ONGOLE,IDA:PRAKASAM(DISTRICT COLLECTOR PRAKASAM_IDA),3,4105400.0
IDA:MYSURU(DEPUTY COMMISSIONER MYSORE_IDA),CONST:CHAMARAJANAGAR(SC),21,20000000.0
MP:BIPLAB KUMAR DEB,CONST:TRIPURA WEST,7,44599694.0
CONST:TRIPURA WEST,IDA:West Tripura(DISTRICT MAGISTRATE WEST TRIPURA_IDA),4,16898444.0
CONST:TRIPURA WEST,IDA:Sepahijala(DISTRICT MAGISTRATE and COLLECTOR SIPAHIJALA_IDA),3,27701250.0
IDA:KHEDA(DISTRICT COLLECTOR KHEDA_IDA),CONST:PANCHMAHAL,21,5731564.0
IDA:NASHIK(DISTRICT COLLECTOR NASHIK_IDA),CONST:NASHIK,33,33263864.0
MP:UMMEDA RAM BENIWAL,CONST:BARMER,99,45081030.0
CONST:BARMER,IDA:Balotra(DISTRICT COLLECTOR Balotra_IDA),43,20335765.0
CONST:BARMER,IDA:BARMER(DISTRICT COLLECTOR BARMER_IDA),45,23100765.0
MP:V. SOMANNA,CONST:TUMKUR,12,23000000.0
MP:ANITA SUBHADARSHINI,CONST:ASKA,69,23600000.0
CONST:ASKA,IDA:GANJAM(DISTRICT COLLECTOR GANJAM_IDA),69,23600000.0
MP:RUCHI VIRA,CONST:MORADABAD,122,28636424.0
CONST:MORADABAD,IDA:MORADABAD(DISTRICT MAGISTRATE MORADABAD_IDA),75,17318520.0
MP:Kamlesh Paswan,CONST:BANSGAON(SC),2,3200000.0
MP:BABU SINGH KUSHWAHA,CONST:JAUNPUR,537,33625655.0
MP:AMAR SHARADRAO KALE,CONST:WARDHA,41,32933040.0
CONST:WARDHA,IDA:WARDHA(DISTRICT COLLECTOR WARDHA_IDA),41,32933040.0
MP:Shri Amar Singh,CONST:FATEHGARH SAHIB(SC),48,16136624.0
CONST:FATEHGARH SAHIB(SC),IDA:MALERKOTLA(Deputy Commissioner Malerkotla_IDA),3,2796215.0
CONST:FATEHGARH SAHIB(SC),IDA:FATEHGARH SAHIB(DEPUTY COMMISSIONER FATEHGARH SAHIB_IDA),21,3755193.0
IDA:DHAMTARI(DISTRICT COLLECTOR DHAMTARI_IDA),CONST:KANKER(ST),8,6098424.0
IDA:MADHEPURA(DISTRICT PLANNING OFFICER MADHEPURA_IDA),CONST:MADHEPURA,1,1475021.0
MP:Sanjay Uttamrao Deshmukh,CONST:YAVATMAL-WASHIM,33,17387019.0
CONST:YAVATMAL-WASHIM,IDA:YAVATMAL(DISTRICT COLLECTOR YAVATMAL_IDA),30,14087019.0
CONST:YAVATMAL-WASHIM,IDA:WASHIM(DISTRICT COLLECTOR WASHIM_IDA),3,3300000.0
IDA:YAVATMAL(DISTRICT COLLECTOR YAVATMAL_IDA),CONST:HINGOLI,2,1985971.0
MP:Khagen Murmu,CONST:MALDAHA UTTAR,7,5004217.0
MP:Ramesh Chandappa Jigajinagi,CONST:BIJAPUR(SC),65,23700000.0
CONST:BIJAPUR(SC),IDA:VIJAYAPURA(DEPUTY COMMISSIONER BIJAPUR_IDA),64,22700000.0
MP:MIAN ALTAF AHMAD,CONST:ANANTNAG,10,19946000.0
CONST:ANANTNAG,IDA:ANANTNAG(DEPUTY COMMISSIONER ANANTNAG_IDA),5,16869900.0
CONST:ANANTNAG,IDA:POONCH(Deputy Commissioner Poonch_IDA),2,1666000.0
CONST:ANANTNAG,IDA:SHOPIAN(Deputy Commissioner Shopian_IDA),3,1410100.0
IDA:CHIRANG(Deputy Commissioner Chirang_IDA),CONST:KOKRAJHAR (ST),10,6600000.0
MP:NARESH CHANDRA UTTAM PATEL,CONST:FATEHPUR,37,39935251.0
CONST:FATEHPUR,IDA:FATEHPUR(DISTRICT MAGISTRATE FATEHPUR_IDA),37,39935251.0
IDA:KALLAKURICHI(District Collector Kallakurichi_IDA),CONST:KALLAKURICHI,27,33515651.0
MP:DHAVAL LAXMANBHAI PATEL,CONST:VALSAD(ST),52,25046339.0
CONST:VALSAD(ST),IDA:VALSAD(DISTRICT COLLECTOR VALSAD_IDA),37,17268574.0
CONST:VALSAD(ST),IDA:Dangs(DISTRICT COLLECTOR DANG_IDA),9,6078565.0
MP:NILESH DNYANDEV LANKE,CONST:AHMEDNAGAR,1,1000000.0
CONST:AHMEDNAGAR,IDA:Ahilyanagar(DISTRICT COLLECTOR AHMEDNAGAR_IDA),1,1000000.0
IDA:Ahilyanagar(DISTRICT COLLECTOR AHMEDNAGAR_IDA),CONST:SHIRDI(SC),53,31284226.0
MP:PRABHAKAR REDDY VEMIREDDY,CONST:NELLORE(SC),86,47116335.0
MP:Anurag Singh Thakur,CONST:HAMIRPUR_HP,7,1275000.0
CONST:HAMIRPUR_HP,IDA:UNA(DEPUTY COMMISSIOENR UNA_IDA),4,550000.0
CONST:HAMIRPUR_HP,IDA:HAMIRPUR(DEPUTY COMMISSIONER HAMIRPUR_IDA),1,100000.0
MP:Shri Satish Kumar Gautam,CONST:ALIGARH,26,29219802.0
MP:SHREYAS. M. PATEL,CONST:HASSAN,62,28134052.0
MP:SUDHA R,CONST:MAYILADUTHURAI,35,25918000.0
CONST:MAYILADUTHURAI,IDA:Mayiladuthurai(District Collector Mayiladuthurai_IDA),25,19020000.0
MP:JITAN RAM MANJHI,CONST:GAYA (SC),151,47247067.0
MP:KALYAN VAIJINATHRAO KALE,CONST:JALNA,34,33972711.0
MP:ARUNA. D. K,CONST:MAHABUBNAGAR,68,23193230.0
CONST:MAHABUBNAGAR,IDA:NAGARKURNOOL(DISTRICT COLLECTOR NAGARKURNOOL_IDA),3,1099195.0
CONST:MAHABUBNAGAR,IDA:WANAPARTHY(DISTRICT COLLECTOR WANAPARTHY_IDA),7,3899512.0
CONST:MAHABUBNAGAR,IDA:Narayanpet(DISTRICT COLLECTOR NARAYANPET_IDA),30,8150000.0
IDA:NAGARKURNOOL(DISTRICT COLLECTOR NAGARKURNOOL_IDA),CONST:NAGARKURNOOL(SC),8,2997992.0
IDA:WANAPARTHY(DISTRICT COLLECTOR WANAPARTHY_IDA),CONST:NAGARKURNOOL(SC),1,10000000.0
MP:UTKARSH VERMA MADHUR,CONST:KHERI,196,39176777.0
MP:Shri Bhartruhari Mahtab,CONST:CUTTACK,87,23603000.0
CONST:CUTTACK,IDA:Nayagada(DISTRICT COLLECTOR  NAYAGARH_IDA),28,6755000.0
MP:BALABHADRA MAJHI,CONST:NABARANGPUR(ST),71,27449652.0
CONST:NABARANGPUR(ST),IDA:MALKANGIRI(District Collector Malkangiri_IDA),7,4000000.0
CONST:NABARANGPUR(ST),IDA:NABARANGPUR(DISTRICT COLLECTOR NABARANGPUR_IDA),59,21149652.0
MP:AASHTIKAR PATIL NAGESH BAPURAO,CONST:HINGOLI,29,52720638.0
CONST:HINGOLI,IDA:HINGOLI(DISTRICT COLLECTOR HINGOLI_IDA),11,20427476.0
MP:BHARTI PARDHI,CONST:BALAGHAT,80,47687826.0
CONST:BALAGHAT,IDA:BALAGHAT(DISTRICT COLLECTOR BALAGHAT_IDA),60,38014494.0
MP:DR. PRABHA MALLIKARJUN,CONST:DAVANAGERE,47,46500000.0
CONST:DAVANAGERE,IDA:Davanagere(DEPUTY COMMISSIONER DAUANAGERE_IDA),45,45000000.0
CONST:DAVANAGERE,IDA:Vijayanagara(DEPUTY COMMISSIONER VIJAYANAGARA_IDA),2,1500000.0
IDA:Vijayanagara(DEPUTY COMMISSIONER VIJAYANAGARA_IDA),CONST:BELLARY(ST),3,8100000.0
MP:Appalanaidu Kalisetti,CONST:VIZIANAGARAM,40,23327865.0
CONST:VIZIANAGARAM,IDA:VIZIANAGARAM(DISTRICT COLLECTOR VIZIANAGARAM_IDA),37,22331649.0
MP:SELJA,CONST:SIRSA(SC),9,10829613.0
CONST:SIRSA(SC),IDA:SIRSA(DEPUTY COMMISSIONER SIRSA_IDA),5,4529844.0
CONST:SIRSA(SC),IDA:FATEHABAD(Deputy Commissioner Fatehabad),2,4600000.0
MP:SURESH GOPI,CONST:THRISSUR,19,23883249.0
MP:CHHATRAPATI SHAHU SHAHAJI,CONST:KOLHAPUR,10,8840286.0
CONST:KOLHAPUR,IDA:KOLHAPUR(DISTRICT COLLECTOR KOLHAPUR_IDA),10,8840286.0
MP:Thirumaa Valavan Thol,CONST:CHIDAMBARAM(SC),31,45844007.0
CONST:CHIDAMBARAM(SC),IDA:Ariyalur(District Collector Ariyalur_IDA),10,16297362.0
IDA:RAIGAD(DISTRICT COLLECTOR RAIGAD_IDA),CONST:RAIGAD,24,40569356.0
MP:Ashok Kumar Rawat,CONST:MISRIKH(SC),3,96086705.0
MP:Shri Sarbananda Sonowal (18LS),CONST:DIBRUGARH,36,33042773.0
CONST:DIBRUGARH,IDA:TINSUKIA(DC Tinsukia),24,22542773.0
CONST:DIBRUGARH,IDA:DIBRUGARH(DEPUTY COMMISSIONER DIBRUGARH_IDA),12,10500000.0
MP:Ajay Bhatt,CONST:NAINITAL UDHAM SINGH NAG.,139,37459330.0
CONST:NAINITAL UDHAM SINGH NAG.,IDA:NAINITAL(DISTRICT MAGISTRATE NAINITAL_IDA),106,26936185.0
CONST:NAINITAL UDHAM SINGH NAG.,IDA:Udham Singh Nagar(DISTRICT MAGISTRATE UDHAMSINGH NAGAR_IDA),33,10523145.0
MP:GENIBEN NAGAJI THAKOR,CONST:BANASKANTHA,18,9247725.0
MP:Shri Janardan Singh Sigriwal,CONST:MAHARAJGANJ_BR,6,12000000.0
CONST:MAHARAJGANJ_BR,IDA:SARAN(DISTRICT PLANNING OFFICE SARAN CHAPRA_IDA),6,12000000.0
MP:RAJPALSINH MAHENDRASINH JADAV,CONST:PANCHMAHAL,192,37633264.0
CONST:PANCHMAHAL,IDA:PANCH MAHALS(DISTRICT COLLECTOR PANCHMAHALS_IDA),141,28651700.0
IDA:PANCH MAHALS(DISTRICT COLLECTOR PANCHMAHALS_IDA),CONST:CHHOTA UDAIPUR(ST),60,10827500.0
IDA:BULANDSHAHR(DISTRICT MAGISTRATE BULANDSHAHR_IDA),CONST:BULANDSHAHR(SC),48,48716418.0
MP:Ajay Tamta,CONST:ALMORA(SC),3,1700000.0
CONST:ALMORA(SC),IDA:ALMORA(DISTRICT MAGISTRATE ALMORA_IDA),2,1500000.0
CONST:ALMORA(SC),"IDA:PITHORAGARH(NRLM , pithoragarh)",1,200000.0
MP:BASAVARAJ BOMMAI,CONST:HAVERI,52,30250000.0
CONST:HAVERI,IDA:GADAG(Deputy Commsioner Gadag_ida),18,11500000.0
MP:GOPINATH K,CONST:KRISHNAGIRI,43,37274009.0
CONST:KRISHNAGIRI,IDA:KRISHNAGIRI(DISTRICT COLLECTOR KRISHNAGIRI_IDA),43,37274009.0
IDA:Beawar(DISTRICT COLLECTOR Beawar_IDA),CONST:RAJSAMAND,4,4000000.0
IDA:MAYURBHANJ(DISTRICT COLLECTOR MAYURBHANJ_IDA),CONST:MAYURBHANJ (ST),37,24600000.0
MP:RABINDRA NARAYAN BEHERA,CONST:JAJPUR(SC),7,1650000.0
CONST:JAJPUR(SC),IDA:Jajpur(DISTRICT COLLECTOR JAJPUR_IDA),7,1650000.0
IDA:Jaipur Gramin(DISTRICT COLLECTOR Jaipur Gramin_IDA),CONST:JAIPUR RURAL,1,2500000.0
MP:MALAIYARASAN D,CONST:KALLAKURICHI,61,47941260.0
MP:Rao Rajendra Singh,CONST:JAIPUR RURAL,2,3500000.0
CONST:JAIPUR RURAL,IDA:Kotputli-Behror(DISTRICT COLLECTOR Kotputli Behror_IDA),1,1000000.0
MP:VISHAL,CONST:SANGLI,39,40473858.0
MP:MANOHAR LAL,CONST:KARNAL,5,9122972.0
CONST:KARNAL,IDA:PANIPAT(DC CUM NODAL OFFICER MPLADS),5,9122972.0
IDA:RAICHUR(DEPUTY COMMISSIONER RAICHUR_IDA),CONST:RAICHUR(ST),19,14995548.0
MP:BHAUSAHEB RAJARAM WAKCHAURE,CONST:SHIRDI(SC),54,31482726.0
MP:Adv Adoor Prakash,CONST:ATTINGAL,150,39093073.0
MP:ALOK SHARMA,CONST:BHOPAL,23,21159254.0
CONST:BHOPAL,IDA:BHOPAL(DISTRICT COLLECTOR BHOPAL_IDA),14,14180980.0
CONST:BHOPAL,IDA:SEHORE(DISTRICT COLLECTOR SEHORE_IDA),7,4478274.0
CONST:BHOPAL,IDA:DATIA(District Collector Datia_IDA),2,2500000.0
MP:BISHNU PADA RAY,CONST:ANDAMAN AND NICOBAR ISLANDS,7,18732344.0
CONST:ANDAMAN AND NICOBAR ISLANDS,IDA:SOUTH ANDAMANS(Implementing District Authority(SA)),5,13735928.0
CONST:ANDAMAN AND NICOBAR ISLANDS,IDA:NORTH AND MIDDLE ANDAMAN(Implementing District Authority(N&MA)),2,4996416.0
IDA:SEHORE(DISTRICT COLLECTOR SEHORE_IDA),CONST:VIDISHA,16,12500000.0
MP:ROBERT BRUCE C,CONST:TIRUNELVELI,50,35167437.0
CONST:TIRUNELVELI,IDA:TIRUNELVELI(DISTRICT COLLECTOR TIRUNELVELI_IDA),46,29196739.0
MP:MANOJ TIGGA,CONST:ALIPURDUARS(ST),39,34957408.2
CONST:ALIPURDUARS(ST),IDA:Alipurduar(DISTRICT MAGISTRATE ALIPURDUARS_IDA),39,34957408.2
MP:DR. MANSUKH MANDAVIYA,CONST:PORBANDAR,95,29255976.0
CONST:PORBANDAR,IDA:JUNAGADH(DISTRICT COLLECTOR JUNAGADH_IDA),12,3793654.0
CONST:PORBANDAR,IDA:PORBANDAR(DISTRICT COLLECTOR PORBANDAR_IDA),25,7823793.0
MP:BHOJRAJ NAG,CONST:KANKER(ST),47,32793171.0
CONST:KANKER(ST),IDA:Uttar Bastar Kanker(DISTRICT COLLECTOR KANKER_IDA),21,15332742.0
CONST:KANKER(ST),IDA:BALOD(Collector Balod_IDA),11,6363200.0
MP:SUDAMA PRASAD,CONST:ARRAH,7,8545137.0
CONST:ARRAH,IDA:BHOJPUR(DISTRICT PLANNING OFFICER BHOJPUR ARRAH_IDA),7,8545137.0
MP:SUKHDEO BHAGAT,CONST:LOHARDAGA(ST),100,62708165.0
CONST:LOHARDAGA(ST),IDA:GUMLA(DEPUTY COMMISSIONER GUMLA_IDA),39,19236065.0
CONST:LOHARDAGA(ST),IDA:LOHARDAGA(DEPUTY COMMISSIONER LOHARDAGA_IDA),42,18972600.0
MP:AGA SYED RUHULLAH MEHDI,CONST:SRINAGAR,59,24939532.0
CONST:SRINAGAR,IDA:SRINAGAR(DEPUTY COMMISSIONER SRINAGAR_IDA),42,18807000.0
CONST:SRINAGAR,IDA:GANDERBAL(Deputy Commissioner Ganderbal_IDA),2,365998.0
CONST:SRINAGAR,IDA:PULWAMA(Deputy Commissioner  Pulwama_IDA),11,2744534.0
CONST:SRINAGAR,IDA:Budgam(Deputy Commissioner  Budgam_IDA),4,3022000.0
MP:Kani K Navas,CONST:RAMANATHAPURAM,15,11468284.0
CONST:RAMANATHAPURAM,IDA:RAMANATHAPURAM(DISTRICT COLLECTOR RAMANATHAPURAM_IDA),2,1599477.0
MP:MURARI LAL MEENA,CONST:DAUSA(ST),3,2935573.0
CONST:DAUSA(ST),IDA:DAUSA(DISTRICT COLLECTOR DAUSA_IDA),3,2935573.0
MP:Vishnu Dayal Ram,CONST:PALAMU(SC),80,33737187.0
CONST:PALAMU(SC),IDA:PALAMU(DEPUTY COMMISSIONER PALAMAU_IDA),36,15537187.0
CONST:PALAMU(SC),IDA:GARHWA(Deputy Commissioner garhwa_IDA),44,18200000.0
MP:SELVARAJ V,CONST:NAGAPATTINAM(SC),19,14605363.0
MP:Bhola Singh,CONST:BULANDSHAHR(SC),48,48716418.0
MP:G. KUMAR NAIK,CONST:RAICHUR(ST),30,25495548.0
CONST:RAICHUR(ST),IDA:YADGIR(Deputy Commsioner Yadgir_ida),11,10500000.0
MP:BHARAT SINGH KUSHWAH,CONST:GWALIOR,4,5077201.0
CONST:GWALIOR,IDA:GWALIOR(DISTRICT COLLECTOR GWALIOR_IDA),4,5077201.0
MP:AVIMANYU SETHI,CONST:BHADRAK(SC),49,19250000.0
CONST:BHADRAK(SC),IDA:BHADRAK(DISTRICT COLLECTOR BHADRAK_IDA),28,13100000.0
CONST:BHADRAK(SC),IDA:Baleshwar(DISTRICT COLLECTOR BALESHWAR_IDA),21,6150000.0
MP:MAHIMA KUMARI MEWAR,CONST:RAJSAMAND,29,24886377.0
CONST:RAJSAMAND,IDA:RAJSAMAND(DISTRICT COLLECTOR RAJSAMAND_IDA),15,12499936.0
MP:Annpurna Devi,CONST:KODARMA,84,25133350.0
CONST:KODARMA,IDA:KODERMA(DEPUTY COMMISSIONER KODARMA_IDA),55,16325638.0
MP:SUKANTA KUMAR PANIGRAHI,CONST:KANDHAMAL,102,31625359.0
CONST:KANDHAMAL,IDA:Nayagada(DISTRICT COLLECTOR  NAYAGARH_IDA),58,12300000.0
CONST:KANDHAMAL,IDA:Kandhamala(DISTRICT COLLECTOR KANDHAMAL_IDA),42,18825359.0
CONST:KANDHAMAL,IDA:BOUDH(District Collector Boudh_IDA),2,500000.0
IDA:Nayagada(DISTRICT COLLECTOR  NAYAGARH_IDA),CONST:PURI,249,13660000.0
MP:Daggubati Purandeshwari,CONST:RAJAHMUNDRY,19,63000000.0
MP:SHAFI PARAMBIL,CONST:VADAKARA,75,20487000.0
CONST:VADAKARA,IDA:KOZHIKODE(DISTRICT COLLECTOR KOZHIKODE_IDA),58,12887000.0
IDA:KOZHIKODE(DISTRICT COLLECTOR KOZHIKODE_IDA),CONST:WAYANAD,1,2300000.0
IDA:KOZHIKODE(DISTRICT COLLECTOR KOZHIKODE_IDA),CONST:KOZHIKODE,69,29214335.0
MP:IMRAN MASOOD,CONST:SAHARANPUR,56,47038536.0
CONST:SAHARANPUR,IDA:SAHARANPUR(DISTRICT MAGISTRAE SAHARANPUR_IDA),56,47038536.0
IDA:SAHARANPUR(DISTRICT MAGISTRAE SAHARANPUR_IDA),CONST:KAIRANA,26,24598884.0
MP:Priyanka Gandhi Vadra,CONST:WAYANAD,14,21838026.0
CONST:WAYANAD,IDA:WAYANAD(DISTRICT COLLECTOR WAYANAD_IDA),7,12019146.0
CONST:WAYANAD,IDA:MALAPPURAM(DISTRICT COLLECTOR MALAPPURAM_IDA),6,7518880.0
IDA:MALAPPURAM(DISTRICT COLLECTOR MALAPPURAM_IDA),CONST:MALAPPURAM,73,29922056.0
IDA:MALAPPURAM(DISTRICT COLLECTOR MALAPPURAM_IDA),CONST:PONNANI,94,31343701.0
MP:Dilip Saikia,CONST:Darrang-Udalguri,6,2000000.0
CONST:Darrang-Udalguri,IDA:UDALGURI(DEPUTY COMMISSIONER Udalguri_IDA),6,2000000.0
MP:PRAVEEN PATEL,CONST:PHULPUR,10,26709561.0
MP:Kaushalendra Kumar,CONST:NALANDA,1,4799355.0
CONST:NALANDA,IDA:NALANDA(DISTRICT PLANNING OFFICER NALANDA_IDA),1,4799355.0
MP:Shri M K Raghavan,CONST:KOZHIKODE,69,29214335.0
MP:Pratap Chandra Sarangi,CONST:BALASORE,3,2000000.0
CONST:BALASORE,IDA:Baleshwar(DISTRICT COLLECTOR BALESHWAR_IDA),3,2000000.0
MP:Shri Shantanu Thakur,CONST:BANGAON(SC),8,5993836.0
MP:Sanjay Kumar Bandi,CONST:KARIMNAGAR,115,34829762.0
CONST:KARIMNAGAR,IDA:KARIMNAGAR(DISTRICT COLLECTOR KARIMNAGAR_IDA),51,21609763.0
CONST:KARIMNAGAR,IDA:RAJANNA SIRCILLA(DISTRICT COLLECTOR RAJANNA SIRCILLA_IDA),17,3320000.0
MP:E.T. MOHAMMED BASHEER,CONST:MALAPPURAM,73,29922056.0
MP:BIBHU PRASAD TARAI,CONST:JAGATSINGHPUR(SC),39,9349588.0
CONST:JAGATSINGHPUR(SC),IDA:PURI(DISTRICT COLLECTOR PURI_IDA),29,5899588.0
CONST:JAGATSINGHPUR(SC),IDA:JAGATSINGHAPUR(DISTRICT COLLECTOR JAGATSINGHPUR_IDA),10,3450000.0
IDA:PURI(DISTRICT COLLECTOR PURI_IDA),CONST:PURI,328,28918525.0
MP:Sunil Dattatray Tatkare,CONST:RAIGAD,24,40569356.0
MP:SUNIL BOSE,CONST:CHAMARAJANAGAR(SC),50,41200000.0
CONST:CHAMARAJANAGAR(SC),IDA:Chamarajanagar(DEPUTY COMMISSIONER CHAMARAJNAGAR_IDA),29,21200000.0
MP:NABA CHARAN MAJHI,CONST:MAYURBHANJ (ST),37,24600000.0
MP:JOYANTA BASUMATARY,CONST:KOKRAJHAR (ST),11,7000000.0
CONST:KOKRAJHAR (ST),IDA:BAKSA(DEPUTY COMMISSIONER BAKSA_IDA),1,400000.0
MP:TANGELLA UDAY SRINIVAS,CONST:KAKINADA,11,16720164.0
MP:Praveen Khandelwal,CONST:CHANDINI CHOWK,37,26480914.0
CONST:CHANDINI CHOWK,IDA:NORTH WEST(COMMISSIONER NORTH WEST),17,14628992.0
CONST:CHANDINI CHOWK,IDA:NORTH(COMMISSIONER MCD NORTH_IDA),19,10714698.0
MP:SAMBIT PATRA,CONST:PURI,577,42578525.0
MP:VAMSI KRISHNA GADDAM,CONST:PEDDAPALLE,24,13059997.0
CONST:PEDDAPALLE,IDA:PEDDAPALLI(District Collector Peddapally_IDA),16,6209997.0
CONST:PEDDAPALLE,IDA:MANCHERIAL(District Collector Mancherial_IDA),4,5850000.0
MP:E. TUKARAM,CONST:BELLARY(ST),17,18150000.0
MP:CHARANJIT SINGH CHANNI,CONST:JALANDHAR(SC),37,13353036.0
CONST:JALANDHAR(SC),IDA:JALANDHAR(DEPUTY COMMISSIONER JALANDHAR_IDA),34,11653070.0
MP:Shri Amit Shah,CONST:GANDHINAGAR,26,4952769.0
MP:GANAPATHY RAJKUMAR P,CONST:COIMBATORE,8,29375965.0
MP:JASHUBHAI BHILUBHAI RATHVA,CONST:CHHOTA UDAIPUR(ST),123,37003525.0
CONST:CHHOTA UDAIPUR(ST),IDA:CHHOTAUDEPUR(DISTRICT COLLECTOR CHHOTA UDEPUR_IDA),36,16936022.0
MP:Smt Anupriya Patel,CONST:MIRZAPUR,2,7543000.0
CONST:MIRZAPUR,IDA:MIRZAPUR(DISTRICT MAGISTRATE MIRZAPUR_IDA),2,7543000.0
MP:DEVESH CHANDRA THAKUR,CONST:SITAMARHI,56,15817152.0
CONST:SITAMARHI,IDA:SITAMARHI(DISTRICT PLANNING OFFICER SITAMARHI_IDA),56,15817152.0
MP:DR. M.P ABDUSSAMAD SAMADANI,CONST:PONNANI,117,36192920.0
MP:BALYA MAMA SURESH GOPINATH MHATRE,CONST:BHIWANDI,17,13997000.0
CONST:BHIWANDI,IDA:THANE(DISTRICT COLLECTOR THANE_IDA),17,13997000.0
MP:MURLIDHAR MOHOL,CONST:PUNE,19,18996657.0
MP:DR. PRASHANT YADAORAO PADOLE,CONST:BHANDARA-GONDIYA,33,24572033.0
CONST:BHANDARA-GONDIYA,IDA:BHANDARA(DISTRICT COLLECTOR BHANDARA_IDA),17,11572033.0
MP:NARAYAN TATU RANE,CONST:RATNAGIRI-SINDHUDURG,17,16028433.0
CONST:RATNAGIRI-SINDHUDURG,IDA:SINDHUDURG(DISTRICT COLLECTOR SINDHUDURG_IDA),17,16028433.0
MP:Krishna Prasad Tenneti,CONST:BAPATLA,1,1000000.0
CONST:BAPATLA,IDA:Bapatla(DISTRICT COLLECTOR BAPATLA_IDA),1,1000000.0
MP:Shri Narendra Modi,CONST:VARANASI,88,37899937.0
MP:Krishan Pal Gurjar,CONST:FARIDABAD,3,3537396.0
CONST:FARIDABAD,IDA:FARIDABAD(DEPUTY COMMISSIONER FARIDABAD_IDA),2,1437396.0
MP:SHIVRAJ SINGH CHOUHAN,CONST:VIDISHA,77,48643125.0
MP:Giriraj Singh,CONST:BEGUSARAI,30,39205522.0
CONST:BEGUSARAI,IDA:BEGUSARAI(DISTRICT PLANNING OFFICER BEGUSARAI_IDA),30,39205522.0
MP:Rahul Kaswan,CONST:CHURU,56,49088380.0
CONST:CHURU,IDA:CHURU(DISTRICT COLLECTOR CHURU_IDA),45,43296130.0
CONST:CHURU,IDA:HANUMANGARH(DISTRICT COLLECTOR HANUMANGARH_IDA),11,5792250.0
MP:RAJABHAU,CONST:NASHIK,33,33263864.0
MP:ABDUL RASHID SHEIKH,CONST:BARAMULLAH,21,10394620.0
CONST:BARAMULLAH,IDA:Budgam(Deputy Commissioner  Budgam_IDA),3,3245189.0
CONST:BARAMULLAH,IDA:KUPWARA(Deputy Commissioner Kupwara_IDA),10,4949431.0
CONST:BARAMULLAH,IDA:BARAMULLA(DEPUTY COMMISSIONER BARAMULLAH_IDA),8,2200000.0
MP:GODAM NAGESH,CONST:ADILABAD(ST),101,21195000.0
CONST:ADILABAD(ST),IDA:KUMURAM BHEEM ASIFABAD(District Collector KB Asifabad_IDA),53,7750000.0
CONST:ADILABAD(ST),IDA:Nirmal(DISTRICT COLLECTOR NIRMAL_3),48,13445000.0
MP:LOVELY ANAND,CONST:SHEOHAR,2,2998079.0
MP:Dinesh Chandra Yadav,CONST:MADHEPURA,25,31451021.0
MP:IQRA CHOUDHARY,CONST:KAIRANA,33,34287857.0
CONST:KAIRANA,IDA:SHAMLI(DISTRICT MAGISTRATE SHAMLI_IDA),7,9688973.0
MP:DHARMENDRA PRADHAN,CONST:SAMBALPUR,1,1500000.0
CONST:SAMBALPUR,IDA:SAMBALPUR(DISTRICT COLLECTOR SAMBALPUR_IDA),1,1500000.0
MP:Shri Jyotirmay Singh Mahato,CONST:PURULIA,1,401034.0
MP:JAGADISH SHETTAR,CONST:BELGAUM,7,3500000.0
MP:DR.MALLU RAVI,CONST:NAGARKURNOOL(SC),9,12997992.0
MP:Dr Jayanta Kumar Roy,CONST:JALPAIGURI(SC),5,8257652.0
CONST:JALPAIGURI(SC),IDA:JALPAIGURI(DISTRICT MAGISTRATE JALPAIGURI_IDA),5,8257652.0
MP:JOBA MAJHI,CONST:SINGHBHUM(ST),5,3713200.0
MP:UJJWAL RAMAN SINGH,CONST:ALLAHABAD,2,11460000.0
MP:JITIN PRASADA,CONST:PILIBHIT,22,7678364.0
MP:Ganesh Singh,CONST:SATNA,153,29871286.0
CONST:SATNA,IDA:SATNA(DISTRICT COLLECTOR SATNA_IDA),139,27252500.0
CONST:SATNA,IDA:Maihar(District Collector Maihar_IDA),14,2618786.0
MP:ANIL BALUNI,CONST:GARHWAL,1,600000.0
MP:KALI CHARAN SINGH,CONST:CHATRA,1,300000.0
CONST:CHATRA,IDA:CHATRA(DEPUTY COMMISSIONER CHATRA_IDA),1,300000.0
MP:C.M.RAMESH,CONST:ANAKAPALLE,1,2480752.0
MP:ANIL YESHWANT DESAI,CONST:MUMBAI SOUTH CENTRAL,16,43500000.0
