node_id,label,type,work_count,total_amount,avg_risk,critical_count,degree_centrality,agency_network_score
MP:Pralhad Venkatesh Joshi,Pralhad Venkatesh Joshi,MP,26,13261770.0,33.3,2,0.0006,30.0
CONST:DHARWAD,DHARWAD,Constituency,26,13261770.0,33.3,2,0.0018,30.0
IDA:DHARWAD(DEPUTY COMMISSIONER DHARWAR_IDA),DHARWAD(DEPUTY COMMISSIONER DHARWAR_IDA),IDA,24,11770363.0,34.0,3,0.0012,30.0
IDA:HAVERI(DEPUTY COMMISSIONER HAVERI_IDA),HAVERI(DEPUTY COMMISSIONER HAVERI_IDA),IDA,37,21241407.0,46.4,12,0.0012,45.0
MP:Pradeep Kumar Singh,Pradeep Kumar Singh,MP,26,62323127.0,19.4,0,0.0006,15.0
CONST:ARARIA,ARARIA,Constituency,26,62323127.0,19.4,0,0.0012,15.0
IDA:ARARIA(DISTRICT PLANNING OFFICER ARARIA_IDA),ARARIA(DISTRICT PLANNING OFFICER ARARIA_IDA),IDA,26,62323127.0,19.4,0,0.0006,15.0
MP:Dr Sukanta Majumdar,Dr Sukanta Majumdar,MP,79,40133854.0,17.9,0,0.0006,15.0
CONST:BALURGHAT,BALURGHAT,Constituency,79,40133854.0,17.9,0,0.0012,15.0
IDA:Dakshin Dinajpur(DISTRICT MAGISTRATE DINAJPUR DAKSHIN_IDA),Dakshin Dinajpur(DISTRICT MAGISTRATE DINAJPUR DAKSHIN_IDA),IDA,79,40133854.0,17.9,0,0.0006,15.0
MP:Jaswantsinh Sumanbhai Bhabhor,Jaswantsinh Sumanbhai Bhabhor,MP,128,43181038.0,55.0,51,0.0006,70.0
CONST:DAHOD(ST),DAHOD(ST),Constituency,128,43181038.0,55.0,51,0.0018,70.0
IDA:Dahod(DISTRICT COLLECTOR DOHAD_IDA),Dahod(DISTRICT COLLECTOR DOHAD_IDA),IDA,123,40881038.0,55.5,51,0.0006,70.0
MP:SARABJEET SINGH KHALSA,SARABJEET SINGH KHALSA,MP,186,45942087.0,47.3,90,0.0006,45.0
CONST:FARIDKOT(SC),FARIDKOT(SC),Constituency,186,45942087.0,47.3,90,0.0037,45.0
IDA:FARIDKOT(DEPUTY COMMISSIONER FARIDKOT_IDA),FARIDKOT(DEPUTY COMMISSIONER FARIDKOT_IDA),IDA,109,22806610.0,41.1,46,0.0006,45.0
IDA:SRI MUKTSAR SAHIB(DEPUTY COMMISSIONER SRI MUKTSAR SAHIB_IDA),SRI MUKTSAR SAHIB(DEPUTY COMMISSIONER SRI MUKTSAR SAHIB_IDA),IDA,71,20080227.0,27.0,11,0.0025,45.0
MP:Gajendra Singh Patel,Gajendra Singh Patel,MP,136,48782375.0,30.4,21,0.0006,45.0
CONST:KHARGONE(ST),KHARGONE(ST),Constituency,136,48782375.0,30.4,21,0.0025,45.0
IDA:Khargone (West Nimar)(DISTRICT COLLECTOR KHARGONE_IDA),Khargone (West Nimar)(DISTRICT COLLECTOR KHARGONE_IDA),IDA,97,36157795.0,48.1,51,0.0012,45.0
IDA:BARWANI(DISTRICT COLLECTOR BADWANI_IDA),BARWANI(DISTRICT COLLECTOR BADWANI_IDA),IDA,84,26156484.0,30.1,11,0.0006,45.0
MP:Ramprit Mandal,Ramprit Mandal,MP,82,86553079.0,39.9,5,0.0006,45.0
CONST:JHANJHARPUR,JHANJHARPUR,Constituency,82,86553079.0,39.9,5,0.0018,45.0
IDA:MADHUBANI(DISTRICT PLANNING OFFICER MADHUBANI_IDA),MADHUBANI(DISTRICT PLANNING OFFICER MADHUBANI_IDA),IDA,85,88550206.0,39.0,5,0.0012,45.0
MP:SUDHAKAR SINGH,SUDHAKAR SINGH,MP,85,79490685.0,32.1,4,0.0006,30.0
CONST:BUXAR,BUXAR,Constituency,85,79490685.0,32.1,4,0.0025,30.0
IDA:BUXAR(DISTRICT PLANNING OFFICER BUXAR_IDA),BUXAR(DISTRICT PLANNING OFFICER BUXAR_IDA),IDA,20,22885096.0,39.7,2,0.0006,30.0
IDA:KAIMUR (BHABUA)(DISTRICT PLANNING OFFICER KAIMUR BHABUA_IDA),KAIMUR (BHABUA)(DISTRICT PLANNING OFFICER KAIMUR BHABUA_IDA),IDA,81,67390644.0,29.3,2,0.0012,30.0
MP:Anto Antony,Anto Antony,MP,104,36369804.0,45.5,17,0.0006,45.0
CONST:PATHANAMTHITTA,PATHANAMTHITTA,Constituency,104,36369804.0,45.5,17,0.0018,45.0
IDA:KOTTAYAM(DISTRICT COLLECTOR KOTTAYAM_IDA),KOTTAYAM(DISTRICT COLLECTOR KOTTAYAM_IDA),IDA,116,45476437.0,37.3,4,0.0018,30.0
MP:Shri NK Premachandran,Shri NK Premachandran,MP,66,55977928.34,26.2,0,0.0006,15.0
CONST:KOLLAM,KOLLAM,Constituency,66,55977928.34,26.2,0,0.0012,15.0
IDA:KOLLAM(DISTRICT COLLECTOR KOLLAM_IDA),KOLLAM(DISTRICT COLLECTOR KOLLAM_IDA),IDA,109,83718194.34,24.5,0,0.0018,15.0
MP:DR RANI SRI KUMAR,DR RANI SRI KUMAR,MP,62,61319117.0,34.9,6,0.0006,45.0
CONST:TENKASI(SC),TENKASI(SC),Constituency,62,61319117.0,34.9,6,0.0018,45.0
IDA:TENKASI(DISTRICT COLLECTOR TENKASI_IDA),TENKASI(DISTRICT COLLECTOR TENKASI_IDA),IDA,47,57319815.0,44.3,9,0.0012,45.0
MP:SATPAL BRAHAMCHARI,SATPAL BRAHAMCHARI,MP,36,25826326.0,37.9,3,0.0006,30.0
CONST:SONEPAT,SONEPAT,Constituency,36,25826326.0,37.9,3,0.0018,30.0
IDA:SONIPAT(DEPUTY COMMISSIONER SONEPAT_IDA),SONIPAT(DEPUTY COMMISSIONER SONEPAT_IDA),IDA,18,11651000.0,44.0,2,0.0006,30.0
MP:Pratima Mondal,Pratima Mondal,MP,154,67687186.0,25.6,0,0.0006,15.0
CONST:JOYNAGAR(SC),JOYNAGAR(SC),Constituency,154,67687186.0,25.6,0,0.0012,15.0
IDA:South 24 Parganas(DISTRICT MAGISTRATE SOUTH TWENTY FOUR PARGANAS_IDA),South 24 Parganas(DISTRICT MAGISTRATE SOUTH TWENTY FOUR PARGANAS_IDA),IDA,543,205965378.0,26.4,1,0.0025,15.0
MP:Shri PP Chaudhary,Shri PP Chaudhary,MP,8,8155790.0,29.9,0,0.0006,15.0
CONST:PALI,PALI,Constituency,8,8155790.0,29.9,0,0.0012,15.0
IDA:PALI(DISTRICT COLLECTOR PALI_IDA),PALI(DISTRICT COLLECTOR PALI_IDA),IDA,8,8155790.0,29.9,0,0.0006,15.0
MP:DEEPENDER SINGH HOODA,DEEPENDER SINGH HOODA,MP,69,49026600.0,40.9,10,0.0006,45.0
CONST:ROHTAK,ROHTAK,Constituency,69,49026600.0,40.9,10,0.0025,45.0
IDA:JHAJJAR(DEPUTY COMMISSIONER cum NODAL OFFICER MPLADS JHAJJAR),JHAJJAR(DEPUTY COMMISSIONER cum NODAL OFFICER MPLADS JHAJJAR),IDA,39,27950609.0,39.4,6,0.0006,45.0
MP:Asit Kumar Mal,Asit Kumar Mal,MP,135,157511184.0,30.2,10,0.0006,45.0
CONST:BOLPUR(SC),BOLPUR(SC),Constituency,135,157511184.0,30.2,10,0.0018,45.0
IDA:BIRBHUM(DISTRICT MAGISTRATE BIRBHUM_IDA),BIRBHUM(DISTRICT MAGISTRATE BIRBHUM_IDA),IDA,147,163631673.6,25.5,7,0.0012,45.0
MP:BHUPENDER YADAV,BHUPENDER YADAV,MP,31,45414799.0,29.8,2,0.0006,30.0
CONST:ALWAR,ALWAR,Constituency,31,45414799.0,29.8,2,0.0025,30.0
IDA:ALWAR(DISTRICT COLLECTOR ALWAR_IDA),ALWAR(DISTRICT COLLECTOR ALWAR_IDA),IDA,63,55914434.1,29.6,2,0.0012,30.0
IDA:PATHANAMTHITTA(DISTRICT COLLECTOR PATHANAMTHITTA_IDA),PATHANAMTHITTA(DISTRICT COLLECTOR PATHANAMTHITTA_IDA),IDA,62,23184177.0,47.8,14,0.0006,45.0
MP:KAMLESH JANGDE,KAMLESH JANGDE,MP,61,48468461.0,18.9,4,0.0006,30.0
CONST:JANJGIR CHAMPA(SC),JANJGIR CHAMPA(SC),Constituency,61,48468461.0,18.9,4,0.0025,30.0
IDA:SAKTI(COLLECTOR SAKTI_IDA),SAKTI(COLLECTOR SAKTI_IDA),IDA,40,32118740.0,17.0,1,0.0006,15.0
IDA:JANJGIR-CHAMPA(DISTRICT COLLECTOR JANJGIR CHAMPA_IDA),JANJGIR-CHAMPA(DISTRICT COLLECTOR JANJGIR CHAMPA_IDA),IDA,19,15250491.0,23.6,3,0.0006,30.0
MP:CN Annadurai,CN Annadurai,MP,118,53167397.0,26.2,2,0.0006,30.0
CONST:TIRUVANNAMALAI,TIRUVANNAMALAI,Constituency,118,53167397.0,26.2,2,0.0018,30.0
IDA:TIRUVANNAMALAI(DISTRICT COLLECTOR TIRUVANNAMALAI_IDA),TIRUVANNAMALAI(DISTRICT COLLECTOR TIRUVANNAMALAI_IDA),IDA,195,89764811.0,26.5,2,0.0012,30.0
MP:Radha Mohan Singh,Radha Mohan Singh,MP,41,44044591.0,29.9,1,0.0006,15.0
CONST:PURVI CHAMPARAN,PURVI CHAMPARAN,Constituency,41,44044591.0,29.9,1,0.0012,15.0
IDA:PURBI CHAMPARAN(DISTRICT PLANNING OFFICER MOTHIHARI EAST CHAMPARAN_IDA),PURBI CHAMPARAN(DISTRICT PLANNING OFFICER MOTHIHARI EAST CHAMPARAN_IDA),IDA,43,47042670.0,30.1,1,0.0012,15.0
MP:DAGGUMALLA PRASADA RAO,DAGGUMALLA PRASADA RAO,MP,90,47093688.0,24.6,2,0.0006,30.0
CONST:CHITTOOR,CHITTOOR,Constituency,90,47093688.0,24.6,2,0.0018,30.0
IDA:CHITTOOR(DISTRICT COLLECTOR CHITTOOR_IDA),CHITTOOR(DISTRICT COLLECTOR CHITTOOR_IDA),IDA,158,59684370.0,22.5,4,0.0012,30.0
IDA:Tirupathur(District Collector Tirupathur_IDA),Tirupathur(District Collector Tirupathur_IDA),IDA,36,18972307.0,35.9,1,0.0006,15.0
IDA:REWARI(District Commissioner Rewari),REWARI(District Commissioner Rewari),IDA,12,13107691.0,27.9,0,0.0025,15.0
IDA:ROHTAK(DEPUTY COMMISSIONER ROHTAK_IDA),ROHTAK(DEPUTY COMMISSIONER ROHTAK_IDA),IDA,26,17812620.0,45.7,4,0.0006,30.0
MP:Sanjay Haribhau Jadhav,Sanjay Haribhau Jadhav,MP,51,45758977.0,26.3,1,0.0006,15.0
CONST:PARBHANI,PARBHANI,Constituency,51,45758977.0,26.3,1,0.0018,15.0
IDA:PARBHANI(DISTRICT COLLECTOR PARBHANI_IDA),PARBHANI(DISTRICT COLLECTOR PARBHANI_IDA),IDA,34,30867977.0,23.3,0,0.0006,15.0
MP:Shri Arun Kumar Sagar,Shri Arun Kumar Sagar,MP,4,97143000.0,52.2,0,0.0006,40.0
CONST:SHAHJAHANPUR(SC),SHAHJAHANPUR(SC),Constituency,4,97143000.0,52.2,0,0.0012,40.0
IDA:SHAHJAHANPUR(DISTRICT MAGISTRAE SHAHJAHANAPUR_IDA),SHAHJAHANPUR(DISTRICT MAGISTRAE SHAHJAHANAPUR_IDA),IDA,4,97143000.0,52.2,0,0.0006,40.0
MP:JAGADISH CHANDRA BARMA BASUNIA,JAGADISH CHANDRA BARMA BASUNIA,MP,41,42035060.0,56.9,2,0.0006,55.0
CONST:COOCHBEHAR(SC),COOCHBEHAR(SC),Constituency,41,42035060.0,56.9,2,0.0018,55.0
IDA:Cooch Behar(DISTRICT MAGISTRATE COOCHBEHAR_IDA),Cooch Behar(DISTRICT MAGISTRATE COOCHBEHAR_IDA),IDA,39,32035060.0,55.7,0,0.0006,40.0
IDA:PURBA BARDHAMAN(DISTRICT MAGISTRATE PURBA BARDHAMAN_IDA),PURBA BARDHAMAN(DISTRICT MAGISTRATE PURBA BARDHAMAN_IDA),IDA,106,90545225.0,37.0,8,0.0018,45.0
MP:SHER SINGH GHUBAYA,SHER SINGH GHUBAYA,MP,235,57960629.0,22.6,31,0.0006,45.0
CONST:FIROZPUR,FIROZPUR,Constituency,235,57960629.0,22.6,31,0.0025,45.0
IDA:FEROZEPUR(DEPUTY COMMISSIONER FIROZEPUR_IDA),FEROZEPUR(DEPUTY COMMISSIONER FIROZEPUR_IDA),IDA,165,41121264.0,18.5,9,0.0006,45.0
MP:SK NURUL ISLAM,SK NURUL ISLAM,MP,18,35118648.0,60.2,8,0.0006,70.0
CONST:BASIRHAT,BASIRHAT,Constituency,18,35118648.0,60.2,8,0.0012,70.0
IDA:North 24 Parganas(DISTRICT MAGISTRATE NORTH TWENTY FOUR PARGANAS_IDA),North 24 Parganas(DISTRICT MAGISTRATE NORTH TWENTY FOUR PARGANAS_IDA),IDA,134,173966209.0,59.6,66,0.0037,70.0
MP:Vijay Kumar Dubey,Vijay Kumar Dubey,MP,118,45963356.0,46.6,6,0.0006,45.0
CONST:KUSHI NAGAR,KUSHI NAGAR,Constituency,118,45963356.0,46.6,6,0.0012,45.0
IDA:Kushinagar(DISTRICT MAGISTRATE KUSHINAGAR PADRAUNA_IDA),Kushinagar(DISTRICT MAGISTRATE KUSHINAGAR PADRAUNA_IDA),IDA,130,59179902.0,44.3,7,0.0012,45.0
MP:Rao Inderjit Singh,Rao Inderjit Singh,MP,17,18950438.0,43.0,1,0.0006,15.0
CONST:GURGAON,GURGAON,Constituency,17,18950438.0,43.0,1,0.0031,15.0
MP:BRIJMOHAN AGRAWAL,BRIJMOHAN AGRAWAL,MP,67,47075504.0,31.9,4,0.0006,30.0
CONST:RAIPUR,RAIPUR,Constituency,67,47075504.0,31.9,4,0.0018,30.0
IDA:RAIPUR(DISTRICT COLLECTOR RAIPUR_IDA),RAIPUR(DISTRICT COLLECTOR RAIPUR_IDA),IDA,54,37340636.0,32.9,4,0.0006,30.0
MP:Raju Bista,Raju Bista,MP,105,56071493.0,46.7,16,0.0006,45.0
CONST:DARJEELING,DARJEELING,Constituency,105,56071493.0,46.7,16,0.0018,45.0
IDA:DARJEELING(DISTRICT MAGISTRATE DARJEELING_IDA),DARJEELING(DISTRICT MAGISTRATE DARJEELING_IDA),IDA,80,42932986.0,49.3,16,0.0006,45.0
IDA:KALIMPONG(District Magistrate Kalimpong_IDA),KALIMPONG(District Magistrate Kalimpong_IDA),IDA,25,13138507.0,38.6,0,0.0006,15.0
IDA:HISAR(DEPUTY COMMISSIONER HISSAR_IDA),HISAR(DEPUTY COMMISSIONER HISSAR_IDA),IDA,136,54772470.0,39.7,22,0.0018,45.0
MP:Manickam Tagore B,Manickam Tagore B,MP,44,50999333.0,48.8,6,0.0006,45.0
CONST:VIRUDHUNAGAR,VIRUDHUNAGAR,Constituency,44,50999333.0,48.8,6,0.0018,45.0
IDA:MADURAI(DISTRICT COLLECTOR MADURAI_IDA),MADURAI(DISTRICT COLLECTOR MADURAI_IDA),IDA,43,44121412.0,53.1,7,0.0018,70.0
MP:MALVIKA DEVI,MALVIKA DEVI,MP,123,37912000.0,29.0,11,0.0006,45.0
CONST:KALAHANDI,KALAHANDI,Constituency,123,37912000.0,29.0,11,0.0018,45.0
IDA:KALAHANDI(DISTRICT COLLECTOR KALAHANDI_IDA),KALAHANDI(DISTRICT COLLECTOR KALAHANDI_IDA),IDA,95,31498000.0,26.7,11,0.0006,45.0
MP:Y S Avinash Reddy,Y S Avinash Reddy,MP,87,38111893.0,43.2,6,0.0006,45.0
CONST:KADAPA,KADAPA,Constituency,87,38111893.0,43.2,6,0.0012,45.0
IDA:Y.S.R. Kadapa(DISTRICT COLLECTOR CUDDAPAH_IDA),Y.S.R. Kadapa(DISTRICT COLLECTOR CUDDAPAH_IDA),IDA,89,41092645.0,43.4,6,0.0018,45.0
IDA:GURUGRAM(DC CUM NODAL OFFICER MPLADS_5),GURUGRAM(DC CUM NODAL OFFICER MPLADS_5),IDA,8,9485000.0,54.3,0,0.0012,40.0
MP:Shri Hibi Eden,Shri Hibi Eden,MP,48,56619305.0,55.7,9,0.0006,70.0
CONST:ERNAKULAM,ERNAKULAM,Constituency,48,56619305.0,55.7,9,0.0012,70.0
IDA:ERNAKULAM(DISTRICT COLLECTOR ERNAKULAM_IDA),ERNAKULAM(DISTRICT COLLECTOR ERNAKULAM_IDA),IDA,147,92884224.0,47.9,21,0.0025,45.0
MP:Mahesh Sharma,Mahesh Sharma,MP,56,48856918.28,15.2,0,0.0006,15.0
CONST:GAUTAM BUDDHA NAGAR,GAUTAM BUDDHA NAGAR,Constituency,56,48856918.28,15.2,0,0.0018,15.0
IDA:GAUTAM BUDDHA NAGAR(DISTRICT MAGISTRATE GAUTAMBUDHNAGAR),GAUTAM BUDDHA NAGAR(DISTRICT MAGISTRATE GAUTAMBUDHNAGAR),IDA,31,29815651.28,16.1,0,0.0006,15.0
MP:LALJI VERMA,LALJI VERMA,MP,141,48784321.0,30.6,0,0.0006,15.0
CONST:AMBEDKAR NAGAR,AMBEDKAR NAGAR,Constituency,141,48784321.0,30.6,0,0.0018,15.0
IDA:AYODHYA(DISTRICT MAGISTRAE FAIZABAD_IDA),AYODHYA(DISTRICT MAGISTRAE FAIZABAD_IDA),IDA,46,56122649.0,18.5,0,0.0012,15.0
MP:Gyaneshwar Patil,Gyaneshwar Patil,MP,151,48977365.0,62.5,116,0.0006,70.0
CONST:KHANDWA,KHANDWA,Constituency,151,48977365.0,62.5,116,0.0031,70.0
IDA:BURHANPUR(District Collector Burhanpur_IDA),BURHANPUR(District Collector Burhanpur_IDA),IDA,25,8526100.0,56.3,16,0.0006,70.0
IDA:AMBEDKAR NAGAR(DISTRICT MAGISTRATE AMBEDKAR NAGAR_IDA),AMBEDKAR NAGAR(DISTRICT MAGISTRATE AMBEDKAR NAGAR_IDA),IDA,129,40231747.0,32.3,0,0.0006,15.0
MP:Shri vijayakumar Vasanth,Shri vijayakumar Vasanth,MP,53,60176623.0,31.1,8,0.0006,45.0
CONST:KANNIYAKUMARI,KANNIYAKUMARI,Constituency,53,60176623.0,31.1,8,0.0012,45.0
IDA:KANNIYAKUMARI(DISTRICT COLLECTOR KANNIYAKUMARI_IDA),KANNIYAKUMARI(DISTRICT COLLECTOR KANNIYAKUMARI_IDA),IDA,53,60176623.0,31.1,8,0.0006,45.0
MP:KALIPADA SAREN,KALIPADA SAREN,MP,27,47724974.0,30.9,0,0.0006,15.0
CONST:JHARGRAM(ST),JHARGRAM(ST),Constituency,27,47724974.0,30.9,0,0.0018,15.0
IDA:Jhargram(DISTRICT MAGISTRATE JHARGRAM_IDA),Jhargram(DISTRICT MAGISTRATE JHARGRAM_IDA),IDA,26,44736381.0,30.7,0,0.0006,15.0
MP:AKSHAYA YADAV,AKSHAYA YADAV,MP,42,96154158.0,27.9,0,0.0006,15.0
CONST:FIROZABAD,FIROZABAD,Constituency,42,96154158.0,27.9,0,0.0012,15.0
IDA:FIROZABAD(DISTRICT MAGISTRATE FIROZABAD_IDA),FIROZABAD(DISTRICT MAGISTRATE FIROZABAD_IDA),IDA,42,96154158.0,27.9,0,0.0006,15.0
MP:SANJNA JATAV,SANJNA JATAV,MP,88,41041765.1,31.9,0,0.0006,15.0
CONST:BHARATPUR(SC),BHARATPUR(SC),Constituency,88,41041765.1,31.9,0,0.0025,15.0
MP:ADV GOWAAL KAGADA PADAVI,ADV GOWAAL KAGADA PADAVI,MP,3,3197000.0,61.2,1,0.0006,40.0
CONST:NANDURBAR(ST),NANDURBAR(ST),Constituency,3,3197000.0,61.2,1,0.0012,40.0
IDA:NANDURBAR(DISTRICT COLLECTOR NANDURBAR_IDA),NANDURBAR(DISTRICT COLLECTOR NANDURBAR_IDA),IDA,3,3197000.0,61.2,1,0.0006,40.0
MP:Maddila Gurumoorthy,Maddila Gurumoorthy,MP,130,41504454.0,19.6,4,0.0006,30.0
CONST:TIRUPATI(SC),TIRUPATI(SC),Constituency,130,41504454.0,19.6,4,0.0025,30.0
IDA:Tirupati(DISTRICT COLLECTOR TIRUPATI_IDA),Tirupati(DISTRICT COLLECTOR TIRUPATI_IDA),IDA,127,39182035.0,19.8,4,0.0012,30.0
MP:BALWANT BASWANT WANKHADE,BALWANT BASWANT WANKHADE,MP,65,69963000.0,37.7,4,0.0006,30.0
CONST:AMRAVATI(SC),AMRAVATI(SC),Constituency,65,69963000.0,37.7,4,0.0012,30.0
IDA:AMRAVATI(DISTRICT COLLECTOR AMRAVATI_IDA),AMRAVATI(DISTRICT COLLECTOR AMRAVATI_IDA),IDA,65,69963000.0,37.7,4,0.0006,30.0
MP:Vijay Baghel,Vijay Baghel,MP,60,17648018.0,68.1,53,0.0006,70.0
CONST:DURG,DURG,Constituency,60,17648018.0,68.1,53,0.0018,70.0
IDA:DURG(DISTRICT COLLECTOR DURG_IDA),DURG(DISTRICT COLLECTOR DURG_IDA),IDA,49,11137181.0,68.3,43,0.0006,70.0
MP:Shri Chandra Prakash Choudhary,Shri Chandra Prakash Choudhary,MP,454,39886462.0,32.4,0,0.0006,15.0
CONST:GIRIDIH,GIRIDIH,Constituency,454,39886462.0,32.4,0,0.0018,15.0
IDA:GIRIDIH(Deputy Commissioner Giridh_IDA),GIRIDIH(Deputy Commissioner Giridh_IDA),IDA,111,25704174.0,38.6,2,0.0012,30.0
MP:Vinod Chavda,Vinod Chavda,MP,76,30506195.0,39.0,2,0.0006,30.0
CONST:KACHCHH(SC),KACHCHH(SC),Constituency,76,30506195.0,39.0,2,0.0018,30.0
IDA:KACHCHH(DISTRICT COLLECTOR KUTCH_IDA),KACHCHH(DISTRICT COLLECTOR KUTCH_IDA),IDA,75,30006195.0,39.4,2,0.0006,30.0
MP:MALVINDER SINGH KANG,MALVINDER SINGH KANG,MP,116,48751674.0,24.5,4,0.0006,30.0
CONST:ANANDPUR SAHIB,ANANDPUR SAHIB,Constituency,116,48751674.0,24.5,4,0.0037,30.0
IDA:RUPNAGAR(DEPUTY COMMISSIONER ROOPNAGAR_IDA),RUPNAGAR(DEPUTY COMMISSIONER ROOPNAGAR_IDA),IDA,51,23249589.0,24.2,4,0.0006,30.0
IDA:VIRUDHUNAGAR(DISTRICT COLLECTOR VIRUDHUNAGAR_IDA),VIRUDHUNAGAR(DISTRICT COLLECTOR VIRUDHUNAGAR_IDA),IDA,54,46910673.0,36.5,5,0.0018,45.0
MP:Indra Hang Subba,Indra Hang Subba,MP,21,48878159.0,31.5,2,0.0006,30.0
CONST:SIKKIM,SIKKIM,Constituency,21,48878159.0,31.5,2,0.0031,30.0
IDA:Gangtok(DISTRICT COLLECTOR EAST DISTRICT_IDA),Gangtok(DISTRICT COLLECTOR EAST DISTRICT_IDA),IDA,12,24500000.0,28.0,0,0.0006,15.0
MP:Shri Suresh Kodikunnil,Shri Suresh Kodikunnil,MP,69,45311919.0,32.2,9,0.0006,45.0
CONST:MAVELIKKARA(SC),MAVELIKKARA(SC),Constituency,69,45311919.0,32.2,9,0.0025,45.0
MP:Shri LS Tejasvi Surya,Shri LS Tejasvi Surya,MP,18,20583617.0,53.7,5,0.0006,70.0
CONST:BANGALORE SOUTH,BANGALORE SOUTH,Constituency,18,20583617.0,53.7,5,0.0018,70.0
IDA:BENGALURU URBAN(DEPUTY COMMISSIONER BANGALORE URBAN_IDA),BENGALURU URBAN(DEPUTY COMMISSIONER BANGALORE URBAN_IDA),IDA,71,74889070.0,48.6,13,0.0031,45.0
IDA:CHIKKAMAGALURU(DEPUTY COMMISSIONER CHIKMAGALUR),CHIKKAMAGALURU(DEPUTY COMMISSIONER CHIKMAGALUR),IDA,49,20230237.0,60.8,20,0.0018,70.0
MP:RACHNA BANERJEE,RACHNA BANERJEE,MP,41,27350742.0,41.3,6,0.0006,45.0
CONST:HOOGHLY,HOOGHLY,Constituency,41,27350742.0,41.3,6,0.0012,45.0
IDA:HOOGHLY(DISTRICT MAGISTRATE HOOGHLY_IDA),HOOGHLY(DISTRICT MAGISTRATE HOOGHLY_IDA),IDA,158,98351476.0,26.5,6,0.0018,45.0
MP:Nitin Jairam Gadkari,Nitin Jairam Gadkari,MP,14,18714993.0,31.5,0,0.0006,15.0
CONST:NAGPUR,NAGPUR,Constituency,14,18714993.0,31.5,0,0.0012,15.0
IDA:NAGPUR(DISTRICT COLLECTOR NAGPUR_IDA),NAGPUR(DISTRICT COLLECTOR NAGPUR_IDA),IDA,14,18714993.0,31.5,0,0.0006,15.0
MP:Jai Prakash,Jai Prakash,MP,12,48884859.0,56.0,4,0.0006,55.0
CONST:HARDOI (SC),HARDOI (SC),Constituency,12,48884859.0,56.0,4,0.0012,55.0
IDA:HARDOI(DISTRICT MAGISTRATE HARDOI_IDA),HARDOI(DISTRICT MAGISTRATE HARDOI_IDA),IDA,12,48884859.0,56.0,4,0.0006,55.0
MP:BAPI HALDAR,BAPI HALDAR,MP,115,50187940.0,26.7,0,0.0006,15.0
CONST:MATHURAPUR(SC),MATHURAPUR(SC),Constituency,115,50187940.0,26.7,0,0.0012,15.0
MP:BIJULI KALITA MEDHI,BIJULI KALITA MEDHI,MP,54,44700000.0,43.0,2,0.0006,30.0
CONST:GUWAHATI,GUWAHATI,Constituency,54,44700000.0,43.0,2,0.0025,30.0
IDA:KAMRUP METRO(DEPUTY COMMISSIONER KAMRUP METROPOLITAN_IDA),KAMRUP METRO(DEPUTY COMMISSIONER KAMRUP METROPOLITAN_IDA),IDA,20,24650000.0,44.7,1,0.0006,15.0
MP:KALI CHARAN MUNDA,KALI CHARAN MUNDA,MP,79,48958000.0,30.0,0,0.0006,15.0
CONST:KHUNTI(ST),KHUNTI(ST),Constituency,79,48958000.0,30.0,0,0.0037,15.0
IDA:KHUNTI(DEPUTY COMMISSIONER KHUNTI_IDA),KHUNTI(DEPUTY COMMISSIONER KHUNTI_IDA),IDA,41,25550000.0,29.6,0,0.0006,15.0
IDA:GOALPARA(Deputy Commissioner Goalpara_IDA),GOALPARA(Deputy Commissioner Goalpara_IDA),IDA,39,22250000.0,39.6,0,0.0012,15.0
MP:VIJAYLAKSHMI DEVI,VIJAYLAKSHMI DEVI,MP,57,56845578.0,71.0,55,0.0006,85.0
CONST:SIWAN,SIWAN,Constituency,57,56845578.0,71.0,55,0.0012,85.0
IDA:SIWAN(DISTRICT PLANNING OFFICER SIWAN_IDA),SIWAN(DISTRICT PLANNING OFFICER SIWAN_IDA),IDA,57,56845578.0,71.0,55,0.0006,85.0
IDA:ROHTAS(District Planning Officer Rohtas_IDA),ROHTAS(District Planning Officer Rohtas_IDA),IDA,51,39857208.0,38.3,8,0.0025,45.0
MP:Prof SP Singh Baghel,Prof SP Singh Baghel,MP,41,48944768.0,17.1,0,0.0006,15.0
CONST:AGRA(SC),AGRA(SC),Constituency,41,48944768.0,17.1,0,0.0018,15.0
IDA:AGRA(DISTRICT MAGISTRAE AGRA_IDA),AGRA(DISTRICT MAGISTRAE AGRA_IDA),IDA,79,101937427.0,19.5,0,0.0018,15.0
MP:Putta Mahesh Kumar,Putta Mahesh Kumar,MP,62,44069092.0,68.3,49,0.0006,70.0
CONST:ELURU,ELURU,Constituency,62,44069092.0,68.3,49,0.0018,70.0
IDA:Eluru(DISTRICT COLLECTOR ELURU_IDA),Eluru(DISTRICT COLLECTOR ELURU_IDA),IDA,61,41569092.0,68.8,49,0.0006,70.0
IDA:Pakyong(DISTRICT COLLECTOR PAKYONG_IDA),Pakyong(DISTRICT COLLECTOR PAKYONG_IDA),IDA,2,3000000.0,16.9,0,0.0006,15.0
MP:Prabhubhai Nagarbhai Vasava,Prabhubhai Nagarbhai Vasava,MP,66,21004453.0,31.7,3,0.0006,30.0
CONST:BARDOLI(ST),BARDOLI(ST),Constituency,66,21004453.0,31.7,3,0.0018,30.0
IDA:SURAT(DISTRICT COLLECTOR SURAT_IDA),SURAT(DISTRICT COLLECTOR SURAT_IDA),IDA,138,39331659.0,29.8,2,0.0018,30.0
MP:SHASHANK MANI,SHASHANK MANI,MP,43,45568332.0,22.6,1,0.0006,15.0
CONST:DEORIA,DEORIA,Constituency,43,45568332.0,22.6,1,0.0018,15.0
IDA:TAPI(District collector Tapi_IDA),TAPI(District collector Tapi_IDA),IDA,5,823500.0,57.2,1,0.0006,40.0
MP:Ms Mahua Moitra,Ms Mahua Moitra,MP,33,62559312.0,37.6,2,0.0006,30.0
CONST:KRISHNANAGAR,KRISHNANAGAR,Constituency,33,62559312.0,37.6,2,0.0012,30.0
IDA:NADIA(DISTRICT MAGISTRATE NADIA_IDA),NADIA(DISTRICT MAGISTRATE NADIA_IDA),IDA,160,116833066.0,32.8,4,0.0018,30.0
MP:THARANIVENTHAN M S,THARANIVENTHAN M S,MP,129,70962826.0,27.7,1,0.0006,15.0
CONST:ARANI,ARANI,Constituency,129,70962826.0,27.7,1,0.0018,15.0
MP:Swami Sachchidanandhari Sakshi ji Maharaj,Swami Sachchidanandhari Sakshi ji Maharaj,MP,50,57070437.0,26.3,0,0.0006,15.0
CONST:UNNAO,UNNAO,Constituency,50,57070437.0,26.3,0,0.0018,15.0
IDA:UNNAO(DISTRICT MAGIISTRATE UNNAO_IDA),UNNAO(DISTRICT MAGIISTRATE UNNAO_IDA),IDA,49,52072908.0,25.9,0,0.0006,15.0
MP:AMARSING TISSO,AMARSING TISSO,MP,51,47283742.0,32.3,2,0.0006,30.0
CONST:Diphu (ST),Diphu (ST),Constituency,51,47283742.0,32.3,2,0.0025,30.0
IDA:KARBI ANGLONG(DEPUTY COMMISSIONER KARBI ANGLONG_IDA),KARBI ANGLONG(DEPUTY COMMISSIONER KARBI ANGLONG_IDA),IDA,42,38882540.0,27.6,0,0.0006,15.0
MP:Rajkumar Chahar,Rajkumar Chahar,MP,26,48475758.0,23.2,0,0.0006,15.0
CONST:FATEHPUR SIKRI,FATEHPUR SIKRI,Constituency,26,48475758.0,23.2,0,0.0012,15.0
MP:Anurag Sharma,Anurag Sharma,MP,84,48155808.0,15.1,0,0.0006,15.0
CONST:JHANSI,JHANSI,Constituency,84,48155808.0,15.1,0,0.0018,15.0
IDA:JHANSI(DISTRICT MAGISTRAE JHANSI_IDA),JHANSI(DISTRICT MAGISTRAE JHANSI_IDA),IDA,64,31534564.0,30.9,16,0.0012,45.0
MP:Shri Abhishek Banerjee,Shri Abhishek Banerjee,MP,157,48618624.0,26.9,1,0.0006,15.0
CONST:DIAMOND HARBOUR,DIAMOND HARBOUR,Constituency,157,48618624.0,26.9,1,0.0018,15.0
IDA:MOGA(Deputy Commissioner Moga),MOGA(Deputy Commissioner Moga),IDA,65,20585000.0,57.6,38,0.0006,70.0
MP:PRANITI SUSHILKUMAR SHINDE,PRANITI SUSHILKUMAR SHINDE,MP,1,499880.0,71.5,1,0.0006,55.0
CONST:SOLAPUR(SC),SOLAPUR(SC),Constituency,1,499880.0,71.5,1,0.0012,55.0
IDA:SOLAPUR(DISTRICT COLLECTOR SOLAPUR_IDA),SOLAPUR(DISTRICT COLLECTOR SOLAPUR_IDA),IDA,46,11318986.0,54.2,3,0.0018,55.0
MP:Ravi Shankar Prasad,Ravi Shankar Prasad,MP,48,37399974.0,18.1,0,0.0006,15.0
CONST:PATNA SAHIB,PATNA SAHIB,Constituency,48,37399974.0,18.1,0,0.0012,15.0
IDA:PATNA(DISTRICT PLANNING OFFICER PATNA_IDA),PATNA(DISTRICT PLANNING OFFICER PATNA_IDA),IDA,48,37399974.0,18.1,0,0.0006,15.0
MP:Amol Ramsing Kolhe,Amol Ramsing Kolhe,MP,26,21380568.0,56.9,9,0.0006,70.0
CONST:SHIRUR,SHIRUR,Constituency,26,21380568.0,56.9,9,0.0012,70.0
IDA:PUNE(DISTRICT COLLECTOR PUNE_IDA),PUNE(DISTRICT COLLECTOR PUNE_IDA),IDA,114,89983751.0,55.9,45,0.0025,70.0
MP:Om Birla,Om Birla,MP,25,19495169.0,30.2,0,0.0006,15.0
CONST:KOTA,KOTA,Constituency,25,19495169.0,30.2,0,0.0018,15.0
IDA:KOTA(DISTRICT COLLECTOR KOTA_IDA),KOTA(DISTRICT COLLECTOR KOTA_IDA),IDA,16,13595169.0,28.5,0,0.0006,15.0
MP:Shri Sudheer Gupta,Shri Sudheer Gupta,MP,68,11094092.0,66.3,33,0.0006,70.0
CONST:MANDSOUR,MANDSOUR,Constituency,68,11094092.0,66.3,33,0.0018,70.0
IDA:MANDSAUR(DISTRICT COLLECTOR MANDSAUR_IDA),MANDSAUR(DISTRICT COLLECTOR MANDSAUR_IDA),IDA,41,8149246.0,64.7,31,0.0006,70.0
IDA:NEEMUCH(District Collector Neemuch_IDA),NEEMUCH(District Collector Neemuch_IDA),IDA,27,2944846.0,68.6,2,0.0006,55.0
IDA:Viluppuram(DISTRICT COLLECTOR VILLUPURAM_IDA),Viluppuram(DISTRICT COLLECTOR VILLUPURAM_IDA),IDA,95,70090467.0,20.4,8,0.0012,45.0
MP:AJENDRA SINGH LODHI,AJENDRA SINGH LODHI,MP,77,49728000.0,58.1,23,0.0006,70.0
CONST:HAMIRPUR_UP,HAMIRPUR_UP,Constituency,77,49728000.0,58.1,23,0.0025,70.0
IDA:MAHOBA(DISTRICT MAGISTRAE MAHOBA_IDA),MAHOBA(DISTRICT MAGISTRAE MAHOBA_IDA),IDA,42,23729000.0,61.1,12,0.0006,70.0
IDA:HAMIRPUR(DISTRICT MAGISTRATE HAMIRPUR_2),HAMIRPUR(DISTRICT MAGISTRATE HAMIRPUR_2),IDA,30,22499000.0,57.8,11,0.0006,70.0
MP:KRISHNA DEVI SHIVSHANKER PATEL,KRISHNA DEVI SHIVSHANKER PATEL,MP,191,47829424.12000001,27.2,0,0.0006,15.0
CONST:BANDA,BANDA,Constituency,191,47829424.12000001,27.2,0,0.0018,15.0
IDA:BANDA(DISTRICT MAGISTRATE BANDA_IDA),BANDA(DISTRICT MAGISTRATE BANDA_IDA),IDA,152,41354712.12000001,26.0,0,0.0012,15.0
IDA:Deeg(DISTRICT COLLECTOR Deeg_IDA),Deeg(DISTRICT COLLECTOR Deeg_IDA),IDA,16,6949858.0,34.9,0,0.0006,15.0
IDA:BHARATPUR(DISTRICT COLLECTOR BHARATPUR_IDA),BHARATPUR(DISTRICT COLLECTOR BHARATPUR_IDA),IDA,34,15378620.0,32.4,0,0.0006,15.0
MP:Smt Satabdi Roy (Banerjee),Smt Satabdi Roy (Banerjee),MP,44,26373700.6,27.7,4,0.0006,30.0
CONST:BIRBHUM,BIRBHUM,Constituency,44,26373700.6,27.7,4,0.0012,30.0
MP:Saumitra khan,Saumitra khan,MP,65,71102321.0,55.4,28,0.0006,70.0
CONST:BISHNUPUR(SC),BISHNUPUR(SC),Constituency,65,71102321.0,55.4,28,0.0012,70.0
IDA:BANKURA(DISTRICT MAGISTRATE BANKURA_IDA),BANKURA(DISTRICT MAGISTRATE BANKURA_IDA),IDA,87,111449207.0,49.2,28,0.0012,45.0
MP:Kangana Ranaut,Kangana Ranaut,MP,94,28182084.0,30.0,2,0.0006,30.0
CONST:MANDI,MANDI,Constituency,94,28182084.0,30.0,2,0.0025,30.0
IDA:KULLU(DEPUTY COMMISSIONER KULLU_IDA),KULLU(DEPUTY COMMISSIONER KULLU_IDA),IDA,12,8693740.0,37.8,1,0.0006,15.0
IDA:MANDI(DEPUTY COMMISSIONER MANDI_IDA),MANDI(DEPUTY COMMISSIONER MANDI_IDA),IDA,80,18688344.0,28.8,1,0.0006,15.0
MP:Shri Tapir Gao,Shri Tapir Gao,MP,48,49995613.0,27.2,0,0.0006,15.0
CONST:ARUNACHAL EAST,ARUNACHAL EAST,Constituency,48,49995613.0,27.2,0,0.0074,15.0
IDA:NAMSAI(Deputy Commisioner Namsai_IDA),NAMSAI(Deputy Commisioner Namsai_IDA),IDA,8,6495613.0,12.9,0,0.0006,15.0
IDA:SIMDEGA(Deputy Commissioner simdega_IDA),SIMDEGA(Deputy Commissioner simdega_IDA),IDA,18,11500000.0,29.9,0,0.0006,15.0
MP:CHINTAMANI MAHARAJ,CHINTAMANI MAHARAJ,MP,153,52567907.0,23.0,4,0.0006,30.0
CONST:SARGUJA(ST),SARGUJA(ST),Constituency,153,52567907.0,23.0,4,0.0031,30.0
IDA:SURGUJA(Collector Surguja_IDA),SURGUJA(Collector Surguja_IDA),IDA,71,22922984.0,22.1,4,0.0006,30.0
MP:C R Patil,C R Patil,MP,203,48358530.0,20.3,0,0.0006,15.0
CONST:NAVSARI,NAVSARI,Constituency,203,48358530.0,20.3,0,0.0018,15.0
IDA:NAVSARI(DISTRICT COLLECTOR NAVSARI_IDA),NAVSARI(DISTRICT COLLECTOR NAVSARI_IDA),IDA,206,48469976.0,21.0,0,0.0012,15.0
MP:K Subbarayan,K Subbarayan,MP,54,58530896.0,53.6,9,0.0006,70.0
CONST:TIRUPPUR,TIRUPPUR,Constituency,54,58530896.0,53.6,9,0.0018,70.0
IDA:TIRUPPUR(DISTRICT COLLECTOR TIRUPPUR_IDA),TIRUPPUR(DISTRICT COLLECTOR TIRUPPUR_IDA),IDA,64,58649055.0,56.2,15,0.0031,70.0
IDA:EAST SIANG(Deputy Commisioner East Siang_IDA),EAST SIANG(Deputy Commisioner East Siang_IDA),IDA,18,17800000.0,33.0,0,0.0006,15.0
IDA:ERODE(DISTRICT_COLLECTORE_ERODE_IDA),ERODE(DISTRICT_COLLECTORE_ERODE_IDA),IDA,63,61089186.0,35.0,5,0.0018,45.0
IDA:LOWER DIBANG VALLEY(Deputy Commisioner Lower Dibang Valley_IDA),LOWER DIBANG VALLEY(Deputy Commisioner Lower Dibang Valley_IDA),IDA,7,8100000.0,20.4,0,0.0006,15.0
IDA:SIANG(Deputy Commisioner Siang_IDA),SIANG(Deputy Commisioner Siang_IDA),IDA,2,2000000.0,30.8,0,0.0006,15.0
"IDA:UPPER SIANG(DISTRICT PLANNING OFFICER,YINGKIONG)","UPPER SIANG(DISTRICT PLANNING OFFICER,YINGKIONG)",IDA,1,2000000.0,55.4,0,0.0006,40.0
IDA:DIBANG VALLEY(Deputy Commisioner Dibang Valley_IDA),DIBANG VALLEY(Deputy Commisioner Dibang Valley_IDA),IDA,1,1200000.0,54.1,0,0.0006,40.0
IDA:TIRAP(DEPUTY COMMISSIONER TIRAP_IDA),TIRAP(DEPUTY COMMISSIONER TIRAP_IDA),IDA,1,1000000.0,12.9,0,0.0006,15.0
IDA:LONGDING(Deputy Commisioner Longding_IDA),LONGDING(Deputy Commisioner Longding_IDA),IDA,3,3000000.0,12.9,0,0.0006,15.0
IDA:FAZILKA(DEPUTY COMMISSIONER FAZILKA_IDA),FAZILKA(DEPUTY COMMISSIONER FAZILKA_IDA),IDA,29,7073912.0,58.3,22,0.0006,70.0
IDA:RANCHI(DEPUTY COMMISSIONER RANCHI_IDA),RANCHI(DEPUTY COMMISSIONER RANCHI_IDA),IDA,100,78784100.0,26.6,0,0.0018,15.0
MP:Rodmal Nagar,Rodmal Nagar,MP,112,48678603.0,73.2,106,0.0006,85.0
CONST:RAJGARH,RAJGARH,Constituency,112,48678603.0,73.2,106,0.0012,85.0
IDA:RAJGARH(DISTRICT COLLECTOR RAJGARH_IDA),RAJGARH(DISTRICT COLLECTOR RAJGARH_IDA),IDA,112,48678603.0,73.2,106,0.0006,85.0
IDA:Mahisagar(COLLECTOR MAHISAGAR_IDA),Mahisagar(COLLECTOR MAHISAGAR_IDA),IDA,35,5550000.0,35.9,1,0.0012,15.0
MP:BAG MITALI,BAG MITALI,MP,77,40475237.0,23.7,0,0.0006,15.0
CONST:ARAMBAG(SC),ARAMBAG(SC),Constituency,77,40475237.0,23.7,0,0.0018,15.0
IDA:Balrampur-Ramanujganj(District Collector BALRAMPUR_IDA),Balrampur-Ramanujganj(District Collector BALRAMPUR_IDA),IDA,19,15942146.0,40.5,0,0.0006,15.0
IDA:LOHIT(DEPUTY COMMISSIONER LOHIT_IDA),LOHIT(DEPUTY COMMISSIONER LOHIT_IDA),IDA,3,2600000.0,34.2,0,0.0006,15.0
IDA:ANJAW(Deputy Commisioner Anjaw_IDA),ANJAW(Deputy Commisioner Anjaw_IDA),IDA,2,4000000.0,35.5,0,0.0006,15.0
MP:GM Harish Balayogi,GM Harish Balayogi,MP,16,37966597.0,25.3,0,0.0006,15.0
CONST:AMALAPURAM(SC),AMALAPURAM(SC),Constituency,16,37966597.0,25.3,0,0.0018,15.0
IDA:Dr. B.R. Ambedkar Konaseema(DISTRICT COLLECTOR Dr B R AMBEDKAR KONASEEMA_IDA),Dr. B.R. Ambedkar Konaseema(DISTRICT COLLECTOR Dr B R AMBEDKAR KONASEEMA_IDA),IDA,15,35966597.0,23.6,0,0.0006,15.0
IDA:Paschim Medinipur(DISTRICT MAGISTRATE PASCHIM MEDINIPUR_IDA),Paschim Medinipur(DISTRICT MAGISTRATE PASCHIM MEDINIPUR_IDA),IDA,152,93410541.0,64.5,118,0.0018,70.0
MP:CHHOTELAL,CHHOTELAL,MP,185,45473887.0,30.2,0,0.0006,15.0
CONST:ROBERTSGANJ(SC),ROBERTSGANJ(SC),Constituency,185,45473887.0,30.2,0,0.0018,15.0
IDA:CHANDAULI(DISTRICT MAGISTRATE CHANDAULI_IDA),CHANDAULI(DISTRICT MAGISTRATE CHANDAULI_IDA),IDA,98,39928269.0,15.0,0,0.0012,15.0
IDA:SONBHADRA(DISTRICT MAGISTRATE SONBHADRA_IDA),SONBHADRA(DISTRICT MAGISTRATE SONBHADRA_IDA),IDA,93,30645890.0,46.2,0,0.0006,15.0
MP:Arvind Dharmapuri,Arvind Dharmapuri,MP,410,145142241.0,37.8,95,0.0006,45.0
CONST:NIZAMABAD,NIZAMABAD,Constituency,410,145142241.0,37.8,95,0.0018,45.0
IDA:NIZAMABAD(DISTRICT COLLECTOR NIZAMABAD_IDA),NIZAMABAD(DISTRICT COLLECTOR NIZAMABAD_IDA),IDA,250,89317050.0,33.4,42,0.0006,45.0
IDA:Jagitial(DISTRICT COLLECTOR JAGTIAL_IDA),Jagitial(DISTRICT COLLECTOR JAGTIAL_IDA),IDA,177,60075190.0,44.6,53,0.0018,45.0
MP:Omprakash Bhupalsinh Alias Pawan Rajenimbalkar,Omprakash Bhupalsinh Alias Pawan Rajenimbalkar,MP,23,15126843.0,59.0,11,0.0006,70.0
CONST:OSMANABAD,OSMANABAD,Constituency,23,15126843.0,59.0,11,0.0025,70.0
IDA:Dharashiv(DISTRICT COLLECTOR OSMANABAD_IDA),Dharashiv(DISTRICT COLLECTOR OSMANABAD_IDA),IDA,17,11929824.0,60.2,9,0.0006,70.0
IDA:BOKARO(DEPUTY COMMISSIONER BOKARO_IDA),BOKARO(DEPUTY COMMISSIONER BOKARO_IDA),IDA,372,22990000.0,31.4,0,0.0006,15.0
MP:Smt Harsimrat Kaur Badal,Smt Harsimrat Kaur Badal,MP,132,49126313.0,28.8,25,0.0006,45.0
CONST:BHATINDA,BHATINDA,Constituency,132,49126313.0,28.8,25,0.0025,45.0
IDA:MANSA(DEPUTY COMMISSIONER MANSA_IDA),MANSA(DEPUTY COMMISSIONER MANSA_IDA),IDA,75,26950753.0,20.8,6,0.0018,45.0
IDA:KOLKATA(COMMISSIONER KOLKATA MUNICIPAL CORPORATION_IDA),KOLKATA(COMMISSIONER KOLKATA MUNICIPAL CORPORATION_IDA),IDA,85,97409509.0,27.5,0,0.0025,15.0
MP:DR. LATA WANKHEDE,DR. LATA WANKHEDE,MP,75,52990867.0,21.8,5,0.0006,45.0
CONST:SAGAR,SAGAR,Constituency,75,52990867.0,21.8,5,0.0018,45.0
IDA:SAGAR(DISTRICT COLLECTOR SAGAR_IDA),SAGAR(DISTRICT COLLECTOR SAGAR_IDA),IDA,75,42916999.0,22.7,5,0.0012,45.0
MP:K. C VENUGOPAL,K. C VENUGOPAL,MP,15,20303972.0,67.5,10,0.0006,70.0
CONST:ALAPPUZHA,ALAPPUZHA,Constituency,15,20303972.0,67.5,10,0.0018,70.0
IDA:ALAPPUZHA(DISTRICT COLLECTOR ALAPPUZHA_IDA),ALAPPUZHA(DISTRICT COLLECTOR ALAPPUZHA_IDA),IDA,37,33370070.0,57.6,19,0.0012,70.0
MP:Smt Sajda Ahmed,Smt Sajda Ahmed,MP,80,37325057.0,26.2,5,0.0006,45.0
CONST:ULUBERIA,ULUBERIA,Constituency,80,37325057.0,26.2,5,0.0012,45.0
IDA:HOWRAH(DISTRICT MAGISTRATE HOWRAH_IDA),HOWRAH(DISTRICT MAGISTRATE HOWRAH_IDA),IDA,106,66441515.0,24.6,5,0.0018,45.0
MP:HARENDRA SINGH MALIK,HARENDRA SINGH MALIK,MP,81,47681299.0,38.6,10,0.0006,45.0
CONST:MUZAFFARNAGAR,MUZAFFARNAGAR,Constituency,81,47681299.0,38.6,10,0.0018,45.0
IDA:MUZAFFARNAGAR(DISTRICT MAGISTRATE MUZAFFARNAGAR_IDA),MUZAFFARNAGAR(DISTRICT MAGISTRATE MUZAFFARNAGAR_IDA),IDA,96,60034392.0,41.1,9,0.0012,45.0
IDA:DIMA HASAO(DEPUTY COMMISSIONER Dima Hasao_IDA),DIMA HASAO(DEPUTY COMMISSIONER Dima Hasao_IDA),IDA,1,5000000.0,79.1,1,0.0006,55.0
IDA:BATHINDA(DEPUTY COMMISSIONER BHATINDA_IDA),BATHINDA(DEPUTY COMMISSIONER BHATINDA_IDA),IDA,45,17031229.0,35.0,14,0.0012,45.0
MP:MANNA LAL RAWAT,MANNA LAL RAWAT,MP,35,35708292.0,30.7,3,0.0006,30.0
CONST:UDAIPUR(ST),UDAIPUR(ST),Constituency,35,35708292.0,30.7,3,0.0031,30.0
IDA:Salumbar(DISTRICT COLLECTOR Salumbar_IDA),Salumbar(DISTRICT COLLECTOR Salumbar_IDA),IDA,3,1793000.0,48.1,1,0.0006,15.0
MP:RAHUL SINGH LODHI,RAHUL SINGH LODHI,MP,110,33053637.0,16.9,0,0.0006,15.0
CONST:DAMOH,DAMOH,Constituency,110,33053637.0,16.9,0,0.0025,15.0
IDA:DAMOH(DISTRICT COLLECTOR DAMOH_IDA),DAMOH(DISTRICT COLLECTOR DAMOH_IDA),IDA,76,23290670.0,15.4,0,0.0006,15.0
MP:Pradan Baruah,Pradan Baruah,MP,65,38000000.0,41.5,0,0.0006,15.0
CONST:LAKHIMPUR,LAKHIMPUR,Constituency,65,38000000.0,41.5,0,0.0025,15.0
IDA:DHEMAJI(DEPUTY COMMISSIONER DHEMAJI_IDA),DHEMAJI(DEPUTY COMMISSIONER DHEMAJI_IDA),IDA,38,23950000.0,40.8,0,0.0006,15.0
MP:Dileshwar Kamait,Dileshwar Kamait,MP,44,58072940.0,66.4,34,0.0006,70.0
CONST:SUPAUL,SUPAUL,Constituency,44,58072940.0,66.4,34,0.0018,70.0
IDA:SUPAUL(DISTRICT PLANNING OFFICER SUPAUL_IDA),SUPAUL(DISTRICT PLANNING OFFICER SUPAUL_IDA),IDA,43,56701336.0,67.2,34,0.0006,70.0
IDA:Khandwa (East Nimar)(DISTRICT COLLECTOR EAST NIMAR_IDA),Khandwa (East Nimar)(DISTRICT COLLECTOR EAST NIMAR_IDA),IDA,86,26115367.0,59.2,57,0.0012,70.0
MP:SACHITHANANTHAM R,SACHITHANANTHAM R,MP,33,45526343.0,36.9,0,0.0006,15.0
CONST:DINDIGUL,DINDIGUL,Constituency,33,45526343.0,36.9,0,0.0012,15.0
IDA:DINDIGUL(DISTRICT COLLECTOR DINDIGUL_IDA),DINDIGUL(DISTRICT COLLECTOR DINDIGUL_IDA),IDA,37,49194835.0,37.1,1,0.0012,15.0
IDA:KAMRUP(DEPUTY COMMISSIONER KAMRUP_IDA),KAMRUP(DEPUTY COMMISSIONER KAMRUP_IDA),IDA,8,4800000.0,51.9,1,0.0006,40.0
IDA:Kakinada(DISTRICT COLLECTOR KAKINADA_IDA),Kakinada(DISTRICT COLLECTOR KAKINADA_IDA),IDA,13,21220164.0,28.5,0,0.0018,15.0
MP:SHOBHANABEN MAHENDRASINH BARAIYA,SHOBHANABEN MAHENDRASINH BARAIYA,MP,131,43596000.0,33.7,31,0.0006,45.0
CONST:SABARKANTHA,SABARKANTHA,Constituency,131,43596000.0,33.7,31,0.0018,45.0
IDA:SABAR KANTHA(DISTRICT COLLECTOR SABARKANTHA_IDA),SABAR KANTHA(DISTRICT COLLECTOR SABARKANTHA_IDA),IDA,69,24196000.0,34.4,18,0.0006,45.0
MP:ROOP KUMARI CHOUDHARY,ROOP KUMARI CHOUDHARY,MP,77,44613836.0,46.5,31,0.0006,45.0
CONST:MAHASAMUND,MAHASAMUND,Constituency,77,44613836.0,46.5,31,0.0025,45.0
IDA:MAHASAMUND(DISTRICT COLLECTOR MAHASAMUND_IDA),MAHASAMUND(DISTRICT COLLECTOR MAHASAMUND_IDA),IDA,55,34313836.0,47.1,23,0.0006,45.0
MP:Smt Raksha Nikhil Khadse,Smt Raksha Nikhil Khadse,MP,2,3914664.0,32.1,0,0.0006,15.0
CONST:RAVER,RAVER,Constituency,2,3914664.0,32.1,0,0.0012,15.0
IDA:JALGAON(DISTRICT COLLECTOR JALGAON_IDA),JALGAON(DISTRICT COLLECTOR JALGAON_IDA),IDA,12,19945930.0,34.5,0,0.0012,15.0
MP:PRIYA SAROJ,PRIYA SAROJ,MP,1020,44704772.0,20.1,4,0.0006,30.0
CONST:MACHHLISHAHR(SC),MACHHLISHAHR(SC),Constituency,1020,44704772.0,20.1,4,0.0018,30.0
IDA:JAUNPUR(DISTRICT MAGISTRATE JAUNPUR_IDA),JAUNPUR(DISTRICT MAGISTRATE JAUNPUR_IDA),IDA,1330,70077927.0,25.6,54,0.0012,45.0
MP:Bhagirath Chaudhary,Bhagirath Chaudhary,MP,43,31611205.0,31.7,1,0.0006,15.0
CONST:AJMER,AJMER,Constituency,43,31611205.0,31.7,1,0.0031,15.0
IDA:AJMER(DISTRICT COLLECTOR AJMER_IDA),AJMER(DISTRICT COLLECTOR AJMER_IDA),IDA,26,20772514.0,32.7,1,0.0006,15.0
MP:Balashowry Vallabbhaneni,Balashowry Vallabbhaneni,MP,18,16283559.0,43.0,5,0.0006,45.0
CONST:MACHILIPATNAM,MACHILIPATNAM,Constituency,18,16283559.0,43.0,5,0.0018,45.0
IDA:KRISHNA(DISTRICT COLLECTOR KRISHNA_IDA),KRISHNA(DISTRICT COLLECTOR KRISHNA_IDA),IDA,17,16033559.0,42.2,5,0.0006,45.0
MP:Shri Jual Oram,Shri Jual Oram,MP,115,69788256.0,33.4,0,0.0006,15.0
CONST:SUNDARGARH (ST),SUNDARGARH (ST),Constituency,115,69788256.0,33.4,0,0.0012,15.0
IDA:Sundaragada(DISTRICT COLLECTOR SUNDARGARH_IDA),Sundaragada(DISTRICT COLLECTOR SUNDARGARH_IDA),IDA,115,69788256.0,33.4,0,0.0006,15.0
MP:DR C N MANJUNATH,DR C N MANJUNATH,MP,95,44564113.0,40.9,5,0.0006,45.0
CONST:BANGALORE RURAL,BANGALORE RURAL,Constituency,95,44564113.0,40.9,5,0.0031,45.0
IDA:Bengaluru South(DEPUTY COMMISSIONER RAMANAGARA_IDA),Bengaluru South(DEPUTY COMMISSIONER RAMANAGARA_IDA),IDA,76,35892116.0,39.9,3,0.0012,30.0
IDA:SARAIKELA KHARSAWAN(Deputy Commissioner saraikela_IDA),SARAIKELA KHARSAWAN(Deputy Commissioner saraikela_IDA),IDA,9,5000000.0,30.1,0,0.0006,15.0
MP:Alok Kumar Suman,Alok Kumar Suman,MP,38,39245507.0,66.6,27,0.0006,70.0
CONST:GOPALGANJ (SC),GOPALGANJ (SC),Constituency,38,39245507.0,66.6,27,0.0012,70.0
IDA:GOPALGANJ(DISTRICT PLANNING OFFICER GOPALGANJ_IDA),GOPALGANJ(DISTRICT PLANNING OFFICER GOPALGANJ_IDA),IDA,38,39245507.0,66.6,27,0.0006,70.0
MP:S SUPONGMEREN JAMIR,S SUPONGMEREN JAMIR,MP,39,98000000.0,43.1,1,0.0006,15.0
CONST:NAGALAND,NAGALAND,Constituency,39,98000000.0,43.1,1,0.0049,15.0
IDA:MOKOKCHUNG(Deputy Commissioner Mokokchung_IDA),MOKOKCHUNG(Deputy Commissioner Mokokchung_IDA),IDA,19,56062380.0,43.5,0,0.0006,15.0
IDA:KOHIMA(DEPUTY COMMISIONER_7),KOHIMA(DEPUTY COMMISIONER_7),IDA,6,22800000.0,44.1,0,0.0006,15.0
IDA:DIMAPUR(DEPUTY COMMISSIONER DIMAPUR_IDA),DIMAPUR(DEPUTY COMMISSIONER DIMAPUR_IDA),IDA,4,10700000.0,33.9,0,0.0006,15.0
IDA:Chumoukedima(Deputy Commissioner Chumoukedima_IDA),Chumoukedima(Deputy Commissioner Chumoukedima_IDA),IDA,6,6600000.0,45.1,1,0.0006,15.0
IDA:PEREN(Deputy Commissioner Peren_IDA),PEREN(Deputy Commissioner Peren_IDA),IDA,2,250000.0,69.5,0,0.0006,40.0
MP:Chandra Prakash Joshi,Chandra Prakash Joshi,MP,10,4193529.0,21.7,0,0.0006,15.0
CONST:CHITTORGARH,CHITTORGARH,Constituency,10,4193529.0,21.7,0,0.0025,15.0
IDA:CHITTORGARH(DISTRICT COLLECTOR CHITTORGARH_IDA),CHITTORGARH(DISTRICT COLLECTOR CHITTORGARH_IDA),IDA,9,4646389.0,22.6,0,0.0012,15.0
MP:MANJU SHARMA,MANJU SHARMA,MP,15,17897015.0,35.3,0,0.0006,15.0
CONST:JAIPUR,JAIPUR,Constituency,15,17897015.0,35.3,0,0.0012,15.0
IDA:JAIPUR(DISTRICT COLLECTOR JAIPUR_IDA),JAIPUR(DISTRICT COLLECTOR JAIPUR_IDA),IDA,16,19997015.0,37.7,1,0.0012,15.0
IDA:MON(Deputy Commissioner Mon_IDA),MON(Deputy Commissioner Mon_IDA),IDA,1,1087620.0,13.0,0,0.0006,15.0
MP:Andimuthu Raja,Andimuthu Raja,MP,48,44709830.0,58.4,17,0.0006,70.0
CONST:NILGIRIS(SC),NILGIRIS(SC),Constituency,48,44709830.0,58.4,17,0.0031,70.0
IDA:COIMBATORE(DISTRICT COLLECTOR COIMBATORE_IDA),COIMBATORE(DISTRICT COLLECTOR COIMBATORE_IDA),IDA,28,52737214.0,54.0,10,0.0018,70.0
MP:RAJ KUMAR ROAT,RAJ KUMAR ROAT,MP,47,52809967.0,26.8,0,0.0006,15.0
CONST:BANSWARA(ST),BANSWARA(ST),Constituency,47,52809967.0,26.8,0,0.0018,15.0
IDA:DUNGARPUR(DISTRICT COLLECTOR DUNGARPUR_IDA),DUNGARPUR(DISTRICT COLLECTOR DUNGARPUR_IDA),IDA,47,51116471.0,23.8,0,0.0012,15.0
IDA:DEORIA(DISTRICT MAGISTRATE DEORIA),DEORIA(DISTRICT MAGISTRATE DEORIA),IDA,65,50451831.0,26.8,0,0.0012,15.0
IDA:BANSWARA(DISTRICT COLLECTOR BANSWARA_IDA),BANSWARA(DISTRICT COLLECTOR BANSWARA_IDA),IDA,13,17679450.0,31.9,0,0.0006,15.0
MP:MANOJ KUMAR,MANOJ KUMAR,MP,33,30561445.0,30.2,0,0.0006,15.0
CONST:SASARAM(SC),SASARAM(SC),Constituency,33,30561445.0,30.2,0,0.0018,15.0
MP:MADHAVANENI RAGHUNANDAN RAO,MADHAVANENI RAGHUNANDAN RAO,MP,61,40723529.0,45.2,11,0.0006,45.0
CONST:MEDAK,MEDAK,Constituency,61,40723529.0,45.2,11,0.0025,45.0
IDA:SIDDIPET(District Collector Siddipet_IDA),SIDDIPET(District Collector Siddipet_IDA),IDA,89,32711282.0,42.7,9,0.0025,45.0
MP:D Ravikumar,D Ravikumar,MP,101,62347362.0,21.0,8,0.0006,45.0
CONST:VILUPPURAM(SC),VILUPPURAM(SC),Constituency,101,62347362.0,21.0,8,0.0018,45.0
IDA:BUNDI(DISTRICT COLLECTOR BUNDI_IDA),BUNDI(DISTRICT COLLECTOR BUNDI_IDA),IDA,14,8398758.0,33.6,0,0.0012,15.0
MP:Jyotsna Charandas Mahant,Jyotsna Charandas Mahant,MP,136,45938592.0,21.2,0,0.0006,15.0
CONST:KORBA,KORBA,Constituency,136,45938592.0,21.2,0,0.0031,15.0
IDA:KORBA(Collector-Korba),KORBA(Collector-Korba),IDA,92,31810463.0,22.0,0,0.0006,15.0
IDA:Gaurela-Pendra-Marwahi(Collector GPM_IDA),Gaurela-Pendra-Marwahi(Collector GPM_IDA),IDA,42,14322211.0,20.0,0,0.0012,15.0
MP:MURASOLI S,MURASOLI S,MP,32,54179770.0,34.8,0,0.0006,15.0
CONST:THANJAVUR,THANJAVUR,Constituency,32,54179770.0,34.8,0,0.0018,15.0
IDA:THANJAVUR(DISTRICT COLLECTOR THANJAVUR_IDA),THANJAVUR(DISTRICT COLLECTOR THANJAVUR_IDA),IDA,37,54557899.0,27.3,0,0.0012,15.0
MP:Shri Karti P Chidambaram,Shri Karti P Chidambaram,MP,73,52943423.0,38.2,9,0.0006,45.0
CONST:SIVAGANGA,SIVAGANGA,Constituency,73,52943423.0,38.2,9,0.0018,45.0
IDA:SIVAGANGA(DISTRICT COLLECTOR SIVAGANGA_IDA),SIVAGANGA(DISTRICT COLLECTOR SIVAGANGA_IDA),IDA,55,42292665.0,42.1,9,0.0006,45.0
MP:NALIN SOREN,NALIN SOREN,MP,169,54500000.0,32.1,0,0.0006,15.0
CONST:DUMKA(ST),DUMKA(ST),Constituency,169,54500000.0,32.1,0,0.0025,15.0
IDA:DUMKA(DEPUTY COMMISSIONER DUMKA_IDA),DUMKA(DEPUTY COMMISSIONER DUMKA_IDA),IDA,70,26300000.0,33.2,0,0.0006,15.0
IDA:ETAH(DISTRICT MAGISTRATE ETAH_IDA),ETAH(DISTRICT MAGISTRATE ETAH_IDA),IDA,100,29450312.0,12.7,0,0.0018,15.0
IDA:THIRUVARUR(DISTRICT COLLECTOR THIRUVARUR_IDA),THIRUVARUR(DISTRICT COLLECTOR THIRUVARUR_IDA),IDA,24,21125234.0,29.5,0,0.0012,15.0
MP:NARAYAN DAS AHIRWAR,NARAYAN DAS AHIRWAR,MP,151,36103216.80000001,74.7,151,0.0006,85.0
CONST:JALAUN(SC),JALAUN(SC),Constituency,151,36103216.80000001,74.7,151,0.0025,85.0
IDA:JALAUN(DISTRICT MAGISTRATE JALAUN_IDA),JALAUN(DISTRICT MAGISTRATE JALAUN_IDA),IDA,115,27945000.0,75.4,115,0.0006,85.0
IDA:KANPUR DEHAT(DISTRICT MAGISTRATE KANPUR DEHAT_IDA),KANPUR DEHAT(DISTRICT MAGISTRATE KANPUR DEHAT_IDA),IDA,54,17294132.8,60.3,20,0.0018,70.0
IDA:LOWER SIANG(Deputy Commisioner Lower Siang_IDA),LOWER SIANG(Deputy Commisioner Lower Siang_IDA),IDA,2,1800000.0,35.0,0,0.0006,15.0
MP:RAMASHANKAR RAJBHAR,RAMASHANKAR RAJBHAR,MP,89,40793312.0,37.1,0,0.0006,15.0
CONST:SALEMPUR,SALEMPUR,Constituency,89,40793312.0,37.1,0,0.0018,15.0
MP:NEERAJ MAURYA,NEERAJ MAURYA,MP,3,69875200.0,47.2,0,0.0006,15.0
CONST:AONLA,AONLA,Constituency,3,69875200.0,47.2,0,0.0012,15.0
IDA:BUDAUN(DISTRICT MAGISTRATE BUDAUN_IDA),BUDAUN(DISTRICT MAGISTRATE BUDAUN_IDA),IDA,61,108053773.0,41.1,0,0.0012,15.0
MP:GURMEET SINGH MEET HAYER,GURMEET SINGH MEET HAYER,MP,80,17939239.0,27.0,2,0.0006,30.0
CONST:SANGRUR,SANGRUR,Constituency,80,17939239.0,27.0,2,0.0025,30.0
IDA:BARNALA(DEPUTY COMMISSIONER BARNALA_IDA),BARNALA(DEPUTY COMMISSIONER BARNALA_IDA),IDA,73,15889239.0,25.9,0,0.0006,15.0
MP:Kakoli Ghosh Dastidar,Kakoli Ghosh Dastidar,MP,84,63148245.0,62.4,51,0.0006,70.0
CONST:BARASAT,BARASAT,Constituency,84,63148245.0,62.4,51,0.0018,70.0
MP:RAMESH AWASTHI,RAMESH AWASTHI,MP,1,3831541.0,36.1,0,0.0006,15.0
CONST:KANPUR,KANPUR,Constituency,1,3831541.0,36.1,0,0.0012,15.0
IDA:KANPUR NAGAR(DISTRICT MAGISTRAE KANPUR NAGAR_IDA),KANPUR NAGAR(DISTRICT MAGISTRAE KANPUR NAGAR_IDA),IDA,68,98522484.0,16.3,0,0.0018,15.0
MP:Pradyut Bordoloi,Pradyut Bordoloi,MP,89,42596000.0,44.4,15,0.0006,45.0
CONST:NOWGONG,NOWGONG,Constituency,89,42596000.0,44.4,15,0.0018,45.0
IDA:NAGAON(DEPUTY COMMISSIONER NOWGONG_IDA),NAGAON(DEPUTY COMMISSIONER NOWGONG_IDA),IDA,40,19706000.0,45.3,10,0.0006,45.0
MP:DR. RAJ KUMAR CHABBEWAL,DR. RAJ KUMAR CHABBEWAL,MP,79,33517653.0,44.9,36,0.0006,45.0
CONST:HOSHIARPUR(SC),HOSHIARPUR(SC),Constituency,79,33517653.0,44.9,36,0.0018,45.0
IDA:HOSHIARPUR(DEPUTY COMMISSIONER HOSHIARPUR_IDA),HOSHIARPUR(DEPUTY COMMISSIONER HOSHIARPUR_IDA),IDA,88,35944806.0,44.3,35,0.0012,45.0
MP:PARSHOTTAMBHAI RUPALA,PARSHOTTAMBHAI RUPALA,MP,55,26565821.0,30.0,3,0.0006,30.0
CONST:RAJKOT,RAJKOT,Constituency,55,26565821.0,30.0,3,0.0018,30.0
IDA:RAJKOT(DISTRICT COLLECTOR RAJKOT_IDA),RAJKOT(DISTRICT COLLECTOR RAJKOT_IDA),IDA,99,37704350.0,30.7,3,0.0012,30.0
IDA:MORBI(District collector Morbi_IDA),MORBI(District collector Morbi_IDA),IDA,41,14756397.0,30.2,0,0.0018,15.0
MP:Giridhari Yadav,Giridhari Yadav,MP,40,49674091.0,22.0,0,0.0006,15.0
CONST:BANKA,BANKA,Constituency,40,49674091.0,22.0,0,0.0018,15.0
IDA:BHAGALPUR(DISTRICT PLANNING OFFICER BHAGALPUR_IDA),BHAGALPUR(DISTRICT PLANNING OFFICER BHAGALPUR_IDA),IDA,36,42499582.0,19.6,0,0.0012,15.0
MP:ABHIJIT GANGOPADHYAY,ABHIJIT GANGOPADHYAY,MP,85,29365012.78,22.9,1,0.0006,15.0
CONST:TAMLUK,TAMLUK,Constituency,85,29365012.78,22.9,1,0.0012,15.0
IDA:Purba Medinipur(DISTRICT MAGISTRATE PURBA MEDINIPUR_IDA),Purba Medinipur(DISTRICT MAGISTRATE PURBA MEDINIPUR_IDA),IDA,126,77886135.78,35.3,17,0.0012,45.0
IDA:Mangan(DISTRICT COLLECTOR MANGAN_IDA),Mangan(DISTRICT COLLECTOR MANGAN_IDA),IDA,3,9378159.0,14.4,0,0.0006,15.0
MP:Sasikanth Senthil,Sasikanth Senthil,MP,83,43581288.0,25.9,3,0.0006,30.0
CONST:TIRUVALLUR(SC),TIRUVALLUR(SC),Constituency,83,43581288.0,25.9,3,0.0012,30.0
IDA:THIRUVALLUR(DISTRICT COLLECTOR TIRUVALLUR_IDA),THIRUVALLUR(DISTRICT COLLECTOR TIRUVALLUR_IDA),IDA,93,55529092.0,26.8,4,0.0018,30.0
MP:DR DHARAMVIRA GANDHI,DR DHARAMVIRA GANDHI,MP,61,14853237.0,26.3,0,0.0006,15.0
CONST:PATIALA,PATIALA,Constituency,61,14853237.0,26.3,0,0.0025,15.0
IDA:PATIALA(DEPUTY COMMISSIONER PATIALA_IDA),PATIALA(DEPUTY COMMISSIONER PATIALA_IDA),IDA,58,14003237.0,27.0,0,0.0006,15.0
MP:Shri Kumbakudi Sudhakaran,Shri Kumbakudi Sudhakaran,MP,68,28364105.0,66.2,46,0.0006,70.0
CONST:KANNUR,KANNUR,Constituency,68,28364105.0,66.2,46,0.0012,70.0
IDA:KANNUR(DISTRICT COLLECTOR KANNUR_IDA),KANNUR(DISTRICT COLLECTOR KANNUR_IDA),IDA,87,36864105.0,66.2,58,0.0018,70.0
MP:V S Matheswaran,V S Matheswaran,MP,67,48903782.0,26.3,4,0.0006,30.0
CONST:NAMAKKAL,NAMAKKAL,Constituency,67,48903782.0,26.3,4,0.0018,30.0
IDA:NAMAKKAL(DISTRICT COLLECTOR NAMAKKAL_IDA),NAMAKKAL(DISTRICT COLLECTOR NAMAKKAL_IDA),IDA,56,42423402.0,18.3,0,0.0012,15.0
MP:KARAN BHUSHAN SINGH,KARAN BHUSHAN SINGH,MP,31,45529023.0,25.2,0,0.0006,15.0
CONST:KAISERGANJ,KAISERGANJ,Constituency,31,45529023.0,25.2,0,0.0018,15.0
IDA:GONDA(DISTRICT MAGISTRATE GONDA_IDA),GONDA(DISTRICT MAGISTRATE GONDA_IDA),IDA,67,69302063.0,22.0,0,0.0012,15.0
MP:BACHHAV SHOBHA DINESH,BACHHAV SHOBHA DINESH,MP,40,40230794.0,61.6,27,0.0006,70.0
CONST:DHULE,DHULE,Constituency,40,40230794.0,61.6,27,0.0018,70.0
IDA:DHULE(DISTRICT COLLECTOR DHULE_IDA),DHULE(DISTRICT COLLECTOR DHULE_IDA),IDA,26,26230794.0,59.4,17,0.0006,70.0
MP:Ganesan Selvam,Ganesan Selvam,MP,222,75900425.0,31.8,10,0.0006,45.0
CONST:KANCHEEPURAM(SC),KANCHEEPURAM(SC),Constituency,222,75900425.0,31.8,10,0.0018,45.0
IDA:Kancheepuram(DISTRICT COLLECTOR KANCHEEPURAM_IDA),Kancheepuram(DISTRICT COLLECTOR KANCHEEPURAM_IDA),IDA,66,67101726.0,42.6,17,0.0012,45.0
MP:SHIVMANGAL SINGH TOMAR,SHIVMANGAL SINGH TOMAR,MP,52,23472294.0,21.7,0,0.0006,15.0
CONST:MORENA,MORENA,Constituency,52,23472294.0,21.7,0,0.0018,15.0
IDA:SHEOPUR(District Collector Sheopur_IDA),SHEOPUR(District Collector Sheopur_IDA),IDA,51,22972294.0,21.0,0,0.0006,15.0
IDA:UDAIPUR(DISTRICT COLLECTOR UDAIPUR_IDA),UDAIPUR(DISTRICT COLLECTOR UDAIPUR_IDA),IDA,14,15129338.0,21.6,0,0.0012,15.0
MP:Hasmukh Bhai Soma Bhai Patel,Hasmukh Bhai Soma Bhai Patel,MP,50,36790278.0,39.0,3,0.0006,30.0
CONST:AHMEDABAD EAST,AHMEDABAD EAST,Constituency,50,36790278.0,39.0,3,0.0025,30.0
IDA:Ahmedabad(DISTRICT COLLECTOR AHMADABAD_IDA),Ahmedabad(DISTRICT COLLECTOR AHMADABAD_IDA),IDA,89,51234198.0,31.6,2,0.0031,30.0
MP:K RADHAKRISHNAN,K RADHAKRISHNAN,MP,68,42469493.0,44.8,4,0.0006,30.0
CONST:ALATHUR(SC),ALATHUR(SC),Constituency,68,42469493.0,44.8,4,0.0018,30.0
IDA:THRISSUR(DISTRICT COLLECTOR THRISSUR_IDA),THRISSUR(DISTRICT COLLECTOR THRISSUR_IDA),IDA,61,56765349.0,55.9,22,0.0018,70.0
MP:Shri Hanuman Beniwal,Shri Hanuman Beniwal,MP,156,42252197.0,16.8,0,0.0006,15.0
CONST:NAGAUR,NAGAUR,Constituency,156,42252197.0,16.8,0,0.0012,15.0
IDA:NAGAUR(DISTRICT COLLECTOR NAGAUR_IDA),NAGAUR(DISTRICT COLLECTOR NAGAUR_IDA),IDA,167,51238638.0,17.2,0,0.0018,15.0
MP:RAHUL GANDHI,RAHUL GANDHI,MP,103,11877675.0,17.3,0,0.0006,15.0
CONST:RAE BARELI,RAE BARELI,Constituency,103,11877675.0,17.3,0,0.0012,15.0
IDA:RAE BARELI(DISTRICT MAGISTRATE RAE BARELI_IDA),RAE BARELI(DISTRICT MAGISTRATE RAE BARELI_IDA),IDA,107,22388799.0,18.4,1,0.0012,15.0
MP:AWADHESH PRASAD,AWADHESH PRASAD,MP,34,47570075.0,20.5,0,0.0006,15.0
CONST:FAIZABAD,FAIZABAD,Constituency,34,47570075.0,20.5,0,0.0012,15.0
MP:CHANDRA SHEKHAR,CHANDRA SHEKHAR,MP,168,48615122.0,16.7,10,0.0006,45.0
CONST:NAGINA(SC),NAGINA(SC),Constituency,168,48615122.0,16.7,10,0.0012,45.0
IDA:BIJNOR(DISTRICT MAGISTRATE BIJNOR_IDA),BIJNOR(DISTRICT MAGISTRATE BIJNOR_IDA),IDA,237,81660655.0,19.6,12,0.0025,45.0
IDA:Kekri(DISTRICT COLLECTOR Kekri_IDA),Kekri(DISTRICT COLLECTOR Kekri_IDA),IDA,13,7382028.0,29.8,0,0.0006,15.0
MP:RAJESH RANJAN ALIAS PAPPU YADAV,RAJESH RANJAN ALIAS PAPPU YADAV,MP,46,47774818.0,21.2,0,0.0006,15.0
CONST:PURNEA,PURNEA,Constituency,46,47774818.0,21.2,0,0.0012,15.0
IDA:PURNIA(DISTRICT PLANNING OFFICER PURNIA_IDA),PURNIA(DISTRICT PLANNING OFFICER PURNIA_IDA),IDA,68,61744818.0,23.0,0,0.0012,15.0
MP:Smt Himadri Singh,Smt Himadri Singh,MP,76,41948262.0,56.2,41,0.0006,70.0
CONST:SHAHDOL (ST),SHAHDOL (ST),Constituency,76,41948262.0,56.2,41,0.0031,70.0
IDA:ANUPPUR(DISTRICT COLLECTOR ANUPPUR_IDA),ANUPPUR(DISTRICT COLLECTOR ANUPPUR_IDA),IDA,34,21090905.0,46.4,8,0.0006,45.0
MP:RAKIBUL HUSSAIN,RAKIBUL HUSSAIN,MP,62,32499919.0,42.6,3,0.0006,30.0
CONST:DHUBRI,DHUBRI,Constituency,62,32499919.0,42.6,3,0.0043,30.0
IDA:DHUBRI(DEPUTY COMMISSIONER DHUBRI_IDA),DHUBRI(DEPUTY COMMISSIONER DHUBRI_IDA),IDA,29,15049919.0,37.1,0,0.0006,15.0
MP:Bharatsinhji Shankarji Dabhi,Bharatsinhji Shankarji Dabhi,MP,137,44890716.0,26.6,6,0.0006,45.0
CONST:PATAN,PATAN,Constituency,137,44890716.0,26.6,6,0.0025,45.0
IDA:MAHESANA(DISTRICT COLLECTOR MAHESANA_IDA),MAHESANA(DISTRICT COLLECTOR MAHESANA_IDA),IDA,222,47742978.0,35.0,8,0.0018,45.0
IDA:CHENGALPATTU(District Collector Chengalpattu_IDA),CHENGALPATTU(District Collector Chengalpattu_IDA),IDA,198,55485149.0,36.9,33,0.0012,45.0
IDA:BALLIA(DISTRICT MAGISTRAE BALLIA_IDA),BALLIA(DISTRICT MAGISTRAE BALLIA_IDA),IDA,153,53988157.0,48.8,41,0.0018,45.0
MP:ARUN GOVIL,ARUN GOVIL,MP,73,42921202.0,33.2,5,0.0006,45.0
CONST:MEERUT,MEERUT,Constituency,73,42921202.0,33.2,5,0.0018,45.0
IDA:MEERUT(DISTRICT MAGISTRATE MEERUT_IDA),MEERUT(DISTRICT MAGISTRATE MEERUT_IDA),IDA,96,65073379.0,39.4,13,0.0025,45.0
MP:SALENG A SANGMA,SALENG A SANGMA,MP,102,47950000.0,54.1,54,0.0006,70.0
CONST:TURA,TURA,Constituency,102,47950000.0,54.1,54,0.0037,70.0
IDA:WEST GARO HILLS(DEPUTY COMMISSIONER WEST GARO HILLS_IDA),WEST GARO HILLS(DEPUTY COMMISSIONER WEST GARO HILLS_IDA),IDA,48,31000000.0,59.5,34,0.0006,70.0
MP:VINOD KUMAR BIND,VINOD KUMAR BIND,MP,395,47062705.0,21.6,2,0.0006,30.0
CONST:BHADOHI,BHADOHI,Constituency,395,47062705.0,21.6,2,0.0018,30.0
IDA:PRAYAGRAJ(DISTRICT MAGISTRAE ALLAHABAD_IDA),PRAYAGRAJ(DISTRICT MAGISTRAE ALLAHABAD_IDA),IDA,153,55556499.0,34.4,3,0.0025,30.0
MP:Shri Rajmohan Unnithan,Shri Rajmohan Unnithan,MP,23,9286163.0,54.2,4,0.0006,55.0
CONST:KASARAGOD,KASARAGOD,Constituency,23,9286163.0,54.2,4,0.0018,55.0
IDA:BONGAIGAON(Deputy Commissioner Bongaigaon_IDA),BONGAIGAON(Deputy Commissioner Bongaigaon_IDA),IDA,17,16798000.0,53.2,2,0.0012,55.0
IDA:SOUTH SALMARA MANCACHAR(Deputy Commissioner South Salmara Mankachar_IDA),SOUTH SALMARA MANCACHAR(Deputy Commissioner South Salmara Mankachar_IDA),IDA,8,4300000.0,48.6,2,0.0006,30.0
MP:RICHARD VANLALHMANGAIHA,RICHARD VANLALHMANGAIHA,MP,105,48947115.0,32.0,2,0.0006,30.0
CONST:MIZORAM (ST),MIZORAM (ST),Constituency,105,48947115.0,32.0,2,0.0043,30.0
IDA:KOLASIB(Deputy Commissioner Kolasib),KOLASIB(Deputy Commissioner Kolasib),IDA,13,9500000.0,28.2,0,0.0006,15.0
IDA:AIZAWL(DEPUTY COMMISSIONER AIZAWL_IDA),AIZAWL(DEPUTY COMMISSIONER AIZAWL_IDA),IDA,22,10307115.0,34.2,0,0.0006,15.0
MP:Shrirang Appa Barne,Shrirang Appa Barne,MP,46,35246842.0,51.7,12,0.0006,70.0
CONST:MAVAL,MAVAL,Constituency,46,35246842.0,51.7,12,0.0018,70.0
IDA:PURULIA(DISTRICT MAGISTRATE PURULIA_IDA),PURULIA(DISTRICT MAGISTRATE PURULIA_IDA),IDA,6,9557047.0,39.3,1,0.0018,15.0
MP:ABHAY KUMAR SINHA,ABHAY KUMAR SINHA,MP,146,71965963.0,60.6,87,0.0006,70.0
CONST:AURANGABAD_BR,AURANGABAD_BR,Constituency,146,71965963.0,60.6,87,0.0018,70.0
IDA:GAYA(DISTRICT PLANNING OFFICER GAYA_IDA),GAYA(DISTRICT PLANNING OFFICER GAYA_IDA),IDA,261,104566530.0,47.5,78,0.0012,45.0
MP:P C Mohan,P C Mohan,MP,1,4739506.0,37.9,0,0.0006,15.0
CONST:BANGALORE CENTRAL,BANGALORE CENTRAL,Constituency,1,4739506.0,37.9,0,0.0012,15.0
MP:S. Jagathrakshakan,S. Jagathrakshakan,MP,34,34610212.0,50.1,12,0.0006,70.0
CONST:ARAKKONAM,ARAKKONAM,Constituency,34,34610212.0,50.1,12,0.0018,70.0
MP:ARUN NEHRU,ARUN NEHRU,MP,26,48869068.0,53.6,2,0.0006,55.0
CONST:PERAMBALUR,PERAMBALUR,Constituency,26,48869068.0,53.6,2,0.0025,55.0
IDA:TIRUCHIRAPPALLI(DISTRICT COLLECTOR TIRUCHIRAPPALLI_IDA),TIRUCHIRAPPALLI(DISTRICT COLLECTOR TIRUCHIRAPPALLI_IDA),IDA,34,58540763.0,54.8,7,0.0018,70.0
MP:Piyush Vedprakash Goyal,Piyush Vedprakash Goyal,MP,27,49000000.0,73.7,24,0.0006,85.0
CONST:MUMBAI NORTH,MUMBAI NORTH,Constituency,27,49000000.0,73.7,24,0.0012,85.0
IDA:MUMBAI SUBURBAN(DISTRICT COLLECTOR MUMBAI SUBURBAN_IDA),MUMBAI SUBURBAN(DISTRICT COLLECTOR MUMBAI SUBURBAN_IDA),IDA,75,129500000.0,71.2,58,0.0018,85.0
IDA:JALNA(DISTRICT COLLECTOR JALNA_IDA),JALNA(DISTRICT COLLECTOR JALNA_IDA),IDA,37,34391000.0,34.7,2,0.0012,30.0
MP:PUSHPENDRA SAROJ,PUSHPENDRA SAROJ,MP,400,25822600.0,33.6,8,0.0006,45.0
CONST:KAUSHAMBI(SC),KAUSHAMBI(SC),Constituency,400,25822600.0,33.6,8,0.0018,45.0
IDA:KAUSHAMBI(DISTRICT MAGISTRAE KAUSHAMBI_IDA),KAUSHAMBI(DISTRICT MAGISTRAE KAUSHAMBI_IDA),IDA,238,17594406.0,35.1,8,0.0006,45.0
IDA:VIDISHA(District Collector Vidisha_IDA),VIDISHA(District Collector Vidisha_IDA),IDA,47,29388899.0,36.0,14,0.0012,45.0
MP:Shripad Yesso Naik,Shripad Yesso Naik,MP,21,11289949.0,54.8,6,0.0006,70.0
CONST:NORTH GOA,NORTH GOA,Constituency,21,11289949.0,54.8,6,0.0012,70.0
IDA:NORTH GOA(DISTRICT COLLECTOR NORTH GOA_IDA),NORTH GOA(DISTRICT COLLECTOR NORTH GOA_IDA),IDA,21,11289949.0,54.8,6,0.0006,70.0
MP:JYOTIRADITYA M. SCINDIA,JYOTIRADITYA M. SCINDIA,MP,49,48742727.0,37.0,13,0.0006,45.0
CONST:GUNA,GUNA,Constituency,49,48742727.0,37.0,13,0.0025,45.0
IDA:SHIVPURI(District Collector Shivpuri_IDA),SHIVPURI(District Collector Shivpuri_IDA),IDA,20,18034764.0,27.8,4,0.0006,30.0
MP:Adv Dean Kuriakose,Adv Dean Kuriakose,MP,114,72617097.0,36.4,3,0.0006,30.0
CONST:IDUKKI,IDUKKI,Constituency,114,72617097.0,36.4,3,0.0018,30.0
IDA:IDUKKI(DISTRICT COLLECTOR IDUKKI_IDA),IDUKKI(DISTRICT COLLECTOR IDUKKI_IDA),IDA,54,56506886.0,37.3,2,0.0006,30.0
MP:Santosh Pandey,Santosh Pandey,MP,14,7639363.0,29.4,2,0.0006,30.0
CONST:RAJNANDGAON,RAJNANDGAON,Constituency,14,7639363.0,29.4,2,0.0018,30.0
IDA:Mohla-Manpur-Ambagarh Chouki(Collector MMC_IDA),Mohla-Manpur-Ambagarh Chouki(Collector MMC_IDA),IDA,1,2499475.0,36.1,0,0.0006,15.0
MP:ANUP SANJAY DHOTRE,ANUP SANJAY DHOTRE,MP,53,51071749.0,46.2,12,0.0006,45.0
CONST:AKOLA,AKOLA,Constituency,53,51071749.0,46.2,12,0.0012,45.0
IDA:AKOLA(DISTRICT COLLECTOR AKOLA_IDA),AKOLA(DISTRICT COLLECTOR AKOLA_IDA),IDA,53,51071749.0,46.2,12,0.0006,45.0
MP:Lavu Sri Krishna Devarayalu,Lavu Sri Krishna Devarayalu,MP,1,416758.0,19.3,0,0.0006,15.0
CONST:NARASARAOPET,NARASARAOPET,Constituency,1,416758.0,19.3,0,0.0012,15.0
IDA:GUNTUR(DISTRICT COLLECTOR GUNTUR_IDA),GUNTUR(DISTRICT COLLECTOR GUNTUR_IDA),IDA,22,32472812.0,53.8,5,0.0012,70.0
MP:DR KALGE SHIVAJI BANDAPPA,DR KALGE SHIVAJI BANDAPPA,MP,34,29333651.0,61.4,16,0.0006,70.0
CONST:LATUR(SC),LATUR(SC),Constituency,34,29333651.0,61.4,16,0.0018,70.0
IDA:LATUR(DISTRICT COLLECTOR LATUR_IDA),LATUR(DISTRICT COLLECTOR LATUR_IDA),IDA,30,27160511.0,61.9,15,0.0012,70.0
IDA:PUDUKKOTTAI(DISTRICT COLLECTOR PUDUKKOTTAI_IDA),PUDUKKOTTAI(DISTRICT COLLECTOR PUDUKKOTTAI_IDA),IDA,52,36493904.0,31.5,0,0.0025,15.0
IDA:CHITRAKOOT(DISTRICT MAGISTRATE CHITRAKOOT_IDA),CHITRAKOOT(DISTRICT MAGISTRATE CHITRAKOOT_IDA),IDA,44,9974712.0,32.2,0,0.0006,15.0
MP:EATALA RAJENDER,EATALA RAJENDER,MP,56,45839904.0,48.3,12,0.0006,45.0
CONST:MALKAJGIRI,MALKAJGIRI,Constituency,56,45839904.0,48.3,12,0.0018,45.0
IDA:MEDCHAL MALKAJGIRI(DISTRICT COLLECTOR MEDCHAL MALKAJGIRI_IDA),MEDCHAL MALKAJGIRI(DISTRICT COLLECTOR MEDCHAL MALKAJGIRI_IDA),IDA,43,32489904.0,50.2,12,0.0006,70.0
MP:MOHIBBULLAH,MOHIBBULLAH,MP,96,35257622.0,14.5,0,0.0006,15.0
CONST:RAMPUR,RAMPUR,Constituency,96,35257622.0,14.5,0,0.0012,15.0
IDA:RAMPUR(DISTRICT MAGISTRATE RAMPUR_IDA),RAMPUR(DISTRICT MAGISTRATE RAMPUR_IDA),IDA,96,35257622.0,14.5,0,0.0006,15.0
MP:BASTIPATI NAGARAJU PANCHALINGALA,BASTIPATI NAGARAJU PANCHALINGALA,MP,78,24381594.0,17.9,0,0.0006,15.0
CONST:KURNOOL,KURNOOL,Constituency,78,24381594.0,17.9,0,0.0012,15.0
IDA:KURNOOL(DISTRICT COLLECTOR KURNOOL_IDA),KURNOOL(DISTRICT COLLECTOR KURNOOL_IDA),IDA,82,26381594.0,19.9,0,0.0012,15.0
IDA:PRATAPGARH(DISTRICT COLLECTOR PRATAPGARH_IDA),PRATAPGARH(DISTRICT COLLECTOR PRATAPGARH_IDA),IDA,7,3347140.0,60.5,2,0.0012,55.0
MP:Abu Taher Khan,Abu Taher Khan,MP,176,33903163.0,33.0,2,0.0006,30.0
CONST:MURSHIDABAD,MURSHIDABAD,Constituency,176,33903163.0,33.0,2,0.0018,30.0
MP:CHANDAN CHAUHAN,CHANDAN CHAUHAN,MP,58,47749843.0,47.6,4,0.0006,30.0
CONST:BIJNOR,BIJNOR,Constituency,58,47749843.0,47.6,4,0.0031,30.0
MP:PARTHA BHOWMICK,PARTHA BHOWMICK,MP,5,49000000.0,64.8,1,0.0006,40.0
CONST:BARRACKPUR,BARRACKPUR,Constituency,5,49000000.0,64.8,1,0.0012,40.0
MP:Smt Veena Devi,Smt Veena Devi,MP,21,69261000.0,63.6,16,0.0006,70.0
CONST:VAISHALI,VAISHALI,Constituency,21,69261000.0,63.6,16,0.0012,70.0
IDA:MUZAFFARPUR(DISTRICT PLANNING OFFICER MUZAFFARPUR_IDA),MUZAFFARPUR(DISTRICT PLANNING OFFICER MUZAFFARPUR_IDA),IDA,64,125591933.0,35.4,18,0.0012,45.0
MP:Devusinh Jesingbhai Chauhan,Devusinh Jesingbhai Chauhan,MP,170,34676131.0,22.4,7,0.0006,45.0
CONST:KHEDA,KHEDA,Constituency,170,34676131.0,22.4,7,0.0025,45.0
MP:DR. HEMANG JOSHI,DR. HEMANG JOSHI,MP,55,38726980.0,18.8,0,0.0006,15.0
CONST:VADODARA,VADODARA,Constituency,55,38726980.0,18.8,0,0.0012,15.0
IDA:VADODARA(DISTRICT COLLECTOR VADODARA_IDA),VADODARA(DISTRICT COLLECTOR VADODARA_IDA),IDA,108,55668183.0,27.5,11,0.0018,45.0
MP:ARUP CHAKRABORTY,ARUP CHAKRABORTY,MP,26,46514306.0,31.0,0,0.0006,15.0
CONST:BANKURA,BANKURA,Constituency,26,46514306.0,31.0,0,0.0018,15.0
IDA:WEST SINGHBHUM(DEPUTY COMMISSIONER WEST SINGHBHUM_IDA),WEST SINGHBHUM(DEPUTY COMMISSIONER WEST SINGHBHUM_IDA),IDA,8,5213200.0,42.1,0,0.0012,15.0
MP:RAVINDRA DATTARAM WAIKAR,RAVINDRA DATTARAM WAIKAR,MP,17,32500000.0,66.8,9,0.0006,70.0
CONST:MUMBAI NORTH WEST,MUMBAI NORTH WEST,Constituency,17,32500000.0,66.8,9,0.0012,70.0
MP:BRIJENDRA SINGH OLA,BRIJENDRA SINGH OLA,MP,59,32475663.0,20.4,0,0.0006,15.0
CONST:JHUNJHUNU,JHUNJHUNU,Constituency,59,32475663.0,20.4,0,0.0025,15.0
IDA:JHUNJHUNU(DISTRICT COLLECTOR JHUNJHUNU_IDA),JHUNJHUNU(DISTRICT COLLECTOR JHUNJHUNU_IDA),IDA,50,27375994.0,19.6,0,0.0006,15.0
MP:Shri Arjun Ram Meghwal,Shri Arjun Ram Meghwal,MP,36,43231947.0,36.2,0,0.0006,15.0
CONST:BIKANER(SC),BIKANER(SC),Constituency,36,43231947.0,36.2,0,0.0037,15.0
IDA:BIKANER(DISTRICT COLLECTOR BIKANER_IDA),BIKANER(DISTRICT COLLECTOR BIKANER_IDA),IDA,31,37658362.0,34.3,0,0.0006,15.0
MP:RAKESH RATHOR,RAKESH RATHOR,MP,24,52190405.0,34.3,0,0.0006,15.0
CONST:SITAPUR,SITAPUR,Constituency,24,52190405.0,34.3,0,0.0012,15.0
IDA:SITAPUR(DISTRICT MAGISTRATE SITAPUR_IDA),SITAPUR(DISTRICT MAGISTRATE SITAPUR_IDA),IDA,88,124885333.33,56.7,2,0.0025,55.0
MP:AMRARAM,AMRARAM,MP,70,37327968.0,24.0,0,0.0006,15.0
CONST:SIKAR,SIKAR,Constituency,70,37327968.0,24.0,0,0.0025,15.0
IDA:SIKAR(DISTRICT COLLECTOR SIKAR_IDA),SIKAR(DISTRICT COLLECTOR SIKAR_IDA),IDA,61,32780765.0,23.2,0,0.0012,15.0
MP:Ashok Kumar Yadav,Ashok Kumar Yadav,MP,70,36045663.0,17.9,4,0.0006,30.0
CONST:MADHUBANI,MADHUBANI,Constituency,70,36045663.0,17.9,4,0.0018,30.0
MP:Suresh Kumar Kashyap,Suresh Kumar Kashyap,MP,182,39810000.0,39.4,1,0.0006,15.0
CONST:SHIMLA (SC),SHIMLA (SC),Constituency,182,39810000.0,39.4,1,0.0025,15.0
IDA:SHIMLA(DEPUTY COMMISSIONER SHIMLA_IDA),SHIMLA(DEPUTY COMMISSIONER SHIMLA_IDA),IDA,53,11090000.0,32.8,0,0.0006,15.0
IDA:SIRMAUR(DEPUTY COMMISSIONER SIRMOUR_IDA),SIRMAUR(DEPUTY COMMISSIONER SIRMOUR_IDA),IDA,83,17130000.0,43.4,0,0.0006,15.0
IDA:SOLAN(DEPUTY COMMISSIONER SOLAN_IDA),SOLAN(DEPUTY COMMISSIONER SOLAN_IDA),IDA,46,11590000.0,39.8,1,0.0006,15.0
MP:MAHESH KASHYAP,MAHESH KASHYAP,MP,96,50641554.0,26.5,0,0.0006,15.0
CONST:BASTAR(ST),BASTAR(ST),Constituency,96,50641554.0,26.5,0,0.0037,15.0
IDA:NARAYANPUR(Collector Narayanpur_IDA),NARAYANPUR(Collector Narayanpur_IDA),IDA,2,1186000.0,34.7,0,0.0006,15.0
IDA:SUKMA(Collector Sukma_IDA),SUKMA(Collector Sukma_IDA),IDA,12,5892910.0,25.7,0,0.0006,15.0
IDA:Manendragarh-Chirmiri-Bharatpur(M C B)(Collector MCB_IDA),Manendragarh-Chirmiri-Bharatpur(M C B)(Collector MCB_IDA),IDA,3,1000000.0,13.9,0,0.0006,15.0
IDA:KOREA(Collector Korea_IDA),KOREA(Collector Korea_IDA),IDA,1,300000.0,54.1,0,0.0006,40.0
MP:Mala Roy,Mala Roy,MP,44,54069182.0,21.0,0,0.0006,15.0
CONST:KOLKATA DAKSHIN,KOLKATA DAKSHIN,Constituency,44,54069182.0,21.0,0,0.0012,15.0
MP:RAMBHUAL NISHAD,RAMBHUAL NISHAD,MP,11,53396442.0,47.6,0,0.0006,15.0
CONST:SULTANPUR,SULTANPUR,Constituency,11,53396442.0,47.6,0,0.0012,15.0
IDA:SULTANPUR(DISTRICT MAGISTRATE SULTANPUR_IDA),SULTANPUR(DISTRICT MAGISTRATE SULTANPUR_IDA),IDA,14,55400703.0,47.5,1,0.0012,15.0
MP:Sanjay Seth,Sanjay Seth,MP,73,48876600.0,26.7,0,0.0006,15.0
CONST:RANCHI,RANCHI,Constituency,73,48876600.0,26.7,0,0.0012,15.0
IDA:TUMAKURU(DEPUTY COMMISSIONER TUMKUR_IDA),TUMAKURU(DEPUTY COMMISSIONER TUMKUR_IDA),IDA,40,38480000.0,50.9,2,0.0018,55.0
IDA:ARVALLI(DISTRICT COLLECTOR ARVALLI_IDA),ARVALLI(DISTRICT COLLECTOR ARVALLI_IDA),IDA,62,19400000.0,33.0,13,0.0006,45.0
MP:Kalyan Banerjee,Kalyan Banerjee,MP,67,47405075.0,22.3,0,0.0006,15.0
CONST:SREERAMPUR,SREERAMPUR,Constituency,67,47405075.0,22.3,0,0.0018,15.0
MP:Durga Das Uikey,Durga Das Uikey,MP,149,41631426.0,22.7,0,0.0006,15.0
CONST:BETUL(ST),BETUL(ST),Constituency,149,41631426.0,22.7,0,0.0025,15.0
IDA:BETUL(DISTRICT COLLECTOR BETUL_IDA),BETUL(DISTRICT COLLECTOR BETUL_IDA),IDA,101,28115526.0,23.6,0,0.0006,15.0
MP:Dr Mohammad Jawed,Dr Mohammad Jawed,MP,73,47074100.0,17.6,0,0.0006,15.0
CONST:KISHANGANJ,KISHANGANJ,Constituency,73,47074100.0,17.6,0,0.0018,15.0
IDA:KISHANGANJ(DISTRICT PLANNING OFFICER KISHANGANJ_IDA),KISHANGANJ(DISTRICT PLANNING OFFICER KISHANGANJ_IDA),IDA,51,33104100.0,13.7,0,0.0006,15.0
IDA:BARPETA(DEPUTY COMMISSIONER BARPETA 1),BARPETA(DEPUTY COMMISSIONER BARPETA 1),IDA,12,7850000.0,58.0,1,0.0012,40.0
MP:Harsh Malhotra,Harsh Malhotra,MP,23,17760035.0,48.7,11,0.0006,45.0
CONST:EAST DELHI,EAST DELHI,Constituency,23,17760035.0,48.7,11,0.0018,45.0
IDA:EAST(COMMISSIONER EAST),EAST(COMMISSIONER EAST),IDA,23,13257653.0,53.3,13,0.0012,70.0
MP:AFZAL ANSARI,AFZAL ANSARI,MP,97,71383841.0,42.4,6,0.0006,45.0
CONST:GHAZIPUR,GHAZIPUR,Constituency,97,71383841.0,42.4,6,0.0012,45.0
IDA:GHAZIPUR(DISTRICT MAGISTRAE GHAZIPUR_IDA),GHAZIPUR(DISTRICT MAGISTRAE GHAZIPUR_IDA),IDA,156,92408991.0,48.1,33,0.0012,45.0
MP:Arvind Ganpat Sawant,Arvind Ganpat Sawant,MP,17,26374739.0,59.5,4,0.0006,55.0
CONST:MUMBAI SOUTH,MUMBAI SOUTH,Constituency,17,26374739.0,59.5,4,0.0012,55.0
IDA:MUMBAI(DISTRICT COLLECTOR MUMBAI CITY_IDA),MUMBAI(DISTRICT COLLECTOR MUMBAI CITY_IDA),IDA,33,69874739.0,66.9,20,0.0012,70.0
IDA:DEWAS(DISTRICT COLLECTOR DEWAS_IDA),DEWAS(DISTRICT COLLECTOR DEWAS_IDA),IDA,17,12850000.0,43.2,3,0.0018,30.0
MP:Vaithilingam Ve,Vaithilingam Ve,MP,17,31683559.0,41.4,3,0.0006,30.0
CONST:Puducherry,Puducherry,Constituency,17,31683559.0,41.4,3,0.0012,30.0
IDA:Puducherry(PROJECT DIRECTOR RDA PUDUCHERRY_IDA),Puducherry(PROJECT DIRECTOR RDA PUDUCHERRY_IDA),IDA,17,31683559.0,41.4,3,0.0006,30.0
MP:Shri Anil Firojiya,Shri Anil Firojiya,MP,154,45115025.0,38.7,47,0.0006,45.0
CONST:UJJAIN(SC),UJJAIN(SC),Constituency,154,45115025.0,38.7,47,0.0018,45.0
IDA:UJJAIN(DISTRICT COLLECTOR UJJAIN_IDA),UJJAIN(DISTRICT COLLECTOR UJJAIN_IDA),IDA,139,40222905.0,38.7,47,0.0006,45.0
MP:Thiru Dayanidhi Maran,Thiru Dayanidhi Maran,MP,3,16000000.0,70.4,2,0.0006,70.0
CONST:CHENNAI CENTRAL,CHENNAI CENTRAL,Constituency,3,16000000.0,70.4,2,0.0012,70.0
IDA:CHENNAI(COMMISSIONER MUNCIPAL CORPORATION CHENNAI_IDA),CHENNAI(COMMISSIONER MUNCIPAL CORPORATION CHENNAI_IDA),IDA,40,109556444.0,63.9,16,0.0025,70.0
MP:Mitesh Rameshbhai Bakabhai Patel,Mitesh Rameshbhai Bakabhai Patel,MP,181,38780113.0,21.8,5,0.0006,45.0
CONST:ANAND,ANAND,Constituency,181,38780113.0,21.8,5,0.0012,45.0
IDA:ANAND(District Collector ANAND_IDA),ANAND(District Collector ANAND_IDA),IDA,182,39275113.0,22.1,6,0.0012,45.0
IDA:GUNA(District Collector Guna_IDA),GUNA(District Collector Guna_IDA),IDA,15,13117434.0,50.9,4,0.0006,55.0
IDA:HARDA(District Collector Harda_IDA),HARDA(District Collector Harda_IDA),IDA,37,11419894.0,17.1,0,0.0006,15.0
MP:KANWAR SINGH TANWAR,KANWAR SINGH TANWAR,MP,42,44964686.0,14.8,0,0.0006,15.0
CONST:AMROHA,AMROHA,Constituency,42,44964686.0,14.8,0,0.0018,15.0
IDA:HAPUR(DISTRICT MAGISTRATE HAPUR_IDA),HAPUR(DISTRICT MAGISTRATE HAPUR_IDA),IDA,30,19890209.0,17.0,0,0.0018,15.0
MP:K E PRAKASH,K E PRAKASH,MP,48,37669095.0,27.6,1,0.0006,15.0
CONST:ERODE,ERODE,Constituency,48,37669095.0,27.6,1,0.0025,15.0
MP:SMITA UDAY WAGH,SMITA UDAY WAGH,MP,10,16031266.0,35.0,0,0.0006,15.0
CONST:JALGAON,JALGAON,Constituency,10,16031266.0,35.0,0,0.0012,15.0
MP:S Venkatesan,S Venkatesan,MP,18,11293812.0,51.3,0,0.0006,40.0
CONST:MADURAI,MADURAI,Constituency,18,11293812.0,51.3,0,0.0012,40.0
IDA:NANDED(DISTRICT COLLECTOR NANDED_IDA),NANDED(DISTRICT COLLECTOR NANDED_IDA),IDA,22,33878244.0,67.6,15,0.0012,70.0
MP:Manoj Tiwari,Manoj Tiwari,MP,5,4953214.0,47.1,2,0.0006,30.0
CONST:NORTH EAST DELHI,NORTH EAST DELHI,Constituency,5,4953214.0,47.1,2,0.0018,30.0
IDA:LAKHIMPUR(DEPUTY COMMISSIONER LAKHIMPUR_IDA),LAKHIMPUR(DEPUTY COMMISSIONER LAKHIMPUR_IDA),IDA,24,15850000.0,36.4,0,0.0018,15.0
MP:ANAND BHADAURIYA,ANAND BHADAURIYA,MP,142,49309476.33,60.3,2,0.0006,55.0
CONST:DHAURAHRA,DHAURAHRA,Constituency,142,49309476.33,60.3,2,0.0018,55.0
MP:DR. RAJESH MISHRA,DR. RAJESH MISHRA,MP,188,125020615.0,44.5,55,0.0006,45.0
CONST:SIDHI,SIDHI,Constituency,188,125020615.0,44.5,55,0.0025,45.0
IDA:SIDHI(DISTRICT COLLECTOR SIDHI_IDA),SIDHI(DISTRICT COLLECTOR SIDHI_IDA),IDA,118,41925955.0,35.4,3,0.0006,30.0
IDA:AMROHA(DISTRICT MAGISTRATE JYOTIBAPHULE NAGAR_IDA),AMROHA(DISTRICT MAGISTRATE JYOTIBAPHULE NAGAR_IDA),IDA,31,36773325.0,14.7,0,0.0006,15.0
MP:Midhun Reddy,Midhun Reddy,MP,133,35693942.0,19.1,2,0.0006,30.0
CONST:RAJAMPET,RAJAMPET,Constituency,133,35693942.0,19.1,2,0.0018,30.0
IDA:Annamayya(DISTRICT COLLECTOR ANNAMAYYA_IDA),Annamayya(DISTRICT COLLECTOR ANNAMAYYA_IDA),IDA,67,23942394.0,18.2,0,0.0012,15.0
MP:DAMODAR AGARWAL,DAMODAR AGARWAL,MP,104,48831699.0,26.1,1,0.0006,15.0
CONST:BHILWARA,BHILWARA,Constituency,104,48831699.0,26.1,1,0.0031,15.0
IDA:BHILWARA(DISTRICT COLLECTOR BHILWARA_IDA),BHILWARA(DISTRICT COLLECTOR BHILWARA_IDA),IDA,41,20642759.0,23.0,0,0.0006,15.0
MP:Shri Benny Behanan,Shri Benny Behanan,MP,52,28141280.0,62.4,29,0.0006,70.0
CONST:CHALAKUDY,CHALAKUDY,Constituency,52,28141280.0,62.4,29,0.0018,70.0
MP:Shri Gurjeet Singh Aujla,Shri Gurjeet Singh Aujla,MP,44,16943646.0,38.0,14,0.0006,45.0
CONST:AMRITSAR,AMRITSAR,Constituency,44,16943646.0,38.0,14,0.0012,45.0
IDA:AMRITSAR(DEPUTY COMMISSIONER AMRITSAR_IDA),AMRITSAR(DEPUTY COMMISSIONER AMRITSAR_IDA),IDA,44,16943646.0,38.0,14,0.0006,45.0
MP:R.K. CHAUDHARY,R.K. CHAUDHARY,MP,68,36243902.0,20.4,0,0.0006,15.0
CONST:MOHANLALGANJ(SC),MOHANLALGANJ(SC),Constituency,68,36243902.0,20.4,0,0.0018,15.0
IDA:LUCKNOW(DISTRICT MAGISTRAE LUCKNOW_IDA),LUCKNOW(DISTRICT MAGISTRAE LUCKNOW_IDA),IDA,98,61125092.0,18.2,0,0.0012,15.0
IDA:Balodabazar-Bhatapara(Collector Baloda Bazar_IDA),Balodabazar-Bhatapara(Collector Baloda Bazar_IDA),IDA,13,9734868.0,27.6,0,0.0006,15.0
IDA:JAISALMER(DISTRICT COLLECTOR JAISLAMER_IDA),JAISALMER(DISTRICT COLLECTOR JAISLAMER_IDA),IDA,12,3140286.0,33.8,0,0.0012,15.0
IDA:KONDAGAON(DISTRICT COLLECTOR KONDAGAON_IDA),KONDAGAON(DISTRICT COLLECTOR KONDAGAON_IDA),IDA,15,9476500.0,45.0,1,0.0012,15.0
IDA:BASTAR(DISTRICT COLLECTOR BASTAR_IDA),BASTAR(DISTRICT COLLECTOR BASTAR_IDA),IDA,59,27480197.0,24.4,0,0.0006,15.0
MP:ANOOP PRADHAN BALMIKI,ANOOP PRADHAN BALMIKI,MP,35,49082873.0,19.7,0,0.0006,15.0
CONST:HATHRAS (SC),HATHRAS (SC),Constituency,35,49082873.0,19.7,0,0.0018,15.0
IDA:ALIGARH(DISTRICT MAGISTRATE ALIGARH_IDA),ALIGARH(DISTRICT MAGISTRATE ALIGARH_IDA),IDA,43,52521717.0,17.5,0,0.0012,15.0
MP:Jitendra Singh,Jitendra Singh,MP,171,34548773.0,27.8,2,0.0006,30.0
CONST:UDHAMPUR,UDHAMPUR,Constituency,171,34548773.0,27.8,2,0.0031,30.0
IDA:DODA(Deputy Commissioner Doda_IDA),DODA(Deputy Commissioner Doda_IDA),IDA,12,2952200.0,27.6,0,0.0006,15.0
IDA:HATHRAS(DISTRICT MAGISTRATE HATHRAS_IDA),HATHRAS(DISTRICT MAGISTRATE HATHRAS_IDA),IDA,18,25780958.0,21.8,0,0.0006,15.0
IDA:KATHUA(DISTRICT DEVELOPMENT COMMISSIONER KATHUA_IDA),KATHUA(DISTRICT DEVELOPMENT COMMISSIONER KATHUA_IDA),IDA,111,21491250.0,26.4,2,0.0006,30.0
IDA:UDHAMPUR(Deputy Commissioner Udhampur_IDA),UDHAMPUR(Deputy Commissioner Udhampur_IDA),IDA,30,6495623.0,29.7,0,0.0006,15.0
IDA:NUAPADA(DISTRICT COLLECTOR  NUAPADA_IDA),NUAPADA(DISTRICT COLLECTOR  NUAPADA_IDA),IDA,28,6414000.0,37.1,0,0.0006,15.0
IDA:HASSAN(DEPUTY COMMISSIONER HASSAN_IDA),HASSAN(DEPUTY COMMISSIONER HASSAN_IDA),IDA,58,25034052.0,58.2,10,0.0012,70.0
IDA:MAMIT(DEPUTY COMMISSIONER MAMIT),MAMIT(DEPUTY COMMISSIONER MAMIT),IDA,34,17440000.0,30.7,2,0.0006,30.0
IDA:RAMBAN(Deputy Commissioner Ramban_IDA),RAMBAN(Deputy Commissioner Ramban_IDA),IDA,18,3609700.0,33.4,0,0.0006,15.0
MP:GAURAV GOGOI,GAURAV GOGOI,MP,161,34945784.0,46.8,11,0.0006,45.0
CONST:JORHAT,JORHAT,Constituency,161,34945784.0,46.8,11,0.0031,45.0
IDA:JORHAT(DEPUTY COMMISSIONER JORHAT_IDA),JORHAT(DEPUTY COMMISSIONER JORHAT_IDA),IDA,64,14000000.0,42.9,3,0.0006,30.0
MP:DAROGA PRASAD SAROJ,DAROGA PRASAD SAROJ,MP,102,34590763.0,36.0,9,0.0006,45.0
CONST:LALGANJ (SC),LALGANJ (SC),Constituency,102,34590763.0,36.0,9,0.0012,45.0
IDA:AZAMGARH(DISTRICT MAGISTRATE AZAMGARH_IDA),AZAMGARH(DISTRICT MAGISTRATE AZAMGARH_IDA),IDA,126,71610652.0,36.4,10,0.0018,45.0
IDA:CHARAIDEO(Deputy Commissioner Charaideo_IDA),CHARAIDEO(Deputy Commissioner Charaideo_IDA),IDA,39,8149156.0,54.3,1,0.0006,40.0
MP:SANATAN PANDEY,SANATAN PANDEY,MP,140,48109174.0,55.1,68,0.0006,70.0
CONST:BALLIA,BALLIA,Constituency,140,48109174.0,55.1,68,0.0018,70.0
MP:SAGAR ESHWAR KHANDRE,SAGAR ESHWAR KHANDRE,MP,66,29859997.0,68.9,53,0.0006,70.0
CONST:BIDAR,BIDAR,Constituency,66,29859997.0,68.9,53,0.0018,70.0
IDA:BIDAR(DEPUTY COMMISSIONER BIDAR_IDA),BIDAR(DEPUTY COMMISSIONER BIDAR_IDA),IDA,60,26863997.0,68.8,49,0.0006,70.0
MP:CHAMALA KIRAN KUMAR REDDY,CHAMALA KIRAN KUMAR REDDY,MP,367,47331258.0,27.8,10,0.0006,45.0
CONST:BHONGIR,BHONGIR,Constituency,367,47331258.0,27.8,10,0.0043,45.0
IDA:NALGONDA(DISTRICT COLLECTOR NALGONDA),NALGONDA(DISTRICT COLLECTOR NALGONDA),IDA,74,18574996.0,18.7,1,0.0012,15.0
MP:SHRIMANT CHH UDAYANRAJE PRATAPSINHAMAHARAJ BHONSLE,SHRIMANT CHH UDAYANRAJE PRATAPSINHAMAHARAJ BHONSLE,MP,53,45698677.0,37.5,0,0.0006,15.0
CONST:SATARA,SATARA,Constituency,53,45698677.0,37.5,0,0.0012,15.0
IDA:SATARA(DISTRICT COLLECTOR SATARA_IDA),SATARA(DISTRICT COLLECTOR SATARA_IDA),IDA,73,56338677.0,39.1,0,0.0012,15.0
IDA:YADADRI BHUVANAGIRI(DISTRICT COLLECTOR YADADRI BHUVANAGIRI_IDA),YADADRI BHUVANAGIRI(DISTRICT COLLECTOR YADADRI BHUVANAGIRI_IDA),IDA,149,12555000.0,30.0,4,0.0006,30.0
IDA:RANGA REDDY(DISTRICT COLLECTOR RANGAREDDY_IDA),RANGA REDDY(DISTRICT COLLECTOR RANGAREDDY_IDA),IDA,73,23287568.0,20.5,0,0.0018,15.0
"IDA:LUNGLEI(Deputy Commissioner, Lunglei)","LUNGLEI(Deputy Commissioner, Lunglei)",IDA,9,2500000.0,42.7,0,0.0006,15.0
"IDA:Siaha(Deputy Commissioner, Siaha)","Siaha(Deputy Commissioner, Siaha)",IDA,19,6000000.0,34.8,0,0.0006,15.0
IDA:DARBHANGA(DISTRICT PLANNING OFFICER DARBANGA_IDA),DARBHANGA(DISTRICT PLANNING OFFICER DARBANGA_IDA),IDA,138,68498064.0,32.8,13,0.0012,45.0
IDA:ASHOKNAGAR(DISTRICT COLLECTOR ASHOKNAGAR_IDA),ASHOKNAGAR(DISTRICT COLLECTOR ASHOKNAGAR_IDA),IDA,14,17590529.0,35.1,5,0.0006,45.0
IDA:AURANGABAD(DISTRICT PLANNING OFFICER AURANGABAD_IDA),AURANGABAD(DISTRICT PLANNING OFFICER AURANGABAD_IDA),IDA,82,38539750.0,41.4,19,0.0012,45.0
IDA:Shahid Bhagat Singh Nagar(Deputy Commissioner Shahid Bhagat Singh Nagar_ida),Shahid Bhagat Singh Nagar(Deputy Commissioner Shahid Bhagat Singh Nagar_ida),IDA,41,16041741.0,22.1,0,0.0006,15.0
IDA:CHHATARPUR(District Collector Chhatarpur_IDA),CHHATARPUR(District Collector Chhatarpur_IDA),IDA,29,20426061.0,50.6,15,0.0012,70.0
IDA:RAJNANDGAON(DISTRICT COLLECTOR RAJNANDGAON_IDA),RAJNANDGAON(DISTRICT COLLECTOR RAJNANDGAON_IDA),IDA,13,5139888.0,28.8,2,0.0006,30.0
IDA:Sarangarh-Bilaigarh(Collector SB_IDA),Sarangarh-Bilaigarh(Collector SB_IDA),IDA,25,16367395.0,53.7,17,0.0018,70.0
MP:Smt S Jothimani,Smt S Jothimani,MP,45,26802779.0,38.4,4,0.0006,30.0
CONST:KARUR,KARUR,Constituency,45,26802779.0,38.4,4,0.0031,30.0
IDA:KARUR(DISTRICT COLLECTOR KARUR_IDA),KARUR(DISTRICT COLLECTOR KARUR_IDA),IDA,34,21675532.0,37.5,3,0.0012,30.0
MP:T Sumathy (A) Thamizhachi Thangapandian,T Sumathy (A) Thamizhachi Thangapandian,MP,19,55000000.0,62.8,5,0.0006,70.0
CONST:CHENNAI SOUTH,CHENNAI SOUTH,Constituency,19,55000000.0,62.8,5,0.0012,70.0
IDA:KAPURTHALA(DEPUTY COMMISSIONER KAPURTHALA_IDA),KAPURTHALA(DEPUTY COMMISSIONER KAPURTHALA_IDA),IDA,6,4072847.0,42.3,1,0.0012,15.0
MP:Shri  Dharambir Singh,Shri  Dharambir Singh,MP,36,19393540.0,44.6,8,0.0006,45.0
CONST:BHIWANI MAHENDRAGARH,BHIWANI MAHENDRAGARH,Constituency,36,19393540.0,44.6,8,0.0043,45.0
IDA:BHIWANI(DC Cum Nodal Officer MPLADS Bhiwani),BHIWANI(DC Cum Nodal Officer MPLADS Bhiwani),IDA,23,7919617.0,39.8,4,0.0012,30.0
IDA:KASARAGOD(DISTRICT COLLECTOR KASARAGOD_IDA),KASARAGOD(DISTRICT COLLECTOR KASARAGOD_IDA),IDA,21,8386163.0,52.6,2,0.0006,55.0
MP:MANI. A.,MANI. A.,MP,17,16488312.0,31.3,0,0.0006,15.0
CONST:DHARAMAPURI,DHARAMAPURI,Constituency,17,16488312.0,31.3,0,0.0012,15.0
IDA:DHARMAPURI(DISTRICT COLLECTOR DHARMAPURI_IDA),DHARMAPURI(DISTRICT COLLECTOR DHARMAPURI_IDA),IDA,17,16488312.0,31.3,0,0.0006,15.0
MP:JITENDRA KUMAR DOHARE,JITENDRA KUMAR DOHARE,MP,248,85705685.0,33.6,0,0.0006,15.0
CONST:ETAWAH(SC),ETAWAH(SC),Constituency,248,85705685.0,33.6,0,0.0025,15.0
IDA:ETAWAH(DISTRICT MAGISTRATE ETAWAH_IDA),ETAWAH(DISTRICT MAGISTRATE ETAWAH_IDA),IDA,105,36320426.0,17.9,0,0.0012,15.0
IDA:SHAHDOL(District Collector Shahdol_IDA),SHAHDOL(District Collector Shahdol_IDA),IDA,82,84611931.0,62.0,66,0.0012,70.0
MP:Faggan Singh Kulaste,Faggan Singh Kulaste,MP,130,46371976.0,32.2,13,0.0006,45.0
CONST:MANDLA(ST),MANDLA(ST),Constituency,130,46371976.0,32.2,13,0.0031,45.0
IDA:SEONI(District Collector Seoni_IDA),SEONI(District Collector Seoni_IDA),IDA,38,22021506.0,39.1,7,0.0012,45.0
IDA:BIJAPUR(Collector Bijapur_IDA),BIJAPUR(Collector Bijapur_IDA),IDA,15,11604752.0,24.3,0,0.0006,15.0
MP:Mala Rajya Laxmi Shah,Mala Rajya Laxmi Shah,MP,87,38441956.0,32.1,9,0.0006,45.0
CONST:TEHRI GARHWAL,TEHRI GARHWAL,Constituency,87,38441956.0,32.1,9,0.0031,45.0
MP:Mukesh Rajput,Mukesh Rajput,MP,155,44140192.0,28.2,0,0.0006,15.0
CONST:FARRUKHABAD,FARRUKHABAD,Constituency,155,44140192.0,28.2,0,0.0018,15.0
IDA:BHADOHI(DISTRICT MAGISTRATE BHADOHI_IDA),BHADOHI(DISTRICT MAGISTRATE BHADOHI_IDA),IDA,255,30675767.0,14.1,0,0.0006,15.0
IDA:S.A.S Nagar(DEPUTY COMMISSIONER SAHIBZADA AJIT SINGH NAGAR MOHALI_IDA),S.A.S Nagar(DEPUTY COMMISSIONER SAHIBZADA AJIT SINGH NAGAR MOHALI_IDA),IDA,11,3314094.0,15.1,0,0.0012,15.0
IDA:PERAMBALUR(DISTRICT COLLECTOR PERAMBALUR_IDA),PERAMBALUR(DISTRICT COLLECTOR PERAMBALUR_IDA),IDA,17,20935000.0,54.1,1,0.0012,40.0
"IDA:CHAMPHAI(DEPUTY COMMISIONER, CHAMPHAI)","CHAMPHAI(DEPUTY COMMISIONER, CHAMPHAI)",IDA,8,3200000.0,18.8,0,0.0006,15.0
MP:ATUL GARG,ATUL GARG,MP,26,25080158.0,23.8,0,0.0006,15.0
CONST:GHAZIABAD,GHAZIABAD,Constituency,26,25080158.0,23.8,0,0.0018,15.0
MP:KOTA SRINIVAS POOJARY,KOTA SRINIVAS POOJARY,MP,92,37622593.0,55.5,26,0.0006,70.0
CONST:UDUPI CHIKMAGALUR,UDUPI CHIKMAGALUR,Constituency,92,37622593.0,55.5,26,0.0018,70.0
IDA:UDUPI(DEPUTY COMMISSIONER UDUPI_IDA),UDUPI(DEPUTY COMMISSIONER UDUPI_IDA),IDA,59,26166692.0,48.6,12,0.0012,45.0
MP:PATHAN YUSUF,PATHAN YUSUF,MP,79,18634631.0,55.5,0,0.0006,40.0
CONST:BAHARAMPUR,BAHARAMPUR,Constituency,79,18634631.0,55.5,0,0.0012,40.0
IDA:MURSHIDABAD(DISTRICT MAGISTRATE MURSHIDABAD_IDA),MURSHIDABAD(DISTRICT MAGISTRATE MURSHIDABAD_IDA),IDA,228,49817626.0,41.7,2,0.0025,30.0
MP:PRIYANKA SATISH JARKIHOLI,PRIYANKA SATISH JARKIHOLI,MP,9,7423848.0,65.3,5,0.0006,70.0
CONST:CHIKKODI,CHIKKODI,Constituency,9,7423848.0,65.3,5,0.0012,70.0
IDA:BELAGAVI(DEPUTY COMMISSIONER BELGAUM_IDA),BELAGAVI(DEPUTY COMMISSIONER BELGAUM_IDA),IDA,21,13623848.0,68.2,15,0.0018,70.0
"IDA:EAST GODAVARI(DISTRICT COLLECTOR, EAST GODAVARI)","EAST GODAVARI(DISTRICT COLLECTOR, EAST GODAVARI)",IDA,22,64250000.0,42.1,0,0.0018,15.0
MP:Jagannath Sarkar,Jagannath Sarkar,MP,96,46668632.0,32.6,2,0.0006,30.0
CONST:RANAGHAT(SC),RANAGHAT(SC),Constituency,96,46668632.0,32.6,2,0.0012,30.0
MP:Kanimozhi Karunanidhi,Kanimozhi Karunanidhi,MP,15,35986942.0,54.6,6,0.0006,70.0
CONST:THOOTHUKKUDI,THOOTHUKKUDI,Constituency,15,35986942.0,54.6,6,0.0012,70.0
IDA:Thoothukkudi(DISTRICT COLLECTOR THOOTHUKUDI_IDA),Thoothukkudi(DISTRICT COLLECTOR THOOTHUKUDI_IDA),IDA,15,35986942.0,54.6,6,0.0006,70.0
MP:AZAD KIRTI JHA,AZAD KIRTI JHA,MP,43,48088472.0,32.4,2,0.0006,30.0
CONST:BARDHAMAN-DURGAPUR,BARDHAMAN-DURGAPUR,Constituency,43,48088472.0,32.4,2,0.0018,30.0
IDA:AURAIYA(DISTRICT MAGISTRATE AURAIYA_IDA),AURAIYA(DISTRICT MAGISTRATE AURAIYA_IDA),IDA,120,50034759.0,41.9,0,0.0012,15.0
MP:KONDA VISHWESHWAR REDDY,KONDA VISHWESHWAR REDDY,MP,180,35003297.0,37.2,1,0.0006,15.0
CONST:CHELVELLA,CHELVELLA,Constituency,180,35003297.0,37.2,1,0.0025,15.0
IDA:VIKARABAD(DISTRICT COLLECTOR VIKARABAD_2),VIKARABAD(DISTRICT COLLECTOR VIKARABAD_2),IDA,161,29431686.0,38.8,1,0.0012,15.0
IDA:CHAMBA(DEPUTY COMMISSIONER CHAMBA_IDA),CHAMBA(DEPUTY COMMISSIONER CHAMBA_IDA),IDA,62,12797367.0,34.4,1,0.0012,15.0
MP:RAJESH VERMA,RAJESH VERMA,MP,51,55624868.0,41.3,17,0.0006,45.0
CONST:KHAGARIA,KHAGARIA,Constituency,51,55624868.0,41.3,17,0.0025,45.0
IDA:KHAGARIA(DISTRICT PLANNING OFFICER KHAGARIA_IDA),KHAGARIA(DISTRICT PLANNING OFFICER KHAGARIA_IDA),IDA,38,38668789.0,44.6,16,0.0006,45.0
IDA:Charkhi Dadri(Deputy Commissioner Charkhi Dadri_IDA),Charkhi Dadri(Deputy Commissioner Charkhi Dadri_IDA),IDA,9,1710440.0,47.4,3,0.0006,30.0
IDA:PASCHIM BARDHAMAN(DISTRICT MAGISTRATE PASCHIM BARDHAMAN_IDA),PASCHIM BARDHAMAN(DISTRICT MAGISTRATE PASCHIM BARDHAMAN_IDA),IDA,27,70005307.0,44.5,6,0.0012,45.0
MP:RAM PRASAD CHAUDHARY,RAM PRASAD CHAUDHARY,MP,67,68731600.0,35.5,0,0.0006,15.0
CONST:BASTI,BASTI,Constituency,67,68731600.0,35.5,0,0.0012,15.0
IDA:BASTI(DISTRICT MAGISTRATE BASTI_IDA),BASTI(DISTRICT MAGISTRATE BASTI_IDA),IDA,67,68731600.0,35.5,0,0.0006,15.0
IDA:SINGRAULI(District Collector Singrauli_IDA),SINGRAULI(District Collector Singrauli_IDA),IDA,9,10995000.0,34.4,0,0.0006,15.0
MP:DR. SHARMILA SARKAR,DR. SHARMILA SARKAR,MP,42,33353781.0,32.5,0,0.0006,15.0
CONST:BARDHAMAN PURBA(SC),BARDHAMAN PURBA(SC),Constituency,42,33353781.0,32.5,0,0.0012,15.0
IDA:PRATAPGARH(DISTRICT MAGISTRAE PRATAPGARH_IDA),PRATAPGARH(DISTRICT MAGISTRAE PRATAPGARH_IDA),IDA,209,24851119.0,27.4,0,0.0012,15.0
MP:Rajeshbhai Naranbhai Chudasama,Rajeshbhai Naranbhai Chudasama,MP,59,19433286.0,29.7,0,0.0006,15.0
CONST:JUNAGADH,JUNAGADH,Constituency,59,19433286.0,29.7,0,0.0018,15.0
IDA:GIR SOMNATH(DISTRICT COLLECTOR GIR SOMNATH_IDA),GIR SOMNATH(DISTRICT COLLECTOR GIR SOMNATH_IDA),IDA,24,7923704.0,34.2,0,0.0006,15.0
MP:RADHE SHYAM RATHIYA,RADHE SHYAM RATHIYA,MP,72,50681515.0,58.7,43,0.0006,70.0
CONST:RAIGARH(ST),RAIGARH(ST),Constituency,72,50681515.0,58.7,43,0.0025,70.0
IDA:RAIGARH(DISTRICT COLLECTOR RAIGARH_IDA),RAIGARH(DISTRICT COLLECTOR RAIGARH_IDA),IDA,33,21516713.0,57.8,13,0.0006,70.0
MP:Prasun Banerjee,Prasun Banerjee,MP,17,19588495.0,17.8,0,0.0006,15.0
CONST:HOWRAH,HOWRAH,Constituency,17,19588495.0,17.8,0,0.0012,15.0
MP:Prof Sougata Ray,Prof Sougata Ray,MP,18,13088419.0,49.4,4,0.0006,30.0
CONST:DUM DUM,DUM DUM,Constituency,18,13088419.0,49.4,4,0.0012,30.0
MP:NAVEEN JINDAL,NAVEEN JINDAL,MP,137,45327289.0,32.6,17,0.0006,45.0
CONST:KURUKSHETRA,KURUKSHETRA,Constituency,137,45327289.0,32.6,17,0.0031,45.0
IDA:KURUKSHETRA(DEPUTY COMMISSIONER KURUKSHETRA_IDA),KURUKSHETRA(DEPUTY COMMISSIONER KURUKSHETRA_IDA),IDA,66,19268464.0,25.1,4,0.0006,30.0
IDA:KAITHAL(DC CUM NODAL OFFICERS MPLADS),KAITHAL(DC CUM NODAL OFFICERS MPLADS),IDA,50,17887825.0,41.5,11,0.0006,45.0
MP:RAJEEV BHARDWAJ,RAJEEV BHARDWAJ,MP,180,42042088.0,38.8,11,0.0006,45.0
CONST:KANGRA,KANGRA,Constituency,180,42042088.0,38.8,11,0.0018,45.0
IDA:KANGRA(DEPUTY COMMISSIONER KANGRA_IDA),KANGRA(DEPUTY COMMISSIONER KANGRA_IDA),IDA,122,30669721.0,40.8,10,0.0012,45.0
IDA:JASHPUR(DISTRICT COLLECTOR JASHPUR_IDA),JASHPUR(DISTRICT COLLECTOR JASHPUR_IDA),IDA,17,14396637.0,60.6,13,0.0006,70.0
IDA:FARRUKHABAD(DISTRICT MAGISTRAE FARRUKHABAD_IDA),FARRUKHABAD(DISTRICT MAGISTRAE FARRUKHABAD_IDA),IDA,124,34041924.0,32.1,0,0.0006,15.0
IDA:Gyalshing(DISTRICT COLLECTOR GYALSHING_IDA),Gyalshing(DISTRICT COLLECTOR GYALSHING_IDA),IDA,4,12000000.0,61.9,2,0.0006,55.0
MP:ADHIKARI SOUMENDU,ADHIKARI SOUMENDU,MP,41,48521123.0,60.9,16,0.0006,70.0
CONST:KANTHI,KANTHI,Constituency,41,48521123.0,60.9,16,0.0012,70.0
MP:BHARATBHAI MANUBHAI SUTARIYA,BHARATBHAI MANUBHAI SUTARIYA,MP,108,39704955.0,33.3,4,0.0006,30.0
CONST:AMRELI,AMRELI,Constituency,108,39704955.0,33.3,4,0.0018,30.0
IDA:AMRELI(DISTRICT COLLECTOR AMRELI_IDA),AMRELI(DISTRICT COLLECTOR AMRELI_IDA),IDA,95,35153475.0,34.5,3,0.0006,30.0
MP:Janardan Mishra,Janardan Mishra,MP,50,49729049.0,68.5,46,0.0006,70.0
CONST:REWA,REWA,Constituency,50,49729049.0,68.5,46,0.0018,70.0
IDA:REWA(DISTRICT COLLECTOR REWA_IDA),REWA(DISTRICT COLLECTOR REWA_IDA),IDA,37,38259819.0,67.2,33,0.0006,70.0
IDA:BHAVNAGAR(DISTRICT COLLECTOR BHAVNAGAR_IDA),BHAVNAGAR(DISTRICT COLLECTOR BHAVNAGAR_IDA),IDA,41,22944627.0,21.6,1,0.0012,15.0
MP:Smt Poonamben Hematbhai Maadam,Smt Poonamben Hematbhai Maadam,MP,17,8933692.0,44.0,2,0.0006,30.0
CONST:JAMNAGAR,JAMNAGAR,Constituency,17,8933692.0,44.0,2,0.0018,30.0
IDA:DEVBHUMI DWARKA(DISTRICT COLLECTOR DEVBHUMI DWARKA_IDA),DEVBHUMI DWARKA(DISTRICT COLLECTOR DEVBHUMI DWARKA_IDA),IDA,9,4479889.0,35.9,1,0.0006,15.0
IDA:GANDHINAGAR(DISTRICT COLLECTOR GANDHINAGAR_IDA),GANDHINAGAR(DISTRICT COLLECTOR GANDHINAGAR_IDA),IDA,92,36077192.0,37.4,4,0.0018,30.0
IDA:GARIYABAND(Collectro Gariaband_IDA),GARIYABAND(Collectro Gariaband_IDA),IDA,21,9300000.0,43.7,8,0.0006,45.0
IDA:MAUGANJ(District Collector Mauganj_IDA),MAUGANJ(District Collector Mauganj_IDA),IDA,13,11469230.0,72.2,13,0.0006,85.0
MP:ESWARASAMY K,ESWARASAMY K,MP,17,17116294.0,48.9,4,0.0006,30.0
CONST:POLLACHI,POLLACHI,Constituency,17,17116294.0,48.9,4,0.0018,30.0
MP:Shankar Lalwani,Shankar Lalwani,MP,130,47724390.0,21.7,0,0.0006,15.0
CONST:INDORE,INDORE,Constituency,130,47724390.0,21.7,0,0.0012,15.0
IDA:INDORE(DISTRICT COLLECTOR INDORE_IDA),INDORE(DISTRICT COLLECTOR INDORE_IDA),IDA,138,50823936.0,22.5,0,0.0012,15.0
IDA:SALEM(DISTRICT COLLECTOR SALEM_IDA),SALEM(DISTRICT COLLECTOR SALEM_IDA),IDA,47,23871974.0,46.3,6,0.0012,45.0
MP:Thalikkottai Rajuthevar Baalu,Thalikkottai Rajuthevar Baalu,MP,52,60843350.0,73.0,49,0.0006,85.0
CONST:SRIPERUMBUDUR,SRIPERUMBUDUR,Constituency,52,60843350.0,73.0,49,0.0031,85.0
MP:Sudip Bandyopadhyay,Sudip Bandyopadhyay,MP,17,27467416.0,27.8,0,0.0006,15.0
CONST:KOLKATA UTTAR,KOLKATA UTTAR,Constituency,17,27467416.0,27.8,0,0.0012,15.0
MP:VISHWESHWAR HEGDE KAGERI,VISHWESHWAR HEGDE KAGERI,MP,49,33925000.0,50.3,17,0.0006,70.0
CONST:UTTARA KANNADA,UTTARA KANNADA,Constituency,49,33925000.0,50.3,17,0.0018,70.0
IDA:UTTARA KANNADA(DEPUTY COMMISSIONER UTTARKANNADA KARWAR_IDA),UTTARA KANNADA(DEPUTY COMMISSIONER UTTARKANNADA KARWAR_IDA),IDA,44,31225000.0,47.7,12,0.0006,45.0
MP:BUNTY VIVEK SAHU,BUNTY VIVEK SAHU,MP,233,51774130.0,27.7,19,0.0006,45.0
CONST:CHHINDWARA,CHHINDWARA,Constituency,233,51774130.0,27.7,19,0.0018,45.0
IDA:CHHINDWARA(DISTRICT COLLECTOR CHHINDWARA_IDA),CHHINDWARA(DISTRICT COLLECTOR CHHINDWARA_IDA),IDA,193,36249130.0,23.0,5,0.0006,45.0
IDA:Pandhurna(District Collector Pandhurna_IDA),Pandhurna(District Collector Pandhurna_IDA),IDA,40,15525000.0,50.6,14,0.0006,70.0
MP:M.K. VISHNUPRASAD,M.K. VISHNUPRASAD,MP,52,48054242.0,45.5,1,0.0006,15.0
CONST:CUDDALORE,CUDDALORE,Constituency,52,48054242.0,45.5,1,0.0012,15.0
IDA:CUDDALORE(DISTRICT COLLECTOR CUDDALORE_IDA),CUDDALORE(DISTRICT COLLECTOR CUDDALORE_IDA),IDA,69,71200887.0,44.5,1,0.0012,15.0
MP:Gumma Thanuja Rani,Gumma Thanuja Rani,MP,45,41778400.0,49.6,15,0.0006,45.0
CONST:ARAKU(ST),ARAKU(ST),Constituency,45,41778400.0,49.6,15,0.0025,45.0
IDA:Alluri Sitharama Raju(DISTRICT COLLECTOR ALLURI SITHARAMARAJU_IDA),Alluri Sitharama Raju(DISTRICT COLLECTOR ALLURI SITHARAMARAJU_IDA),IDA,23,34628400.0,59.1,15,0.0006,70.0
MP:SAVITRI THAKUR,SAVITRI THAKUR,MP,101,42097370.0,39.9,5,0.0006,45.0
CONST:DHAR(ST),DHAR(ST),Constituency,101,42097370.0,39.9,5,0.0018,45.0
IDA:DHAR(DISTRICT COLLECTOR DHAR_IDA),DHAR(DISTRICT COLLECTOR DHAR_IDA),IDA,94,39997824.0,40.7,6,0.0012,45.0
IDA:Sri Potti Sriramulu Nellore(DISTRICT COLLECTOR NELLORE_IDA),Sri Potti Sriramulu Nellore(DISTRICT COLLECTOR NELLORE_IDA),IDA,87,48599620.0,18.2,2,0.0012,30.0
MP:TOKHAN SAHU,TOKHAN SAHU,MP,71,46392997.0,27.8,0,0.0006,15.0
CONST:BILASPUR,BILASPUR,Constituency,71,46392997.0,27.8,0,0.0025,15.0
IDA:BILASPUR(DISTRICT COLLECTOR BILASPUR_IDA),BILASPUR(DISTRICT COLLECTOR BILASPUR_IDA),IDA,43,29704118.0,26.8,0,0.0006,15.0
MP:DARSHAN SINGH CHOUDHARY,DARSHAN SINGH CHOUDHARY,MP,138,20476951.0,39.1,15,0.0006,45.0
CONST:HOSHANGABAD,HOSHANGABAD,Constituency,138,20476951.0,39.1,15,0.0025,45.0
IDA:NARMADAPURAM(DISTRICT COLLECTOR NARMADAPURAM_IDA),NARMADAPURAM(DISTRICT COLLECTOR NARMADAPURAM_IDA),IDA,105,14319067.0,37.5,10,0.0006,45.0
IDA:MUNGELI(Collector Mungeli_IDA),MUNGELI(Collector Mungeli_IDA),IDA,26,15194797.0,29.0,0,0.0006,15.0
MP:Kalanidhi Veeraswamy,Kalanidhi Veeraswamy,MP,9,26899544.0,51.9,0,0.0006,40.0
CONST:CHENNAI NORTH,CHENNAI NORTH,Constituency,9,26899544.0,51.9,0,0.0012,40.0
MP:CHHATRA PAL SINGH GANGWAR,CHHATRA PAL SINGH GANGWAR,MP,50,31318582.0,40.7,24,0.0006,45.0
CONST:BAREILLY,BAREILLY,Constituency,50,31318582.0,40.7,24,0.0012,45.0
IDA:BAREILLY(DISTRICT MAGISTRAE BAREILLY_IDA),BAREILLY(DISTRICT MAGISTRAE BAREILLY_IDA),IDA,72,38996946.0,32.3,24,0.0012,45.0
MP:TARIQ ANWAR,TARIQ ANWAR,MP,27,26660060.0,74.9,27,0.0006,85.0
CONST:KATIHAR,KATIHAR,Constituency,27,26660060.0,74.9,27,0.0012,85.0
IDA:KATIHAR(DISTRICT PLANNING OFFICER KATIHAR_IDA),KATIHAR(DISTRICT PLANNING OFFICER KATIHAR_IDA),IDA,27,26660060.0,74.9,27,0.0006,85.0
IDA:Narsimhapur(DISTRICT COLLECTOR NARSINGHPUR_IDA),Narsimhapur(DISTRICT COLLECTOR NARSINGHPUR_IDA),IDA,79,13422884.0,30.8,5,0.0012,45.0
MP:Virendra Kumar,Virendra Kumar,MP,47,46434039.0,59.6,29,0.0006,70.0
CONST:TIKAMGARH(SC),TIKAMGARH(SC),Constituency,47,46434039.0,59.6,29,0.0025,70.0
IDA:TIKAMGARH(DISTRICT COLLECTOR TIKAMGARH_IDA),TIKAMGARH(DISTRICT COLLECTOR TIKAMGARH_IDA),IDA,15,15349039.0,57.5,8,0.0006,70.0
MP:Shatrughan Sinha,Shatrughan Sinha,MP,16,58855068.0,50.9,5,0.0006,70.0
CONST:ASANSOL,ASANSOL,Constituency,16,58855068.0,50.9,5,0.0012,70.0
IDA:BAHRAICH(DISTRICT MAGISTRAE BAHRAICH_IDA),BAHRAICH(DISTRICT MAGISTRAE BAHRAICH_IDA),IDA,42,54964393.0,19.2,0,0.0012,15.0
IDA:Niwari(District Collector Niwari_IDA),Niwari(District Collector Niwari_IDA),IDA,11,12550000.0,59.1,6,0.0006,70.0
MP:Bansuri Swaraj,Bansuri Swaraj,MP,34,16745965.0,51.9,17,0.0006,70.0
CONST:NEW DELHI,NEW DELHI,Constituency,34,16745965.0,51.9,17,0.0018,70.0
IDA:SOUTH(COMMISSIONER SOUTH),SOUTH(COMMISSIONER SOUTH),IDA,29,14402393.0,52.1,15,0.0012,70.0
IDA:CENTRAL(COMMISSIONER MCD (CENTRAL DISTRICT)),CENTRAL(COMMISSIONER MCD (CENTRAL DISTRICT)),IDA,14,8688176.0,39.3,4,0.0018,30.0
IDA:RAISEN(DISTRICT COLLECTOR RAISEN_IDA),RAISEN(DISTRICT COLLECTOR RAISEN_IDA),IDA,43,19485000.0,60.8,29,0.0012,70.0
MP:B K PARTHASARATHI,B K PARTHASARATHI,MP,51,42749593.0,30.3,10,0.0006,45.0
CONST:HINDUPUR,HINDUPUR,Constituency,51,42749593.0,30.3,10,0.0018,45.0
IDA:Sri Sathya Sai(DISTRICT COLLECTOR SRI SATHYA SAI_IDA),Sri Sathya Sai(DISTRICT COLLECTOR SRI SATHYA SAI_IDA),IDA,48,40249593.0,30.5,10,0.0006,45.0
MP:BALRAM NAIK PORIKA,BALRAM NAIK PORIKA,MP,143,27168299.0,55.2,32,0.0006,70.0
CONST:MAHABUBABAD,MAHABUBABAD,Constituency,143,27168299.0,55.2,32,0.0043,70.0
IDA:MAHABUBABAD(DISTRICT COLLECTOR MAHABUBABAD_IDA),MAHABUBABAD(DISTRICT COLLECTOR MAHABUBABAD_IDA),IDA,36,14125222.0,48.4,3,0.0012,30.0
MP:RAJEEV RAI,RAJEEV RAI,MP,110,38592817.0,41.2,0,0.0006,15.0
CONST:GHOSI,GHOSI,Constituency,110,38592817.0,41.2,0,0.0018,15.0
IDA:MAU(DISTRICT MAGISTRATE MAU_IDA),MAU(DISTRICT MAGISTRATE MAU_IDA),IDA,94,34581497.0,39.2,0,0.0012,15.0
MP:KADIYAM KAVYA,KADIYAM KAVYA,MP,76,32527016.0,42.2,9,0.0006,45.0
CONST:WARANGEL(SC),WARANGEL(SC),Constituency,76,32527016.0,42.2,9,0.0037,45.0
IDA:JANGOAN(DISTRICT COLLECTOR JANGAON_IDA),JANGOAN(DISTRICT COLLECTOR JANGAON_IDA),IDA,61,13117488.0,34.9,1,0.0012,15.0
MP:Saptagiri Sankar Ulaka,Saptagiri Sankar Ulaka,MP,56,19359829.0,36.7,11,0.0006,45.0
CONST:KORAPUT(ST),KORAPUT(ST),Constituency,56,19359829.0,36.7,11,0.0018,45.0
IDA:RAYAGADA(DISTRICT COLLECTOR RAYAGADA_IDA),RAYAGADA(DISTRICT COLLECTOR RAYAGADA_IDA),IDA,37,12462424.0,36.7,11,0.0006,45.0
IDA:GHAZIABAD(DISTRICT MAGISTRAE GHAZIABAD_IDA),GHAZIABAD(DISTRICT MAGISTRAE GHAZIABAD_IDA),IDA,22,21618760.0,32.9,0,0.0012,15.0
MP:Dushyant Singh,Dushyant Singh,MP,3,6100000.0,36.4,0,0.0006,15.0
CONST:JHALAWAR-BARAN,JHALAWAR-BARAN,Constituency,3,6100000.0,36.4,0,0.0018,15.0
IDA:JHALAWAR(DISTRICT COLLECTOR JHALAWAR_IDA),JHALAWAR(DISTRICT COLLECTOR JHALAWAR_IDA),IDA,1,1100000.0,30.6,0,0.0006,15.0
IDA:BARAN(DISTRICT COLLECTOR BARAN_IDA),BARAN(DISTRICT COLLECTOR BARAN_IDA),IDA,2,5000000.0,39.3,0,0.0006,15.0
IDA:South East(COMMISSIONER MCD SOUTH EAST_IDA),South East(COMMISSIONER MCD SOUTH EAST_IDA),IDA,4,8064243.0,29.0,0,0.0006,15.0
IDA:MARIGAON(District Development Commissioner Morigaon),MARIGAON(District Development Commissioner Morigaon),IDA,49,22890000.0,43.7,5,0.0006,45.0
MP:Kirti Vardhan Singh,Kirti Vardhan Singh,MP,57,47866477.0,17.9,0,0.0006,15.0
CONST:GONDA,GONDA,Constituency,57,47866477.0,17.9,0,0.0018,15.0
MP:JAI PARKASH,JAI PARKASH,MP,146,54758020.0,38.0,21,0.0006,45.0
CONST:HISAR,HISAR,Constituency,146,54758020.0,38.0,21,0.0025,45.0
IDA:NORTH GARO HILLS(DEPUTY COMMISSIONER NORTH GARO HILLS RESUBELPARA_IDA),NORTH GARO HILLS(DEPUTY COMMISSIONER NORTH GARO HILLS RESUBELPARA_IDA),IDA,21,6550000.0,37.7,5,0.0006,45.0
MP:Mahendra Singh Solanky,Mahendra Singh Solanky,MP,14,10500000.0,39.2,2,0.0006,30.0
CONST:DEWAS(SC),DEWAS(SC),Constituency,14,10500000.0,39.2,2,0.0025,30.0
IDA:SHAJAPUR(District Collector Shajapur_IDA),SHAJAPUR(District Collector Shajapur_IDA),IDA,5,3700000.0,28.2,0,0.0006,15.0
IDA:BALRAMPUR(DISTRICT MAGISTRATE BALRAMPUR_IDA),BALRAMPUR(DISTRICT MAGISTRATE BALRAMPUR_IDA),IDA,13,11364132.0,13.2,0,0.0006,15.0
IDA:EAST GARO HILLS(DEPUTY COMMISSIONER EAST GARO HILLS WILLIAMNAGAR_IDA),EAST GARO HILLS(DEPUTY COMMISSIONER EAST GARO HILLS WILLIAMNAGAR_IDA),IDA,10,4400000.0,34.2,0,0.0006,15.0
IDA:KORAPUT(District Collector Koraput_IDA),KORAPUT(District Collector Koraput_IDA),IDA,24,9197405.0,43.0,2,0.0012,30.0
IDA:SIVASAGAR(Deputy Commissioner Sivsagar_IDA),SIVASAGAR(Deputy Commissioner Sivsagar_IDA),IDA,37,7946628.0,57.0,7,0.0006,70.0
MP:DR. S P SINGH,DR. S P SINGH,MP,47,16622925.0,13.6,0,0.0006,15.0
CONST:PRATAPGARH,PRATAPGARH,Constituency,47,16622925.0,13.6,0,0.0012,15.0
IDA:JIND(DEPUTY COMMISSIONER JIND),JIND(DEPUTY COMMISSIONER JIND),IDA,26,20055276.0,33.3,2,0.0018,30.0
IDA:TEHRI GARHWAL(DISTRICT MAGISTRATE TEHRI GARHWAL_IDA),TEHRI GARHWAL(DISTRICT MAGISTRATE TEHRI GARHWAL_IDA),IDA,29,15970000.0,44.6,9,0.0012,45.0
IDA:DEHRADUN(DISTRICT MAGISTRATE DEHRADUN_IDA),DEHRADUN(DISTRICT MAGISTRATE DEHRADUN_IDA),IDA,43,14888093.0,29.1,1,0.0006,15.0
IDA:WEST KARBI ANGLONG(DISTRICT COMMISSIONER WEST KARBI ANGLONG),WEST KARBI ANGLONG(DISTRICT COMMISSIONER WEST KARBI ANGLONG),IDA,8,3401202.0,51.0,1,0.0006,40.0
MP:VIRENDRA SINGH,VIRENDRA SINGH,MP,8,35497639.0,30.3,0,0.0006,15.0
CONST:CHANDAULI,CHANDAULI,Constituency,8,35497639.0,30.3,0,0.0018,15.0
MP:ADITYA YADAV,ADITYA YADAV,MP,65,48412573.0,40.5,0,0.0006,15.0
CONST:BADAUN,BADAUN,Constituency,65,48412573.0,40.5,0,0.0018,15.0
MP:ANAND KUMAR,ANAND KUMAR,MP,34,42235088.0,19.2,0,0.0006,15.0
CONST:BAHRAICH(SC),BAHRAICH(SC),Constituency,34,42235088.0,19.2,0,0.0012,15.0
MP:Rajnath Singh,Rajnath Singh,MP,32,28229976.0,15.2,0,0.0006,15.0
CONST:LUCKNOW,LUCKNOW,Constituency,32,28229976.0,15.2,0,0.0012,15.0
MP:GOVIND MAKTHAPPA KARJOL,GOVIND MAKTHAPPA KARJOL,MP,74,40300000.0,48.2,3,0.0006,30.0
CONST:CHITRADURGA(SC),CHITRADURGA(SC),Constituency,74,40300000.0,48.2,3,0.0018,30.0
IDA:CHITRADURGA(DEPUTY COMMISSIONER CHITRADURGA_IDA),CHITRADURGA(DEPUTY COMMISSIONER CHITRADURGA_IDA),IDA,54,28600000.0,46.7,1,0.0006,15.0
MP:Pankaj Chowdhary,Pankaj Chowdhary,MP,23,48894284.0,26.9,0,0.0006,15.0
CONST:MAHARAJGANJ_UP,MAHARAJGANJ_UP,Constituency,23,48894284.0,26.9,0,0.0012,15.0
IDA:Mahrajganj(DISTRICT MAGISTRAE MAHARAJGANJ_IDA),Mahrajganj(DISTRICT MAGISTRAE MAHARAJGANJ_IDA),IDA,23,48894284.0,26.9,0,0.0006,15.0
MP:K. RAJASHEKAR BASAVARAJ HITNAL,K. RAJASHEKAR BASAVARAJ HITNAL,MP,79,44347382.0,43.5,8,0.0006,45.0
CONST:KOPPAL,KOPPAL,Constituency,79,44347382.0,43.5,8,0.0025,45.0
IDA:BALLARI(DEPUTY COMMISSIONER BELLARY_IDA),BALLARI(DEPUTY COMMISSIONER BELLARY_IDA),IDA,15,12550000.0,39.1,1,0.0012,15.0
MP:Mr Gopal Jee Thakur,Mr Gopal Jee Thakur,MP,72,35638548.0,46.5,9,0.0006,45.0
CONST:DARBHANGA,DARBHANGA,Constituency,72,35638548.0,46.5,9,0.0012,45.0
IDA:VARANASI(DISTRICT MAGISTRAE VARANASI_IDA),VARANASI(DISTRICT MAGISTRAE VARANASI_IDA),IDA,317,56549804.0,13.5,0,0.0018,15.0
IDA:YAMUNANAGAR(Deputy Commissioner YamunaNagar_IDA),YAMUNANAGAR(Deputy Commissioner YamunaNagar_IDA),IDA,20,5671000.0,34.1,2,0.0006,30.0
MP:DURAI VAIKO,DURAI VAIKO,MP,41,45091219.0,43.9,6,0.0006,45.0
CONST:TIRUCHIRAPPALLI,TIRUCHIRAPPALLI,Constituency,41,45091219.0,43.9,6,0.0018,45.0
MP:Nityanand Rai,Nityanand Rai,MP,34,11936139.0,41.4,3,0.0006,30.0
CONST:UJJARPUR,UJJARPUR,Constituency,34,11936139.0,41.4,3,0.0018,30.0
IDA:SAMASTIPUR(DISTRICT PLANNING OFFICER SAMASTIPUR_IDA),SAMASTIPUR(DISTRICT PLANNING OFFICER SAMASTIPUR_IDA),IDA,38,20542174.0,34.8,0,0.0012,15.0
IDA:KOPPAL(DEPUTY COMMISSIONER KOPPAL_IDA),KOPPAL(DEPUTY COMMISSIONER KOPPAL_IDA),IDA,73,39547382.0,41.4,4,0.0006,30.0
IDA:VAISHALI(DISTRICT PLANNING OFFICER VAISHALI_IDA),VAISHALI(DISTRICT PLANNING OFFICER VAISHALI_IDA),IDA,3,975000.0,73.0,3,0.0006,70.0
IDA:MAHABUBNAGAR(DISTRICT COLLECTOR MAHABUBNAGAR_3),MAHABUBNAGAR(DISTRICT COLLECTOR MAHABUBNAGAR_3),IDA,38,11905687.0,29.4,3,0.0012,30.0
IDA:SOUTH GARO HILLS(DEPUTY COMMISSIONER BAGHMARA_IDA),SOUTH GARO HILLS(DEPUTY COMMISSIONER BAGHMARA_IDA),IDA,9,2500000.0,68.8,5,0.0006,70.0
MP:Khalilur Rahaman,Khalilur Rahaman,MP,3,2502015.0,55.6,0,0.0006,40.0
CONST:JANGIPUR,JANGIPUR,Constituency,3,2502015.0,55.6,0,0.0012,40.0
MP:DEVESH SHAKYA,DEVESH SHAKYA,MP,181,43590797.0,20.8,0,0.0006,15.0
CONST:ETAH,ETAH,Constituency,181,43590797.0,20.8,0,0.0018,15.0
IDA:Kasganj(DISTRICT MAGISTRATE KASGANJ KANSHIRAMNAGAR_IDA),Kasganj(DISTRICT MAGISTRATE KASGANJ KANSHIRAMNAGAR_IDA),IDA,115,27707023.0,25.5,0,0.0006,15.0
IDA:SOUTH WEST GARO HILLS(DEPUTY COMMISSIONER SOUTH WEST GARO HILLS AMPATI_IDA),SOUTH WEST GARO HILLS(DEPUTY COMMISSIONER SOUTH WEST GARO HILLS AMPATI_IDA),IDA,14,3500000.0,64.8,10,0.0006,70.0
MP:Shri Deepak (Dev) Adhikari,Shri Deepak (Dev) Adhikari,MP,121,54246774.0,71.4,118,0.0006,85.0
CONST:GHATAL,GHATAL,Constituency,121,54246774.0,71.4,118,0.0012,85.0
MP:SAYANI GHOSH,SAYANI GHOSH,MP,141,55344539.0,28.7,0,0.0006,15.0
CONST:JADAVPUR,JADAVPUR,Constituency,141,55344539.0,28.7,0,0.0018,15.0
MP:ALFRED KANNGAM S ARTHUR,ALFRED KANNGAM S ARTHUR,MP,17,39751963.0,21.8,0,0.0006,15.0
CONST:OUTER MANIPUR(ST),OUTER MANIPUR(ST),Constituency,17,39751963.0,21.8,0,0.0037,15.0
IDA:UKHRUL(Deputy Commissioner Ukhrul_ida),UKHRUL(Deputy Commissioner Ukhrul_ida),IDA,1,11000000.0,38.7,0,0.0006,15.0
MP:LUMBARAM,LUMBARAM,MP,43,30962580.0,21.5,0,0.0006,15.0
CONST:JALORE,JALORE,Constituency,43,30962580.0,21.5,0,0.0025,15.0
IDA:Sanchor(DISTRICT COLLECTOR Sanchor_IDA),Sanchor(DISTRICT COLLECTOR Sanchor_IDA),IDA,9,6399237.0,23.7,0,0.0006,15.0
MP:Sunil Kumar,Sunil Kumar,MP,55,42184688.0,43.9,0,0.0006,15.0
CONST:VALMIKI NAGAR,VALMIKI NAGAR,Constituency,55,42184688.0,43.9,0,0.0012,15.0
IDA:PASHCHIM CHAMPARAN(DISTRICT PLANNING OFFICER WEST CHAMPARANBETTIAH_IDA),PASHCHIM CHAMPARAN(DISTRICT PLANNING OFFICER WEST CHAMPARANBETTIAH_IDA),IDA,55,42184688.0,43.9,0,0.0006,15.0
IDA:SIROHI(DISTRICT COLLECTOR SIROHI_IDA),SIROHI(DISTRICT COLLECTOR SIROHI_IDA),IDA,8,5701353.0,20.7,0,0.0006,15.0
MP:AKHILESH YADAV,AKHILESH YADAV,MP,15,15171778.0,43.6,1,0.0006,15.0
CONST:KANNAUJ,KANNAUJ,Constituency,15,15171778.0,43.6,1,0.0025,15.0
IDA:KANNAUJ(DISTRICT MAGISTRATE KANNAUJ_IDA),KANNAUJ(DISTRICT MAGISTRATE KANNAUJ_IDA),IDA,8,5014578.0,46.5,1,0.0006,15.0
MP:Mansukhbhai Dhanjibhai Vasava,Mansukhbhai Dhanjibhai Vasava,MP,153,44610940.0,22.8,0,0.0006,15.0
CONST:BHARUCH,BHARUCH,Constituency,153,44610940.0,22.8,0,0.0025,15.0
IDA:BHARUCH(DISTRICT COLLECTOR BROACH_IDA),BHARUCH(DISTRICT COLLECTOR BROACH_IDA),IDA,109,32188697.0,22.0,0,0.0006,15.0
MP:MANISH TEWARI,MANISH TEWARI,MP,23,14246994.0,16.1,0,0.0006,15.0
CONST:CHANDIGARH,CHANDIGARH,Constituency,23,14246994.0,16.1,0,0.0012,15.0
IDA:CHANDIGARH(DEPUTY COMMISSIONER ZILLA PARISHAD CHANDIGARH_IDA),CHANDIGARH(DEPUTY COMMISSIONER ZILLA PARISHAD CHANDIGARH_IDA),IDA,24,15243244.0,16.3,0,0.0012,15.0
MP:Parvatagouda Chandanagouda Gaddigoudar,Parvatagouda Chandanagouda Gaddigoudar,MP,87,44890595.0,38.7,5,0.0006,45.0
CONST:BAGALKOT,BAGALKOT,Constituency,87,44890595.0,38.7,5,0.0018,45.0
IDA:BAGALKOTE(DEPUTY COMMISSIONER BAGALKOT_IDA),BAGALKOTE(DEPUTY COMMISSIONER BAGALKOT_IDA),IDA,82,42090595.0,38.9,5,0.0006,45.0
MP:TANUJ PUNIA,TANUJ PUNIA,MP,16,44681913.0,58.0,8,0.0006,70.0
CONST:BARABANKI(SC),BARABANKI(SC),Constituency,16,44681913.0,58.0,8,0.0012,70.0
IDA:Bara Banki(DISTRICT MAGISTRATE BARABANKI_IDA),Bara Banki(DISTRICT MAGISTRATE BARABANKI_IDA),IDA,16,44681913.0,58.0,8,0.0006,70.0
IDA:CHURACHANDPUR(Deputy Commissioner Churachandpur MPLADS_ida),CHURACHANDPUR(Deputy Commissioner Churachandpur MPLADS_ida),IDA,12,22751963.0,16.8,0,0.0006,15.0
IDA:Ananthapuramu(DISTRICT COLLECTOR ANANTAPUR_IDA),Ananthapuramu(DISTRICT COLLECTOR ANANTAPUR_IDA),IDA,45,39966186.0,27.4,4,0.0012,30.0
MP:HARIBHAI PATEL,HARIBHAI PATEL,MP,223,45876628.0,34.4,4,0.0006,30.0
CONST:MAHESANA,MAHESANA,Constituency,223,45876628.0,34.4,4,0.0018,30.0
MP:NIMUBEN JAYANTIBHAI BAMBHANIYA,NIMUBEN JAYANTIBHAI BAMBHANIYA,MP,34,24593147.0,22.3,0,0.0006,15.0
CONST:BHAVNAGAR,BHAVNAGAR,Constituency,34,24593147.0,22.3,0,0.0018,15.0
MP:MUKESHKUMAR CHANDRAKAANT DALAL,MUKESHKUMAR CHANDRAKAANT DALAL,MP,74,17562952.0,29.8,0,0.0006,15.0
CONST:SURAT,SURAT,Constituency,74,17562952.0,29.8,0,0.0012,15.0
MP:CAPTAIN VIRIATO FERNANDES,CAPTAIN VIRIATO FERNANDES,MP,19,25081615.0,45.1,1,0.0006,15.0
CONST:SOUTH GOA,SOUTH GOA,Constituency,19,25081615.0,45.1,1,0.0012,15.0
IDA:SOUTH GOA(DISTRICT COLLECTOR SOUTH GOA_IDA),SOUTH GOA(DISTRICT COLLECTOR SOUTH GOA_IDA),IDA,19,25081615.0,45.1,1,0.0006,15.0
MP:Vishnu Dutt Sharma,Vishnu Dutt Sharma,MP,3,4909947.0,33.0,0,0.0006,15.0
CONST:KHAJURAHO,KHAJURAHO,Constituency,3,4909947.0,33.0,0,0.0012,15.0
IDA:PANNA(DISTRICT COLLECTOR PANNA_IDA),PANNA(DISTRICT COLLECTOR PANNA_IDA),IDA,3,4909947.0,33.0,0,0.0006,15.0
IDA:HANUMAKONDA(DISTRICT COLLECTOR HANUMAKONDA_IDA),HANUMAKONDA(DISTRICT COLLECTOR HANUMAKONDA_IDA),IDA,50,19550696.0,29.8,2,0.0012,30.0
IDA:WARANGAL(District Collector Warangal_IDA),WARANGAL(District Collector Warangal_IDA),IDA,107,13664753.0,59.7,34,0.0012,70.0
MP:JUNE MALIAH,JUNE MALIAH,MP,13,31812152.0,42.5,0,0.0006,15.0
CONST:MEDINIPUR,MEDINIPUR,Constituency,13,31812152.0,42.5,0,0.0012,15.0
MP:DR.K.SUDHAKAR,DR.K.SUDHAKAR,MP,66,42644028.0,41.9,6,0.0006,45.0
CONST:CHIKBALLAPUR,CHIKBALLAPUR,Constituency,66,42644028.0,41.9,6,0.0031,45.0
IDA:CHIKKABALLAPURA(DEPUTY COMMISSIONER CHICKKABALLAPUR_IDA),CHIKKABALLAPURA(DEPUTY COMMISSIONER CHICKKABALLAPUR_IDA),IDA,37,23787000.0,51.4,8,0.0012,70.0
IDA:PALAKKAD(DISTRICT COLLECTOR PALAKKAD_IDA),PALAKKAD(DISTRICT COLLECTOR PALAKKAD_IDA),IDA,161,64738107.0,49.1,20,0.0018,45.0
MP:M. MALLESH BABU,M. MALLESH BABU,MP,63,32507000.0,52.4,9,0.0006,70.0
CONST:KOLAR(SC),KOLAR(SC),Constituency,63,32507000.0,52.4,9,0.0018,70.0
IDA:KOLAR(DEPUTY COMMISSIONER KOLAR_IDA),KOLAR(DEPUTY COMMISSIONER KOLAR_IDA),IDA,48,21520000.0,50.4,2,0.0006,55.0
MP:KRITI DEVI DEBBARMAN,KRITI DEVI DEBBARMAN,MP,5,19786310.0,63.6,2,0.0006,55.0
CONST:TRIPURA EAST(ST),TRIPURA EAST(ST),Constituency,5,19786310.0,63.6,2,0.0025,55.0
IDA:Dhalai(DISTRICT MAGISTRATE DHALAI_IDA),Dhalai(DISTRICT MAGISTRATE DHALAI_IDA),IDA,3,11479250.0,62.0,1,0.0006,40.0
MP:Smt Aparajita Sarangi,Smt Aparajita Sarangi,MP,169,50600000.0,37.3,19,0.0006,45.0
CONST:BHUBANESWAR,BHUBANESWAR,Constituency,169,50600000.0,37.3,19,0.0012,45.0
IDA:KHORDHA(DISTRICT COLLECTOR KHORDHA_IDA),KHORDHA(DISTRICT COLLECTOR KHORDHA_IDA),IDA,169,50600000.0,37.3,19,0.0006,45.0
MP:AMRINDER SINGH RAJA WARRING,AMRINDER SINGH RAJA WARRING,MP,111,42405479.0,24.1,0,0.0006,15.0
CONST:LUDHIANA,LUDHIANA,Constituency,111,42405479.0,24.1,0,0.0018,15.0
IDA:LUDHIANA(DEPUTY COMMISSIONER LUDHIANA_IDA),LUDHIANA(DEPUTY COMMISSIONER LUDHIANA_IDA),IDA,132,50570695.0,28.6,12,0.0018,45.0
MP:ADV K FRANCIS GEORGE,ADV K FRANCIS GEORGE,MP,84,32171755.0,37.4,2,0.0006,30.0
CONST:KOTTAYAM,KOTTAYAM,Constituency,84,32171755.0,37.4,2,0.0018,30.0
IDA:DINDORI(District Collector Dindori_IDA),DINDORI(District Collector Dindori_IDA),IDA,15,7557496.0,62.4,6,0.0006,70.0
IDA:Dudu(DISTRICT COLLECTOR Dudu_IDA),Dudu(DISTRICT COLLECTOR Dudu_IDA),IDA,3,2457063.0,23.5,0,0.0006,15.0
IDA:BENGALURU RURAL(DEPUTY COMMISSIONER BANGALORE RURAL SBM URBAN),BENGALURU RURAL(DEPUTY COMMISSIONER BANGALORE RURAL SBM URBAN),IDA,32,21346832.0,32.0,0,0.0006,15.0
MP:RAJ BHUSHAN CHOUDHARY,RAJ BHUSHAN CHOUDHARY,MP,43,56330933.0,21.6,2,0.0006,30.0
CONST:MUZAFFARPUR,MUZAFFARPUR,Constituency,43,56330933.0,21.6,2,0.0012,30.0
MP:ANDREW J. SYNGKON,ANDREW J. SYNGKON,MP,113,44150000.0,43.1,8,0.0006,45.0
CONST:SHILLONG,SHILLONG,Constituency,113,44150000.0,43.1,8,0.0049,45.0
"IDA:EAST KHASI HILLS(Deputy Commissioner, East Khasi Hills District)","EAST KHASI HILLS(Deputy Commissioner, East Khasi Hills District)",IDA,29,14250000.0,44.4,3,0.0006,30.0
MP:BAJRANG MANOHAR SONWANE,BAJRANG MANOHAR SONWANE,MP,32,31063933.0,70.5,26,0.0006,85.0
CONST:BEED,BEED,Constituency,32,31063933.0,70.5,26,0.0012,85.0
IDA:BEED(DISTRICT COLLECTOR BEED_IDA),BEED(DISTRICT COLLECTOR BEED_IDA),IDA,32,31063933.0,70.5,26,0.0006,85.0
MP:AMBICA G LAKSHMINARAYANA VALMIKI,AMBICA G LAKSHMINARAYANA VALMIKI,MP,42,37466186.0,27.5,4,0.0006,30.0
CONST:ANANTAPUR,ANANTAPUR,Constituency,42,37466186.0,27.5,4,0.0012,30.0
IDA:MAHENDRAGARH(DEPUTY COMMISSIONER MAHENDRAGARH_IDA),MAHENDRAGARH(DEPUTY COMMISSIONER MAHENDRAGARH_IDA),IDA,9,7367970.0,34.5,1,0.0006,15.0
IDA:MANDLA(DISTRICT COLLECTOR MANDLA_IDA),MANDLA(DISTRICT COLLECTOR MANDLA_IDA),IDA,43,18166306.0,25.2,0,0.0006,15.0
MP:DR BYREDDY SHABARI,DR BYREDDY SHABARI,MP,80,39423392.0,25.4,6,0.0006,45.0
CONST:NANDYAL,NANDYAL,Constituency,80,39423392.0,25.4,6,0.0018,45.0
MP:ANANTA NAYAK,ANANTA NAYAK,MP,106,32290000.0,48.7,12,0.0006,45.0
CONST:KEONJHAR(ST),KEONJHAR(ST),Constituency,106,32290000.0,48.7,12,0.0018,45.0
IDA:Kendujhar(DISTRICT COLLECTOR KEONJHAR_IDA),Kendujhar(DISTRICT COLLECTOR KEONJHAR_IDA),IDA,81,25290000.0,48.4,11,0.0006,45.0
IDA:Nandyal(DISTRICT COLLECTOR NANDYAL_IDA),Nandyal(DISTRICT COLLECTOR NANDYAL_IDA),IDA,76,37423392.0,23.6,6,0.0006,45.0
MP:Devendra Alias Bhole Singh,Devendra Alias Bhole Singh,MP,66,47218895.0,15.2,0,0.0006,15.0
CONST:AKBARPUR,AKBARPUR,Constituency,66,47218895.0,15.2,0,0.0012,15.0
IDA:JALORE(DISTRICT COLLECTOR JALORE_IDA),JALORE(DISTRICT COLLECTOR JALORE_IDA),IDA,26,18861990.0,21.0,0,0.0006,15.0
MP:Ramvir Singh Bidhuri,Ramvir Singh Bidhuri,MP,7,3816027.0,37.7,2,0.0006,30.0
CONST:SOUTH DELHI,SOUTH DELHI,Constituency,7,3816027.0,37.7,2,0.0012,30.0
IDA:SURYAPET(DISTRICT COLLECTOR SURYAPET),SURYAPET(DISTRICT COLLECTOR SURYAPET),IDA,32,7644141.0,56.3,5,0.0006,70.0
MP:Smt Supriya Sadanand Sule,Smt Supriya Sadanand Sule,MP,32,22855903.0,64.6,21,0.0006,70.0
CONST:BARAMATI,BARAMATI,Constituency,32,22855903.0,64.6,21,0.0012,70.0
IDA:Neem Ka Thana(DISTRICT COLLECTOR Neem Ka Thana_IDA),Neem Ka Thana(DISTRICT COLLECTOR Neem Ka Thana_IDA),IDA,17,9146872.0,27.4,0,0.0012,15.0
MP:SHOBHA KARANDLAJE,SHOBHA KARANDLAJE,MP,31,37673738.0,45.6,2,0.0006,30.0
CONST:BANGALORE NORTH,BANGALORE NORTH,Constituency,31,37673738.0,45.6,2,0.0012,30.0
IDA:SURAJPUR(DISTRICT COLLECTOR Surajpur_IDA),SURAJPUR(DISTRICT COLLECTOR Surajpur_IDA),IDA,62,13202777.0,18.6,0,0.0006,15.0
MP:ASHISH DUBEY,ASHISH DUBEY,MP,86,21736351.0,54.2,2,0.0006,55.0
CONST:JABALPUR,JABALPUR,Constituency,86,21736351.0,54.2,2,0.0012,55.0
IDA:JABALPUR(DISTRICT COLLECTOR JABALPUR_IDA),JABALPUR(DISTRICT COLLECTOR JABALPUR_IDA),IDA,86,21736351.0,54.2,2,0.0006,55.0
MP:CAPTAIN BRIJESH CHOWTA,CAPTAIN BRIJESH CHOWTA,MP,55,23847635.0,34.4,1,0.0006,15.0
CONST:DAKSHINA KANNADA,DAKSHINA KANNADA,Constituency,55,23847635.0,34.4,1,0.0012,15.0
IDA:DAKSHINA KANNADA(DEPUTY COMMISSIONER DAKSHIN KANNAD MANGALORE_IDA),DAKSHINA KANNADA(DEPUTY COMMISSIONER DAKSHIN KANNAD MANGALORE_IDA),IDA,55,23847635.0,34.4,1,0.0006,15.0
IDA:EAST JAINTIA HILLS(DEPUTY COMMISSIONER EAST JAINTIA HILLS KHLIEHRIAT_IDA),EAST JAINTIA HILLS(DEPUTY COMMISSIONER EAST JAINTIA HILLS KHLIEHRIAT_IDA),IDA,13,4900000.0,44.2,1,0.0006,15.0
MP:RAJA RAM SINGH,RAJA RAM SINGH,MP,79,42785048.0,39.0,17,0.0006,45.0
CONST:KARAKAT,KARAKAT,Constituency,79,42785048.0,39.0,17,0.0018,45.0
IDA:BANKA(DISTRICT PLANNING OFFICER BANKA_IDA),BANKA(DISTRICT PLANNING OFFICER BANKA_IDA),IDA,19,23072986.0,30.2,0,0.0006,15.0
MP:Kamaljeet Sehrawat,Kamaljeet Sehrawat,MP,7,7781156.0,52.8,2,0.0006,55.0
CONST:WEST DELHI,WEST DELHI,Constituency,7,7781156.0,52.8,2,0.0018,55.0
IDA:SOUTH WEST(COMMISSIONER MCD SOUTH WEST),SOUTH WEST(COMMISSIONER MCD SOUTH WEST),IDA,5,5576614.0,51.8,2,0.0006,55.0
MP:BHASKAR MURLIDHAR BHAGARE,BHASKAR MURLIDHAR BHAGARE,MP,38,32929801.0,41.4,3,0.0006,30.0
CONST:DINDORI(ST),DINDORI(ST),Constituency,38,32929801.0,41.4,3,0.0018,30.0
IDA:SAMBHAL(DISTRICT MAGISTRAE BHIMNAGAR SAMBHAL_IDA),SAMBHAL(DISTRICT MAGISTRAE BHIMNAGAR SAMBHAL_IDA),IDA,7,10234000.0,38.0,0,0.0006,15.0
MP:PHANI BHUSAN CHOUDHURY,PHANI BHUSAN CHOUDHURY,MP,19,19998000.0,56.1,2,0.0006,55.0
CONST:BARPETA,BARPETA,Constituency,19,19998000.0,56.1,2,0.0025,55.0
MP:Smt Hema Malini,Smt Hema Malini,MP,14,19041641.0,22.4,0,0.0006,15.0
CONST:MATHURA,MATHURA,Constituency,14,19041641.0,22.4,0,0.0012,15.0
IDA:MATHURA(DISTRICT MAGISTRAE MATHURA_IDA),MATHURA(DISTRICT MAGISTRAE MATHURA_IDA),IDA,14,19041641.0,22.4,0,0.0006,15.0
MP:Shri B Y Raghavendra,Shri B Y Raghavendra,MP,110,45811295.0,56.2,29,0.0006,70.0
CONST:SHIMOGA,SHIMOGA,Constituency,110,45811295.0,56.2,29,0.0018,70.0
IDA:SHIVAMOGGA(DEPUTY COMMISSIONER SHIMOGA_IDA),SHIVAMOGGA(DEPUTY COMMISSIONER SHIMOGA_IDA),IDA,100,41633943.0,58.8,28,0.0006,70.0
IDA:WEST(COMMISSIONER MCD WEST),WEST(COMMISSIONER MCD WEST),IDA,2,2204542.0,55.4,0,0.0006,40.0
MP:Dhairyasheel Sambhajirao Mane,Dhairyasheel Sambhajirao Mane,MP,5,8901717.0,52.3,0,0.0006,40.0
CONST:HATKANANGLE,HATKANANGLE,Constituency,5,8901717.0,52.3,0,0.0018,40.0
IDA:SANGLI(DISTRICT COLLECTOR SANGLI_IDA),SANGLI(DISTRICT COLLECTOR SANGLI_IDA),IDA,42,47375575.0,38.7,6,0.0012,45.0
IDA:PATAN(DISTRICT COLLECTOR PATAN_IDA),PATAN(DISTRICT COLLECTOR PATAN_IDA),IDA,69,20543443.0,22.7,1,0.0006,15.0
MP:YADUVEER KRISHNADATTA CHAMARAJA WADIYAR,YADUVEER KRISHNADATTA CHAMARAJA WADIYAR,MP,61,30100000.0,53.3,15,0.0006,70.0
CONST:MYSORE,MYSORE,Constituency,61,30100000.0,53.3,15,0.0018,70.0
IDA:KODAGU(Deputy Commsioner Kodagu_ida),KODAGU(Deputy Commsioner Kodagu_ida),IDA,13,6600000.0,64.0,6,0.0006,70.0
MP:DHANORKAR PRATIBHA SURESH ALIAS BALUBHAU,DHANORKAR PRATIBHA SURESH ALIAS BALUBHAU,MP,13,16615160.0,61.4,7,0.0006,70.0
CONST:CHANDRAPUR,CHANDRAPUR,Constituency,13,16615160.0,61.4,7,0.0018,70.0
IDA:CHANDRAPUR(DISTRICT COLLECTOR CHANDRAPUR_IDA),CHANDRAPUR(DISTRICT COLLECTOR CHANDRAPUR_IDA),IDA,15,19500000.0,66.7,11,0.0012,70.0
"IDA:Ranipet(District Collector, Ranipet_2)","Ranipet(District Collector, Ranipet_2)",IDA,25,25162408.0,56.9,11,0.0006,70.0
MP:KUNDURU RAGHUVEER,KUNDURU RAGHUVEER,MP,1,3870000.0,61.3,0,0.0006,40.0
CONST:NALGONDA,NALGONDA,Constituency,1,3870000.0,61.3,0,0.0012,40.0
IDA:BANAS KANTHA(DISTRICT COLLECTOR BANAS KANTHA_IDA),BANAS KANTHA(DISTRICT COLLECTOR BANAS KANTHA_IDA),IDA,64,26494998.0,26.7,1,0.0012,15.0
MP:CHANDUBHAI CHHAGANBHAI SHIHORA,CHANDUBHAI CHHAGANBHAI SHIHORA,MP,98,40364648.0,31.4,3,0.0006,30.0
CONST:SURENDRANAGAR,SURENDRANAGAR,Constituency,98,40364648.0,31.4,3,0.0031,30.0
IDA:BOTAD(District collector Botad_IDA),BOTAD(District collector Botad_IDA),IDA,10,7598732.0,28.7,0,0.0012,15.0
IDA:SURENDRANAGAR(DISTRICT COLLECTOR SURENDRANAGAR_IDA),SURENDRANAGAR(DISTRICT COLLECTOR SURENDRANAGAR_IDA),IDA,49,24725299.0,32.7,2,0.0006,30.0
MP:ISHA KHAN CHOUDHURY,ISHA KHAN CHOUDHURY,MP,35,11691177.0,33.8,0,0.0006,15.0
CONST:MALDAHA DAKSHIN,MALDAHA DAKSHIN,Constituency,35,11691177.0,33.8,0,0.0012,15.0
IDA:Malda(DISTRICT MAGISTRATE MALDA_IDA),Malda(DISTRICT MAGISTRATE MALDA_IDA),IDA,42,16695394.0,33.8,0,0.0012,15.0
MP:KISHORI LAL,KISHORI LAL,MP,24,37405634.0,39.3,2,0.0006,30.0
CONST:AMETHI,AMETHI,Constituency,24,37405634.0,39.3,2,0.0031,30.0
IDA:Amethi(DISTRICT MAGISTRAE AMETHI_IDA),Amethi(DISTRICT MAGISTRAE AMETHI_IDA),IDA,16,24590249.0,37.2,0,0.0006,15.0
MP:BAIJAYANT PANDA,BAIJAYANT PANDA,MP,16,13600000.0,57.0,8,0.0006,70.0
CONST:KENDRAPARA,KENDRAPARA,Constituency,16,13600000.0,57.0,8,0.0018,70.0
IDA:Kendrapada(DISTRICT COLLECTOR KENDRAPARA_IDA),Kendrapada(DISTRICT COLLECTOR KENDRAPARA_IDA),IDA,15,12800000.0,55.5,7,0.0006,70.0
IDA:Kataka(DISTRICT COLLECTOR CUTTACK_IDA),Kataka(DISTRICT COLLECTOR CUTTACK_IDA),IDA,60,17648000.0,25.8,3,0.0012,30.0
MP:Smt Dimple Yadav,Smt Dimple Yadav,MP,47,37374797.0,39.2,1,0.0006,15.0
CONST:MAINPURI,MAINPURI,Constituency,47,37374797.0,39.2,1,0.0018,15.0
IDA:MAINPURI(DISTRICT MAGISTRATE MAINPURI_IDA),MAINPURI(DISTRICT MAGISTRATE MAINPURI_IDA),IDA,43,34365797.0,39.9,1,0.0006,15.0
MP:DR RAJKUMAR SANGWAN,DR RAJKUMAR SANGWAN,MP,29,20445260.0,52.1,3,0.0006,55.0
CONST:BAGHPAT,BAGHPAT,Constituency,29,20445260.0,52.1,3,0.0025,55.0
IDA:KHERI(DISTRICT MAGISTRAE KHERI_IDA),KHERI(DISTRICT MAGISTRAE KHERI_IDA),IDA,278,67754768.0,25.5,0,0.0012,15.0
MP:ARUN BHARTI,ARUN BHARTI,MP,65,32154475.0,72.7,64,0.0006,85.0
CONST:JAMUI(SC),JAMUI(SC),Constituency,65,32154475.0,72.7,64,0.0025,85.0
IDA:JAMUI(DISTRICT PLANNING OFFICER JAMUI_IDA),JAMUI(DISTRICT PLANNING OFFICER JAMUI_IDA),IDA,55,22487210.0,72.2,54,0.0006,85.0
IDA:SHEIKHPURA(DISTRICT PLANNING OFFICER SHEIKHPURA_IDA),SHEIKHPURA(DISTRICT PLANNING OFFICER SHEIKHPURA_IDA),IDA,5,4967265.0,75.2,5,0.0006,85.0
IDA:MUNGER(DISTRICT PLANNING OFFICER MUNGER_IDA),MUNGER(DISTRICT PLANNING OFFICER MUNGER_IDA),IDA,5,4700000.0,74.6,5,0.0006,85.0
IDA:MEDAK(COLLECTOR MEDAK DISTRICT),MEDAK(COLLECTOR MEDAK DISTRICT),IDA,9,5854875.0,46.3,1,0.0006,15.0
IDA:THE NILGIRIS(DISTRICT COLLECTOR NILGIRIS_IDA),THE NILGIRIS(DISTRICT COLLECTOR NILGIRIS_IDA),IDA,18,11960640.0,54.0,3,0.0006,55.0
"IDA:MAJULI(District Commissioner, Majuli)","MAJULI(District Commissioner, Majuli)",IDA,21,4850000.0,26.4,0,0.0006,15.0
MP:Vellalath Kochukrishnan Nair Sreekandan,Vellalath Kochukrishnan Nair Sreekandan,MP,85,37928423.0,49.3,17,0.0006,45.0
CONST:PALAKKAD,PALAKKAD,Constituency,85,37928423.0,49.3,17,0.0012,45.0
IDA:JAYASHANKAR BHUPALAPALLY(DISTRICT COLLECTOR JAYASHANKAR BHUPALPALLY_IDA),JAYASHANKAR BHUPALAPALLY(DISTRICT COLLECTOR JAYASHANKAR BHUPALPALLY_IDA),IDA,8,2561156.0,61.9,3,0.0006,55.0
MP:GAIKWAD VARSHA EKNATH,GAIKWAD VARSHA EKNATH,MP,31,48000000.0,71.4,25,0.0006,85.0
CONST:MUMBAI NORTH-CENTRAL,MUMBAI NORTH-CENTRAL,Constituency,31,48000000.0,71.4,25,0.0012,85.0
MP:Shri Jugal Kishore Sharma,Shri Jugal Kishore Sharma,MP,49,28941708.0,35.5,1,0.0006,15.0
CONST:JAMMU,JAMMU,Constituency,49,28941708.0,35.5,1,0.0025,15.0
IDA:JAMMU(DEPUTY COMMISSIONER JAMMU_IDA),JAMMU(DEPUTY COMMISSIONER JAMMU_IDA),IDA,46,27302383.0,36.3,1,0.0006,15.0
IDA:EASTERN WEST KHASI HILLS(DEPUTY COMMISSIONER EASTERN WEST KHASI HILLS MAIRANG_IDA),EASTERN WEST KHASI HILLS(DEPUTY COMMISSIONER EASTERN WEST KHASI HILLS MAIRANG_IDA),IDA,8,2850000.0,47.0,1,0.0006,15.0
IDA:SANGAREDDY(District Collector Sangareddy_IDA),SANGAREDDY(District Collector Sangareddy_IDA),IDA,10,9705372.0,29.4,1,0.0006,15.0
IDA:SOUTH WEST KHASI HILLS(DEPUTY COMMISSIONER SOUTH WEST KHASI HILLS MAWKRYWAT_IDA),SOUTH WEST KHASI HILLS(DEPUTY COMMISSIONER SOUTH WEST KHASI HILLS MAWKRYWAT_IDA),IDA,8,1900000.0,18.5,0,0.0006,15.0
IDA:BEMETARA(Collector Bemetara_IDA),BEMETARA(Collector Bemetara_IDA),IDA,11,6510837.0,67.2,10,0.0006,70.0
IDA:WEST JAINTIA HILLS(DEPUTY COMMISSIONER WEST JAINTIA HILLS JOWAI_IDA),WEST JAINTIA HILLS(DEPUTY COMMISSIONER WEST JAINTIA HILLS JOWAI_IDA),IDA,13,5600000.0,48.3,2,0.0006,30.0
IDA:JAMNAGAR(DISTRICT COLLECTOR JAMNAGAR_IDA),JAMNAGAR(DISTRICT COLLECTOR JAMNAGAR_IDA),IDA,8,4453803.0,53.2,1,0.0006,40.0
MP:ANITA NAGARSINGH CHOUHAN,ANITA NAGARSINGH CHOUHAN,MP,83,41549960.0,36.7,7,0.0006,45.0
CONST:RATLAM(ST),RATLAM(ST),Constituency,83,41549960.0,36.7,7,0.0025,45.0
IDA:ALIRAJPUR(District Collector Alirajpur_IDA),ALIRAJPUR(District Collector Alirajpur_IDA),IDA,40,14067571.0,53.1,7,0.0006,70.0
MP:THANGA TAMILSELVAN,THANGA TAMILSELVAN,MP,27,23975000.0,70.5,19,0.0006,85.0
CONST:THENI,THENI,Constituency,27,23975000.0,70.5,19,0.0018,85.0
MP:DINESHBHAI MAKWANA,DINESHBHAI MAKWANA,MP,47,29373210.0,35.0,0,0.0006,15.0
CONST:AHMEDABAD WEST(SC),AHMEDABAD WEST(SC),Constituency,47,29373210.0,35.0,0,0.0012,15.0
MP:DHARMENDRA YADAV,DHARMENDRA YADAV,MP,20,32219435.0,32.4,0,0.0006,15.0
CONST:AZAMGARH,AZAMGARH,Constituency,20,32219435.0,32.4,0,0.0018,15.0
IDA:WEST KHASI HILLS(DEPUTY COMMISSIONER WEST KHASI HILLS NONGSTOIN_IDA),WEST KHASI HILLS(DEPUTY COMMISSIONER WEST KHASI HILLS NONGSTOIN_IDA),IDA,10,3700000.0,35.9,0,0.0006,15.0
IDA:RI BHOI(DEPUTY COMMISSIONER RIBHOI NONGPOH_IDA),RI BHOI(DEPUTY COMMISSIONER RIBHOI NONGPOH_IDA),IDA,32,10950000.0,46.7,1,0.0006,15.0
IDA:SAHARSA(DISTRICT PLANNING OFFICER SAHARSA_IDA),SAHARSA(DISTRICT PLANNING OFFICER SAHARSA_IDA),IDA,31,37549544.0,22.5,1,0.0018,15.0
MP:LAXMIKANT PAPPU NISHAD,LAXMIKANT PAPPU NISHAD,MP,3,3498365.0,41.6,0,0.0006,15.0
CONST:SANT KABIR NAGAR,SANT KABIR NAGAR,Constituency,3,3498365.0,41.6,0,0.0012,15.0
IDA:Sant Kabir Nagar(DISTRICT MAGISTRATE SANT KABIR NAGAR_2),Sant Kabir Nagar(DISTRICT MAGISTRATE SANT KABIR NAGAR_2),IDA,3,3498365.0,41.6,0,0.0006,15.0
MP:MOHITE PATIL DHAIRYASHEEL RAJSINH,MOHITE PATIL DHAIRYASHEEL RAJSINH,MP,61,19660000.0,50.5,1,0.0006,40.0
CONST:MADHA,MADHA,Constituency,61,19660000.0,50.5,1,0.0018,40.0
MP:RANJIT DUTTA,RANJIT DUTTA,MP,48,36107425.0,39.3,1,0.0006,15.0
CONST:Sonitpur,Sonitpur,Constituency,48,36107425.0,39.3,1,0.0025,15.0
IDA:Biswanath(Deputy Commissioner Biswanath_IDA),Biswanath(Deputy Commissioner Biswanath_IDA),IDA,18,13440109.0,37.0,1,0.0006,15.0
"IDA:SONITPUR(Deputy Commissioner Sonitpur, Tezpur)","SONITPUR(Deputy Commissioner Sonitpur, Tezpur)",IDA,24,18167316.0,41.3,0,0.0006,15.0
IDA:Anoopgarh(DISTRICT COLLECTOR Anoopgarh_IDA),Anoopgarh(DISTRICT COLLECTOR Anoopgarh_IDA),IDA,2,2477799.0,57.5,0,0.0006,40.0
MP:Dr Chandra Sekhar Pemmasani,Dr Chandra Sekhar Pemmasani,MP,21,32056054.0,55.4,5,0.0006,70.0
CONST:GUNTUR,GUNTUR,Constituency,21,32056054.0,55.4,5,0.0012,70.0
MP:BHUMARE SANDIPANRAO ASARAM,BHUMARE SANDIPANRAO ASARAM,MP,19,30902968.0,48.7,0,0.0006,15.0
CONST:AURANGABAD_MH,AURANGABAD_MH,Constituency,19,30902968.0,48.7,0,0.0012,15.0
IDA:Chhatrapati Sambhajinagar(DISTRICT COLLECTOR AURANGABAD_IDA),Chhatrapati Sambhajinagar(DISTRICT COLLECTOR AURANGABAD_IDA),IDA,33,45375679.0,50.2,2,0.0012,55.0
MP:SUKHJINDER SINGH RANDHAWA,SUKHJINDER SINGH RANDHAWA,MP,106,40746686.0,57.7,71,0.0006,70.0
CONST:GURDASPUR,GURDASPUR,Constituency,106,40746686.0,57.7,71,0.0018,70.0
IDA:PATHANKOT(DEPUTY COMMISSIONER PATHANKOT_IDA),PATHANKOT(DEPUTY COMMISSIONER PATHANKOT_IDA),IDA,47,8039578.0,66.2,41,0.0006,70.0
MP:ANGOMCHA BIMOL AKOIJAM,ANGOMCHA BIMOL AKOIJAM,MP,13,38301644.0,21.5,0,0.0006,15.0
CONST:INNER MANIPUR,INNER MANIPUR,Constituency,13,38301644.0,21.5,0,0.0031,15.0
IDA:IMPHAL WEST(Deputy Commissioner Imphal West MPLADS_IDA),IMPHAL WEST(Deputy Commissioner Imphal West MPLADS_IDA),IDA,6,13401644.0,19.9,0,0.0006,15.0
IDA:IMPHAL EAST(Deputy Commissioner Imphal East_IDA),IMPHAL EAST(Deputy Commissioner Imphal East_IDA),IDA,3,11000000.0,19.7,0,0.0006,15.0
IDA:THOUBAL(Deputy Commissioner Thoubal MPLADS_ida),THOUBAL(Deputy Commissioner Thoubal MPLADS_ida),IDA,2,7900000.0,26.0,0,0.0012,15.0
IDA:GURDASPUR(DEPUTY COMMISSIONER GURDASPUR_IDA),GURDASPUR(DEPUTY COMMISSIONER GURDASPUR_IDA),IDA,59,32707108.0,51.0,30,0.0006,70.0
MP:Ravindra Shyamnarayan Alias Ravi Kishan Shukla,Ravindra Shyamnarayan Alias Ravi Kishan Shukla,MP,9,21318500.0,46.1,1,0.0006,15.0
CONST:GORAKHPUR,GORAKHPUR,Constituency,9,21318500.0,46.1,1,0.0012,15.0
IDA:GORAKHPUR(DISTRICT MAGISTRATE GORAKHPUR_IDA),GORAKHPUR(DISTRICT MAGISTRATE GORAKHPUR_IDA),IDA,11,24518500.0,42.5,1,0.0012,15.0
MP:Kinjarapu Ram Mohan Naidu,Kinjarapu Ram Mohan Naidu,MP,71,46543677.0,17.8,0,0.0006,15.0
CONST:SRIKAKULAM,SRIKAKULAM,Constituency,71,46543677.0,17.8,0,0.0012,15.0
IDA:SRIKAKULAM(District Collector Srikakulam_IDA),SRIKAKULAM(District Collector Srikakulam_IDA),IDA,73,47039893.0,18.2,0,0.0012,15.0
MP:RAMASAHAYAM RAGHURAM REDDY,RAMASAHAYAM RAGHURAM REDDY,MP,47,18439146.0,28.9,3,0.0006,30.0
CONST:KHAMMAM,KHAMMAM,Constituency,47,18439146.0,28.9,3,0.0018,30.0
IDA:KHAMMAM(DISTRICT COLLECTOR KHAMMAM_IDA),KHAMMAM(DISTRICT COLLECTOR KHAMMAM_IDA),IDA,46,17939146.0,29.1,3,0.0006,30.0
MP:Nishikant Dubey,Nishikant Dubey,MP,1,1785510.0,61.1,0,0.0006,40.0
CONST:GODDA,GODDA,Constituency,1,1785510.0,61.1,0,0.0012,40.0
IDA:DEOGHAR(DEPUTY COMMISSIONER DEOGHAR_IDA),DEOGHAR(DEPUTY COMMISSIONER DEOGHAR_IDA),IDA,21,7785510.0,30.2,0,0.0012,15.0
IDA:BISHNUPUR(Deputy Commissioner Bishnupur_ida),BISHNUPUR(Deputy Commissioner Bishnupur_ida),IDA,4,10000000.0,22.4,0,0.0012,15.0
MP:DR. KIRSAN NAMDEO,DR. KIRSAN NAMDEO,MP,39,35887283.0,57.7,7,0.0006,70.0
CONST:GADCHIROLI-CHIMUR(ST),GADCHIROLI-CHIMUR(ST),Constituency,39,35887283.0,57.7,7,0.0025,70.0
IDA:GADCHIROLI(DISTRICT COLLECTOR GADCHIROLI_IDA),GADCHIROLI(DISTRICT COLLECTOR GADCHIROLI_IDA),IDA,21,21400000.0,55.6,1,0.0006,40.0
MP:Dr Shashi Tharoor,Dr Shashi Tharoor,MP,30,25434370.0,28.5,1,0.0006,15.0
CONST:THIRUVANANTHAPURAM,THIRUVANANTHAPURAM,Constituency,30,25434370.0,28.5,1,0.0012,15.0
IDA:THIRUVANANTHAPURAM(DISTRICT COLLECTOR THIRUVANANTHAPURAM_IDA),THIRUVANANTHAPURAM(DISTRICT COLLECTOR THIRUVANANTHAPURAM_IDA),IDA,180,64527443.0,33.0,1,0.0012,15.0
IDA:GONDIA(DISTRICT COLLECTOR GONDIA_IDA),GONDIA(DISTRICT COLLECTOR GONDIA_IDA),IDA,30,21487283.0,61.8,14,0.0012,70.0
IDA:RATLAM(District Collector Ratlam_IDA),RATLAM(District Collector Ratlam_IDA),IDA,36,19892120.0,28.3,0,0.0012,15.0
MP:Ajay Kumar Mandal,Ajay Kumar Mandal,MP,15,15898477.0,26.6,0,0.0006,15.0
CONST:BHAGALPUR,BHAGALPUR,Constituency,15,15898477.0,26.6,0,0.0012,15.0
IDA:Shahpura(DISTRICT COLLECTOR Shahpura_IDA),Shahpura(DISTRICT COLLECTOR Shahpura_IDA),IDA,54,23690182.0,25.5,0,0.0006,15.0
MP:Magunta Sreenivasulu Reddy,Magunta Sreenivasulu Reddy,MP,3,4105400.0,38.9,0,0.0006,15.0
CONST:ONGOLE,ONGOLE,Constituency,3,4105400.0,38.9,0,0.0012,15.0
IDA:PRAKASAM(DISTRICT COLLECTOR PRAKASAM_IDA),PRAKASAM(DISTRICT COLLECTOR PRAKASAM_IDA),IDA,7,5085400.0,37.4,0,0.0012,15.0
IDA:Khairthal-Tijara(DISTRICT COLLECTOR KHAIRTHAL TIJARA_IDA),Khairthal-Tijara(DISTRICT COLLECTOR KHAIRTHAL TIJARA_IDA),IDA,5,6713652.0,36.4,0,0.0006,15.0
IDA:MYSURU(DEPUTY COMMISSIONER MYSORE_IDA),MYSURU(DEPUTY COMMISSIONER MYSORE_IDA),IDA,69,43500000.0,50.8,9,0.0012,70.0
MP:BIPLAB KUMAR DEB,BIPLAB KUMAR DEB,MP,7,44599694.0,39.9,0,0.0006,15.0
CONST:TRIPURA WEST,TRIPURA WEST,Constituency,7,44599694.0,39.9,0,0.0018,15.0
IDA:West Tripura(DISTRICT MAGISTRATE WEST TRIPURA_IDA),West Tripura(DISTRICT MAGISTRATE WEST TRIPURA_IDA),IDA,4,16898444.0,40.4,0,0.0006,15.0
IDA:KHEDA(DISTRICT COLLECTOR KHEDA_IDA),KHEDA(DISTRICT COLLECTOR KHEDA_IDA),IDA,174,35435432.0,22.4,6,0.0012,45.0
IDA:NASHIK(DISTRICT COLLECTOR NASHIK_IDA),NASHIK(DISTRICT COLLECTOR NASHIK_IDA),IDA,80,75193665.0,42.1,15,0.0018,45.0
MP:UMMEDA RAM BENIWAL,UMMEDA RAM BENIWAL,MP,99,45081030.0,29.0,10,0.0006,45.0
CONST:BARMER,BARMER,Constituency,99,45081030.0,29.0,10,0.0025,45.0
IDA:Balotra(DISTRICT COLLECTOR Balotra_IDA),Balotra(DISTRICT COLLECTOR Balotra_IDA),IDA,43,20335765.0,26.3,1,0.0006,15.0
IDA:BARMER(DISTRICT COLLECTOR BARMER_IDA),BARMER(DISTRICT COLLECTOR BARMER_IDA),IDA,45,23100765.0,30.4,9,0.0006,45.0
MP:V. SOMANNA,V. SOMANNA,MP,12,23000000.0,47.0,0,0.0006,15.0
CONST:TUMKUR,TUMKUR,Constituency,12,23000000.0,47.0,0,0.0012,15.0
MP:ANITA SUBHADARSHINI,ANITA SUBHADARSHINI,MP,69,23600000.0,40.8,13,0.0006,45.0
CONST:ASKA,ASKA,Constituency,69,23600000.0,40.8,13,0.0012,45.0
IDA:GANJAM(DISTRICT COLLECTOR GANJAM_IDA),GANJAM(DISTRICT COLLECTOR GANJAM_IDA),IDA,69,23600000.0,40.8,13,0.0006,45.0
MP:RUCHI VIRA,RUCHI VIRA,MP,122,28636424.0,19.5,2,0.0006,30.0
CONST:MORADABAD,MORADABAD,Constituency,122,28636424.0,19.5,2,0.0018,30.0
IDA:MORADABAD(DISTRICT MAGISTRATE MORADABAD_IDA),MORADABAD(DISTRICT MAGISTRATE MORADABAD_IDA),IDA,75,17318520.0,20.4,0,0.0006,15.0
MP:Kamlesh Paswan,Kamlesh Paswan,MP,2,3200000.0,26.2,0,0.0006,15.0
CONST:BANSGAON(SC),BANSGAON(SC),Constituency,2,3200000.0,26.2,0,0.0012,15.0
MP:BABU SINGH KUSHWAHA,BABU SINGH KUSHWAHA,MP,537,33625655.0,31.0,50,0.0006,45.0
CONST:JAUNPUR,JAUNPUR,Constituency,537,33625655.0,31.0,50,0.0012,45.0
MP:AMAR SHARADRAO KALE,AMAR SHARADRAO KALE,MP,41,32933040.0,41.8,11,0.0006,45.0
CONST:WARDHA,WARDHA,Constituency,41,32933040.0,41.8,11,0.0012,45.0
IDA:WARDHA(DISTRICT COLLECTOR WARDHA_IDA),WARDHA(DISTRICT COLLECTOR WARDHA_IDA),IDA,41,32933040.0,41.8,11,0.0006,45.0
MP:Shri Amar Singh,Shri Amar Singh,MP,48,16136624.0,38.7,16,0.0006,45.0
CONST:FATEHGARH SAHIB(SC),FATEHGARH SAHIB(SC),Constituency,48,16136624.0,38.7,16,0.0025,45.0
IDA:MALERKOTLA(Deputy Commissioner Malerkotla_IDA),MALERKOTLA(Deputy Commissioner Malerkotla_IDA),IDA,4,3396215.0,25.0,0,0.0012,15.0
IDA:DHAMTARI(DISTRICT COLLECTOR DHAMTARI_IDA),DHAMTARI(DISTRICT COLLECTOR DHAMTARI_IDA),IDA,9,7098424.0,26.9,0,0.0012,15.0
IDA:MADHEPURA(DISTRICT PLANNING OFFICER MADHEPURA_IDA),MADHEPURA(DISTRICT PLANNING OFFICER MADHEPURA_IDA),IDA,2,2846625.0,26.2,0,0.0012,15.0
MP:Sanjay Uttamrao Deshmukh,Sanjay Uttamrao Deshmukh,MP,33,17387019.0,64.7,25,0.0006,70.0
CONST:YAVATMAL-WASHIM,YAVATMAL-WASHIM,Constituency,33,17387019.0,64.7,25,0.0018,70.0
IDA:YAVATMAL(DISTRICT COLLECTOR YAVATMAL_IDA),YAVATMAL(DISTRICT COLLECTOR YAVATMAL_IDA),IDA,34,19188150.0,64.2,24,0.0018,70.0
MP:Khagen Murmu,Khagen Murmu,MP,7,5004217.0,33.7,0,0.0006,15.0
CONST:MALDAHA UTTAR,MALDAHA UTTAR,Constituency,7,5004217.0,33.7,0,0.0012,15.0
MP:Ramesh Chandappa Jigajinagi,Ramesh Chandappa Jigajinagi,MP,65,23700000.0,59.7,19,0.0006,70.0
CONST:BIJAPUR(SC),BIJAPUR(SC),Constituency,65,23700000.0,59.7,19,0.0018,70.0
IDA:VIJAYAPURA(DEPUTY COMMISSIONER BIJAPUR_IDA),VIJAYAPURA(DEPUTY COMMISSIONER BIJAPUR_IDA),IDA,64,22700000.0,59.5,18,0.0006,70.0
MP:MIAN ALTAF AHMAD,MIAN ALTAF AHMAD,MP,10,19946000.0,34.2,0,0.0006,15.0
CONST:ANANTNAG,ANANTNAG,Constituency,10,19946000.0,34.2,0,0.0025,15.0
IDA:ANANTNAG(DEPUTY COMMISSIONER ANANTNAG_IDA),ANANTNAG(DEPUTY COMMISSIONER ANANTNAG_IDA),IDA,5,16869900.0,42.4,0,0.0006,15.0
IDA:CHIRANG(Deputy Commissioner Chirang_IDA),CHIRANG(Deputy Commissioner Chirang_IDA),IDA,11,7600000.0,56.6,0,0.0012,40.0
MP:NARESH CHANDRA UTTAM PATEL,NARESH CHANDRA UTTAM PATEL,MP,37,39935251.0,34.3,3,0.0006,30.0
CONST:FATEHPUR,FATEHPUR,Constituency,37,39935251.0,34.3,3,0.0012,30.0
IDA:FATEHPUR(DISTRICT MAGISTRATE FATEHPUR_IDA),FATEHPUR(DISTRICT MAGISTRATE FATEHPUR_IDA),IDA,37,39935251.0,34.3,3,0.0006,30.0
IDA:KALLAKURICHI(District Collector Kallakurichi_IDA),KALLAKURICHI(District Collector Kallakurichi_IDA),IDA,49,41165651.0,19.0,0,0.0012,15.0
IDA:FATEHGARH SAHIB(DEPUTY COMMISSIONER FATEHGARH SAHIB_IDA),FATEHGARH SAHIB(DEPUTY COMMISSIONER FATEHGARH SAHIB_IDA),IDA,21,3755193.0,29.0,4,0.0006,30.0
MP:DHAVAL LAXMANBHAI PATEL,DHAVAL LAXMANBHAI PATEL,MP,52,25046339.0,24.3,0,0.0006,15.0
CONST:VALSAD(ST),VALSAD(ST),Constituency,52,25046339.0,24.3,0,0.0025,15.0
IDA:VALSAD(DISTRICT COLLECTOR VALSAD_IDA),VALSAD(DISTRICT COLLECTOR VALSAD_IDA),IDA,37,17268574.0,16.8,0,0.0006,15.0
IDA:Dangs(DISTRICT COLLECTOR DANG_IDA),Dangs(DISTRICT COLLECTOR DANG_IDA),IDA,9,6078565.0,38.1,0,0.0006,15.0
MP:NILESH DNYANDEV LANKE,NILESH DNYANDEV LANKE,MP,1,1000000.0,27.9,0,0.0006,15.0
CONST:AHMEDNAGAR,AHMEDNAGAR,Constituency,1,1000000.0,27.9,0,0.0012,15.0
IDA:Ahilyanagar(DISTRICT COLLECTOR AHMEDNAGAR_IDA),Ahilyanagar(DISTRICT COLLECTOR AHMEDNAGAR_IDA),IDA,54,32284226.0,54.6,2,0.0012,55.0
MP:PRABHAKAR REDDY VEMIREDDY,PRABHAKAR REDDY VEMIREDDY,MP,86,47116335.0,18.2,2,0.0006,30.0
CONST:NELLORE(SC),NELLORE(SC),Constituency,86,47116335.0,18.2,2,0.0012,30.0
MP:Anurag Singh Thakur,Anurag Singh Thakur,MP,7,1275000.0,30.8,0,0.0006,15.0
CONST:HAMIRPUR_HP,HAMIRPUR_HP,Constituency,7,1275000.0,30.8,0,0.0025,15.0
MP:Shri Satish Kumar Gautam,Shri Satish Kumar Gautam,MP,26,29219802.0,17.5,0,0.0006,15.0
CONST:ALIGARH,ALIGARH,Constituency,26,29219802.0,17.5,0,0.0012,15.0
MP:SHREYAS. M. PATEL,SHREYAS. M. PATEL,MP,62,28134052.0,59.8,14,0.0006,70.0
CONST:HASSAN,HASSAN,Constituency,62,28134052.0,59.8,14,0.0018,70.0
MP:SUDHA R,SUDHA R,MP,35,25918000.0,29.7,6,0.0006,45.0
CONST:MAYILADUTHURAI,MAYILADUTHURAI,Constituency,35,25918000.0,29.7,6,0.0018,45.0
IDA:Mayiladuthurai(District Collector Mayiladuthurai_IDA),Mayiladuthurai(District Collector Mayiladuthurai_IDA),IDA,25,19020000.0,35.7,6,0.0006,45.0
MP:JITAN RAM MANJHI,JITAN RAM MANJHI,MP,151,47247067.0,34.6,1,0.0006,15.0
CONST:GAYA (SC),GAYA (SC),Constituency,151,47247067.0,34.6,1,0.0012,15.0
MP:KALYAN VAIJINATHRAO KALE,KALYAN VAIJINATHRAO KALE,MP,34,33972711.0,43.1,3,0.0006,30.0
CONST:JALNA,JALNA,Constituency,34,33972711.0,43.1,3,0.0018,30.0
MP:ARUNA. D. K,ARUNA. D. K,MP,68,23193230.0,32.7,6,0.0006,45.0
CONST:MAHABUBNAGAR,MAHABUBNAGAR,Constituency,68,23193230.0,32.7,6,0.0037,45.0
IDA:NAGARKURNOOL(DISTRICT COLLECTOR NAGARKURNOOL_IDA),NAGARKURNOOL(DISTRICT COLLECTOR NAGARKURNOOL_IDA),IDA,11,4097187.0,14.8,0,0.0012,15.0
IDA:WANAPARTHY(DISTRICT COLLECTOR WANAPARTHY_IDA),WANAPARTHY(DISTRICT COLLECTOR WANAPARTHY_IDA),IDA,8,13899512.0,22.1,0,0.0012,15.0
IDA:Narayanpet(DISTRICT COLLECTOR NARAYANPET_IDA),Narayanpet(DISTRICT COLLECTOR NARAYANPET_IDA),IDA,30,8150000.0,41.3,3,0.0006,30.0
MP:UTKARSH VERMA MADHUR,UTKARSH VERMA MADHUR,MP,196,39176777.0,12.8,0,0.0006,15.0
CONST:KHERI,KHERI,Constituency,196,39176777.0,12.8,0,0.0012,15.0
MP:Shri Bhartruhari Mahtab,Shri Bhartruhari Mahtab,MP,87,23603000.0,26.5,2,0.0006,30.0
CONST:CUTTACK,CUTTACK,Constituency,87,23603000.0,26.5,2,0.0018,30.0
IDA:KATNI(District Collector Katni_IDA),KATNI(District Collector Katni_IDA),IDA,2,1300000.0,21.0,0,0.0006,15.0
MP:BALABHADRA MAJHI,BALABHADRA MAJHI,MP,71,27449652.0,32.1,3,0.0006,30.0
CONST:NABARANGPUR(ST),NABARANGPUR(ST),Constituency,71,27449652.0,32.1,3,0.0025,30.0
MP:AASHTIKAR PATIL NAGESH BAPURAO,AASHTIKAR PATIL NAGESH BAPURAO,MP,29,52720638.0,64.2,14,0.0006,70.0
CONST:HINGOLI,HINGOLI,Constituency,29,52720638.0,64.2,14,0.0025,70.0
IDA:HINGOLI(DISTRICT COLLECTOR HINGOLI_IDA),HINGOLI(DISTRICT COLLECTOR HINGOLI_IDA),IDA,11,20427476.0,56.8,1,0.0006,40.0
MP:BHARTI PARDHI,BHARTI PARDHI,MP,80,47687826.0,40.7,14,0.0006,45.0
CONST:BALAGHAT,BALAGHAT,Constituency,80,47687826.0,40.7,14,0.0018,45.0
MP:DR. PRABHA MALLIKARJUN,DR. PRABHA MALLIKARJUN,MP,47,46500000.0,43.2,6,0.0006,45.0
CONST:DAVANAGERE,DAVANAGERE,Constituency,47,46500000.0,43.2,6,0.0018,45.0
IDA:Davanagere(DEPUTY COMMISSIONER DAUANAGERE_IDA),Davanagere(DEPUTY COMMISSIONER DAUANAGERE_IDA),IDA,45,45000000.0,42.2,5,0.0006,45.0
IDA:Vijayanagara(DEPUTY COMMISSIONER VIJAYANAGARA_IDA),Vijayanagara(DEPUTY COMMISSIONER VIJAYANAGARA_IDA),IDA,5,9600000.0,47.1,1,0.0012,15.0
MP:Appalanaidu Kalisetti,Appalanaidu Kalisetti,MP,40,23327865.0,19.3,0,0.0006,15.0
CONST:VIZIANAGARAM,VIZIANAGARAM,Constituency,40,23327865.0,19.3,0,0.0025,15.0
IDA:VIZIANAGARAM(DISTRICT COLLECTOR VIZIANAGARAM_IDA),VIZIANAGARAM(DISTRICT COLLECTOR VIZIANAGARAM_IDA),IDA,37,22331649.0,17.7,0,0.0006,15.0
MP:SELJA,SELJA,MP,9,10829613.0,42.6,1,0.0006,15.0
CONST:SIRSA(SC),SIRSA(SC),Constituency,9,10829613.0,42.6,1,0.0025,15.0
IDA:SIRSA(DEPUTY COMMISSIONER SIRSA_IDA),SIRSA(DEPUTY COMMISSIONER SIRSA_IDA),IDA,5,4529844.0,27.3,0,0.0006,15.0
MP:SURESH GOPI,SURESH GOPI,MP,19,23883249.0,55.8,1,0.0006,40.0
CONST:THRISSUR,THRISSUR,Constituency,19,23883249.0,55.8,1,0.0012,40.0
MP:CHHATRAPATI SHAHU SHAHAJI,CHHATRAPATI SHAHU SHAHAJI,MP,10,8840286.0,57.8,3,0.0006,55.0
CONST:KOLHAPUR,KOLHAPUR,Constituency,10,8840286.0,57.8,3,0.0012,55.0
IDA:KOLHAPUR(DISTRICT COLLECTOR KOLHAPUR_IDA),KOLHAPUR(DISTRICT COLLECTOR KOLHAPUR_IDA),IDA,12,10840286.0,57.2,3,0.0012,55.0
IDA:MALKANGIRI(District Collector Malkangiri_IDA),MALKANGIRI(District Collector Malkangiri_IDA),IDA,7,4000000.0,49.0,0,0.0006,15.0
IDA:THENI(District Collector Theni_5),THENI(District Collector Theni_5),IDA,17,11575000.0,72.3,13,0.0006,85.0
IDA:SAMBA(Deputy Commissioner Samba_IDA),SAMBA(Deputy Commissioner Samba_IDA),IDA,2,645500.0,23.0,0,0.0006,15.0
IDA:NABARANGPUR(DISTRICT COLLECTOR NABARANGPUR_IDA),NABARANGPUR(DISTRICT COLLECTOR NABARANGPUR_IDA),IDA,59,21149652.0,27.2,1,0.0006,15.0
MP:Thirumaa Valavan Thol,Thirumaa Valavan Thol,MP,31,45844007.0,51.3,6,0.0006,70.0
CONST:CHIDAMBARAM(SC),CHIDAMBARAM(SC),Constituency,31,45844007.0,51.3,6,0.0025,70.0
IDA:RAIGAD(DISTRICT COLLECTOR RAIGAD_IDA),RAIGAD(DISTRICT COLLECTOR RAIGAD_IDA),IDA,33,49065575.0,46.0,4,0.0012,30.0
MP:Ashok Kumar Rawat,Ashok Kumar Rawat,MP,3,96086705.0,57.2,0,0.0006,40.0
CONST:MISRIKH(SC),MISRIKH(SC),Constituency,3,96086705.0,57.2,0,0.0018,40.0
MP:Shri Sarbananda Sonowal (18LS),Shri Sarbananda Sonowal (18LS),MP,36,33042773.0,51.7,3,0.0006,55.0
CONST:DIBRUGARH,DIBRUGARH,Constituency,36,33042773.0,51.7,3,0.0018,55.0
IDA:TINSUKIA(DC Tinsukia),TINSUKIA(DC Tinsukia),IDA,34,25742773.0,53.8,2,0.0012,55.0
IDA:Ariyalur(District Collector Ariyalur_IDA),Ariyalur(District Collector Ariyalur_IDA),IDA,10,16297362.0,66.0,6,0.0006,70.0
IDA:DIBRUGARH(DEPUTY COMMISSIONER DIBRUGARH_IDA),DIBRUGARH(DEPUTY COMMISSIONER DIBRUGARH_IDA),IDA,12,10500000.0,49.4,1,0.0006,15.0
MP:Ajay Bhatt,Ajay Bhatt,MP,139,37459330.0,51.8,46,0.0006,70.0
CONST:NAINITAL UDHAM SINGH NAG.,NAINITAL UDHAM SINGH NAG.,Constituency,139,37459330.0,51.8,46,0.0018,70.0
IDA:NAINITAL(DISTRICT MAGISTRATE NAINITAL_IDA),NAINITAL(DISTRICT MAGISTRATE NAINITAL_IDA),IDA,106,26936185.0,50.1,38,0.0006,70.0
MP:GENIBEN NAGAJI THAKOR,GENIBEN NAGAJI THAKOR,MP,18,9247725.0,32.1,0,0.0006,15.0
CONST:BANASKANTHA,BANASKANTHA,Constituency,18,9247725.0,32.1,0,0.0012,15.0
IDA:UMARIA(District Collector Umariya_IDA),UMARIA(District Collector Umariya_IDA),IDA,19,7045086.0,76.1,19,0.0006,85.0
MP:Shri Janardan Singh Sigriwal,Shri Janardan Singh Sigriwal,MP,6,12000000.0,17.4,0,0.0006,15.0
CONST:MAHARAJGANJ_BR,MAHARAJGANJ_BR,Constituency,6,12000000.0,17.4,0,0.0012,15.0
IDA:SARAN(DISTRICT PLANNING OFFICE SARAN CHAPRA_IDA),SARAN(DISTRICT PLANNING OFFICE SARAN CHAPRA_IDA),IDA,6,12000000.0,17.4,0,0.0006,15.0
MP:RAJPALSINH MAHENDRASINH JADAV,RAJPALSINH MAHENDRASINH JADAV,MP,192,37633264.0,34.4,5,0.0006,45.0
CONST:PANCHMAHAL,PANCHMAHAL,Constituency,192,37633264.0,34.4,5,0.0025,45.0
IDA:PANCH MAHALS(DISTRICT COLLECTOR PANCHMAHALS_IDA),PANCH MAHALS(DISTRICT COLLECTOR PANCHMAHALS_IDA),IDA,201,39479200.0,41.1,35,0.0012,45.0
IDA:BULANDSHAHR(DISTRICT MAGISTRATE BULANDSHAHR_IDA),BULANDSHAHR(DISTRICT MAGISTRATE BULANDSHAHR_IDA),IDA,73,67757685.0,15.6,0,0.0012,15.0
MP:Ajay Tamta,Ajay Tamta,MP,3,1700000.0,45.3,0,0.0006,15.0
CONST:ALMORA(SC),ALMORA(SC),Constituency,3,1700000.0,45.3,0,0.0018,15.0
IDA:ALMORA(DISTRICT MAGISTRATE ALMORA_IDA),ALMORA(DISTRICT MAGISTRATE ALMORA_IDA),IDA,2,1500000.0,46.2,0,0.0006,15.0
MP:BASAVARAJ BOMMAI,BASAVARAJ BOMMAI,MP,52,30250000.0,50.5,19,0.0006,70.0
CONST:HAVERI,HAVERI,Constituency,52,30250000.0,50.5,19,0.0018,70.0
MP:GOPINATH K,GOPINATH K,MP,43,37274009.0,20.2,1,0.0006,15.0
CONST:KRISHNAGIRI,KRISHNAGIRI,Constituency,43,37274009.0,20.2,1,0.0012,15.0
IDA:KRISHNAGIRI(DISTRICT COLLECTOR KRISHNAGIRI_IDA),KRISHNAGIRI(DISTRICT COLLECTOR KRISHNAGIRI_IDA),IDA,43,37274009.0,20.2,1,0.0006,15.0
IDA:Beawar(DISTRICT COLLECTOR Beawar_IDA),Beawar(DISTRICT COLLECTOR Beawar_IDA),IDA,9,6999600.0,55.6,3,0.0018,55.0
IDA:MAYURBHANJ(DISTRICT COLLECTOR MAYURBHANJ_IDA),MAYURBHANJ(DISTRICT COLLECTOR MAYURBHANJ_IDA),IDA,62,31600000.0,42.8,1,0.0012,15.0
MP:RABINDRA NARAYAN BEHERA,RABINDRA NARAYAN BEHERA,MP,7,1650000.0,31.1,0,0.0006,15.0
CONST:JAJPUR(SC),JAJPUR(SC),Constituency,7,1650000.0,31.1,0,0.0012,15.0
IDA:Jajpur(DISTRICT COLLECTOR JAJPUR_IDA),Jajpur(DISTRICT COLLECTOR JAJPUR_IDA),IDA,7,1650000.0,31.1,0,0.0006,15.0
IDA:Jaipur Gramin(DISTRICT COLLECTOR Jaipur Gramin_IDA),Jaipur Gramin(DISTRICT COLLECTOR Jaipur Gramin_IDA),IDA,2,3000000.0,31.9,0,0.0012,15.0
IDA:NARMADA(DISTRICT COLLECTOR NARMADA_IDA),NARMADA(DISTRICT COLLECTOR NARMADA_IDA),IDA,18,4721043.0,27.7,0,0.0006,15.0
MP:MALAIYARASAN D,MALAIYARASAN D,MP,61,47941260.0,31.7,2,0.0006,30.0
CONST:KALLAKURICHI,KALLAKURICHI,Constituency,61,47941260.0,31.7,2,0.0018,30.0
MP:Rao Rajendra Singh,Rao Rajendra Singh,MP,2,3500000.0,31.6,0,0.0006,15.0
CONST:JAIPUR RURAL,JAIPUR RURAL,Constituency,2,3500000.0,31.6,0,0.0018,15.0
IDA:Kotputli-Behror(DISTRICT COLLECTOR Kotputli Behror_IDA),Kotputli-Behror(DISTRICT COLLECTOR Kotputli Behror_IDA),IDA,2,2500000.0,27.2,0,0.0012,15.0
IDA:WASHIM(DISTRICT COLLECTOR WASHIM_IDA),WASHIM(DISTRICT COLLECTOR WASHIM_IDA),IDA,3,3300000.0,50.1,1,0.0006,40.0
MP:VISHAL,VISHAL,MP,39,40473858.0,37.8,6,0.0006,45.0
CONST:SANGLI,SANGLI,Constituency,39,40473858.0,37.8,6,0.0012,45.0
IDA:Udham Singh Nagar(DISTRICT MAGISTRATE UDHAMSINGH NAGAR_IDA),Udham Singh Nagar(DISTRICT MAGISTRATE UDHAMSINGH NAGAR_IDA),IDA,33,10523145.0,57.3,8,0.0006,70.0
IDA:North Tripura(DISTRICT MAGISTRATE and COLLECTOR NORTH TRIPURA DISTRICT_IDA),North Tripura(DISTRICT MAGISTRATE and COLLECTOR NORTH TRIPURA DISTRICT_IDA),IDA,1,5807060.0,78.6,1,0.0006,55.0
IDA:Sepahijala(DISTRICT MAGISTRATE and COLLECTOR SIPAHIJALA_IDA),Sepahijala(DISTRICT MAGISTRATE and COLLECTOR SIPAHIJALA_IDA),IDA,3,27701250.0,39.3,0,0.0006,15.0
MP:MANOHAR LAL,MANOHAR LAL,MP,5,9122972.0,43.0,0,0.0006,15.0
CONST:KARNAL,KARNAL,Constituency,5,9122972.0,43.0,0,0.0012,15.0
IDA:PANIPAT(DC CUM NODAL OFFICER MPLADS),PANIPAT(DC CUM NODAL OFFICER MPLADS),IDA,5,9122972.0,43.0,0,0.0006,15.0
IDA:RAICHUR(DEPUTY COMMISSIONER RAICHUR_IDA),RAICHUR(DEPUTY COMMISSIONER RAICHUR_IDA),IDA,24,17295548.0,52.0,4,0.0012,55.0
IDA:JHABUA(DISTRICT COLLECTOR JHABUA_IDA),JHABUA(DISTRICT COLLECTOR JHABUA_IDA),IDA,22,12482389.0,21.6,0,0.0006,15.0
MP:BHAUSAHEB RAJARAM WAKCHAURE,BHAUSAHEB RAJARAM WAKCHAURE,MP,54,31482726.0,55.1,2,0.0006,55.0
CONST:SHIRDI(SC),SHIRDI(SC),Constituency,54,31482726.0,55.1,2,0.0018,55.0
MP:Adv Adoor Prakash,Adv Adoor Prakash,MP,150,39093073.0,33.9,0,0.0006,15.0
CONST:ATTINGAL,ATTINGAL,Constituency,150,39093073.0,33.9,0,0.0012,15.0
MP:ALOK SHARMA,ALOK SHARMA,MP,23,21159254.0,58.3,15,0.0006,70.0
CONST:BHOPAL,BHOPAL,Constituency,23,21159254.0,58.3,15,0.0025,70.0
IDA:BHOPAL(DISTRICT COLLECTOR BHOPAL_IDA),BHOPAL(DISTRICT COLLECTOR BHOPAL_IDA),IDA,14,14180980.0,62.4,10,0.0006,70.0
MP:BISHNU PADA RAY,BISHNU PADA RAY,MP,7,18732344.0,50.1,0,0.0006,40.0
CONST:ANDAMAN AND NICOBAR ISLANDS,ANDAMAN AND NICOBAR ISLANDS,Constituency,7,18732344.0,50.1,0,0.0018,40.0
IDA:SOUTH ANDAMANS(Implementing District Authority(SA)),SOUTH ANDAMANS(Implementing District Authority(SA)),IDA,5,13735928.0,47.9,0,0.0006,15.0
IDA:BAGHPAT(DISTRICT MAGISTRATE BAGHPAT_IDA),BAGHPAT(DISTRICT MAGISTRATE BAGHPAT_IDA),IDA,12,7722283.0,53.6,0,0.0006,40.0
IDA:SEHORE(DISTRICT COLLECTOR SEHORE_IDA),SEHORE(DISTRICT COLLECTOR SEHORE_IDA),IDA,23,16978274.0,58.1,15,0.0012,70.0
IDA:GADAG(Deputy Commsioner Gadag_ida),GADAG(Deputy Commsioner Gadag_ida),IDA,23,14300000.0,52.6,7,0.0012,70.0
IDA:POONCH(Deputy Commissioner Poonch_IDA),POONCH(Deputy Commissioner Poonch_IDA),IDA,2,1666000.0,30.7,0,0.0006,15.0
MP:ROBERT BRUCE C,ROBERT BRUCE C,MP,50,35167437.0,41.3,3,0.0006,30.0
CONST:TIRUNELVELI,TIRUNELVELI,Constituency,50,35167437.0,41.3,3,0.0018,30.0
IDA:TIRUNELVELI(DISTRICT COLLECTOR TIRUNELVELI_IDA),TIRUNELVELI(DISTRICT COLLECTOR TIRUNELVELI_IDA),IDA,46,29196739.0,39.4,0,0.0006,15.0
MP:MANOJ TIGGA,MANOJ TIGGA,MP,39,34957408.2,38.3,0,0.0006,15.0
CONST:ALIPURDUARS(ST),ALIPURDUARS(ST),Constituency,39,34957408.2,38.3,0,0.0012,15.0
IDA:Alipurduar(DISTRICT MAGISTRATE ALIPURDUARS_IDA),Alipurduar(DISTRICT MAGISTRATE ALIPURDUARS_IDA),IDA,39,34957408.2,38.3,0,0.0006,15.0
MP:DR. MANSUKH MANDAVIYA,DR. MANSUKH MANDAVIYA,MP,95,29255976.0,32.4,1,0.0006,15.0
CONST:PORBANDAR,PORBANDAR,Constituency,95,29255976.0,32.4,1,0.0025,15.0
IDA:HAMIRPUR(DEPUTY COMMISSIONER HAMIRPUR_IDA),HAMIRPUR(DEPUTY COMMISSIONER HAMIRPUR_IDA),IDA,2,400000.0,31.9,0,0.0012,15.0
MP:BHOJRAJ NAG,BHOJRAJ NAG,MP,47,32793171.0,44.6,6,0.0006,45.0
CONST:KANKER(ST),KANKER(ST),Constituency,47,32793171.0,44.6,6,0.0031,45.0
IDA:Uttar Bastar Kanker(DISTRICT COLLECTOR KANKER_IDA),Uttar Bastar Kanker(DISTRICT COLLECTOR KANKER_IDA),IDA,21,15332742.0,57.4,3,0.0006,55.0
IDA:BALAGHAT(DISTRICT COLLECTOR BALAGHAT_IDA),BALAGHAT(DISTRICT COLLECTOR BALAGHAT_IDA),IDA,60,38014494.0,41.9,12,0.0006,45.0
IDA:JUNAGADH(DISTRICT COLLECTOR JUNAGADH_IDA),JUNAGADH(DISTRICT COLLECTOR JUNAGADH_IDA),IDA,47,15303236.0,28.4,0,0.0012,15.0
IDA:FATEHABAD(Deputy Commissioner Fatehabad),FATEHABAD(Deputy Commissioner Fatehabad),IDA,2,4600000.0,64.6,0,0.0006,40.0
MP:SUDAMA PRASAD,SUDAMA PRASAD,MP,7,8545137.0,40.2,0,0.0006,15.0
CONST:ARRAH,ARRAH,Constituency,7,8545137.0,40.2,0,0.0012,15.0
IDA:BHOJPUR(DISTRICT PLANNING OFFICER BHOJPUR ARRAH_IDA),BHOJPUR(DISTRICT PLANNING OFFICER BHOJPUR ARRAH_IDA),IDA,7,8545137.0,40.2,0,0.0006,15.0
MP:SUKHDEO BHAGAT,SUKHDEO BHAGAT,MP,100,62708165.0,29.0,1,0.0006,15.0
CONST:LOHARDAGA(ST),LOHARDAGA(ST),Constituency,100,62708165.0,29.0,1,0.0025,15.0
MP:AGA SYED RUHULLAH MEHDI,AGA SYED RUHULLAH MEHDI,MP,59,24939532.0,33.1,0,0.0006,15.0
CONST:SRINAGAR,SRINAGAR,Constituency,59,24939532.0,33.1,0,0.0031,15.0
IDA:SRINAGAR(DEPUTY COMMISSIONER SRINAGAR_IDA),SRINAGAR(DEPUTY COMMISSIONER SRINAGAR_IDA),IDA,42,18807000.0,29.5,0,0.0006,15.0
MP:Kani K Navas,Kani K Navas,MP,15,11468284.0,28.9,0,0.0006,15.0
CONST:RAMANATHAPURAM,RAMANATHAPURAM,Constituency,15,11468284.0,28.9,0,0.0025,15.0
IDA:RAMANATHAPURAM(DISTRICT COLLECTOR RAMANATHAPURAM_IDA),RAMANATHAPURAM(DISTRICT COLLECTOR RAMANATHAPURAM_IDA),IDA,2,1599477.0,13.4,0,0.0006,15.0
MP:MURARI LAL MEENA,MURARI LAL MEENA,MP,3,2935573.0,29.2,0,0.0006,15.0
CONST:DAUSA(ST),DAUSA(ST),Constituency,3,2935573.0,29.2,0,0.0012,15.0
IDA:DAUSA(DISTRICT COLLECTOR DAUSA_IDA),DAUSA(DISTRICT COLLECTOR DAUSA_IDA),IDA,3,2935573.0,29.2,0,0.0006,15.0
IDA:KAMJONG(Deputy Commissioner Kamjong MPLADS_ida),KAMJONG(Deputy Commissioner Kamjong MPLADS_ida),IDA,2,2000000.0,44.5,0,0.0006,15.0
MP:Vishnu Dayal Ram,Vishnu Dayal Ram,MP,80,33737187.0,32.3,0,0.0006,15.0
CONST:PALAMU(SC),PALAMU(SC),Constituency,80,33737187.0,32.3,0,0.0018,15.0
IDA:PALAMU(DEPUTY COMMISSIONER PALAMAU_IDA),PALAMU(DEPUTY COMMISSIONER PALAMAU_IDA),IDA,36,15537187.0,26.8,0,0.0006,15.0
IDA:PORBANDAR(DISTRICT COLLECTOR PORBANDAR_IDA),PORBANDAR(DISTRICT COLLECTOR PORBANDAR_IDA),IDA,25,7823793.0,37.8,1,0.0006,15.0
MP:SELVARAJ V,SELVARAJ V,MP,19,14605363.0,24.1,0,0.0006,15.0
CONST:NAGAPATTINAM(SC),NAGAPATTINAM(SC),Constituency,19,14605363.0,24.1,0,0.0012,15.0
MP:Bhola Singh,Bhola Singh,MP,48,48716418.0,16.5,0,0.0006,15.0
CONST:BULANDSHAHR(SC),BULANDSHAHR(SC),Constituency,48,48716418.0,16.5,0,0.0012,15.0
MP:G. KUMAR NAIK,G. KUMAR NAIK,MP,30,25495548.0,50.0,1,0.0006,40.0
CONST:RAICHUR(ST),RAICHUR(ST),Constituency,30,25495548.0,50.0,1,0.0018,40.0
MP:BHARAT SINGH KUSHWAH,BHARAT SINGH KUSHWAH,MP,4,5077201.0,48.7,0,0.0006,15.0
CONST:GWALIOR,GWALIOR,Constituency,4,5077201.0,48.7,0,0.0012,15.0
IDA:GWALIOR(DISTRICT COLLECTOR GWALIOR_IDA),GWALIOR(DISTRICT COLLECTOR GWALIOR_IDA),IDA,4,5077201.0,48.7,0,0.0006,15.0
IDA:YADGIR(Deputy Commsioner Yadgir_ida),YADGIR(Deputy Commsioner Yadgir_ida),IDA,11,10500000.0,55.2,1,0.0006,40.0
MP:AVIMANYU SETHI,AVIMANYU SETHI,MP,49,19250000.0,42.7,3,0.0006,30.0
CONST:BHADRAK(SC),BHADRAK(SC),Constituency,49,19250000.0,42.7,3,0.0018,30.0
IDA:BHADRAK(DISTRICT COLLECTOR BHADRAK_IDA),BHADRAK(DISTRICT COLLECTOR BHADRAK_IDA),IDA,28,13100000.0,43.3,2,0.0006,30.0
IDA:GARHWA(Deputy Commissioner garhwa_IDA),GARHWA(Deputy Commissioner garhwa_IDA),IDA,44,18200000.0,36.8,0,0.0006,15.0
IDA:REASI(DC Reasi_2),REASI(DC Reasi_2),IDA,1,993825.0,24.3,0,0.0006,15.0
MP:MAHIMA KUMARI MEWAR,MAHIMA KUMARI MEWAR,MP,29,24886377.0,31.5,2,0.0006,30.0
CONST:RAJSAMAND,RAJSAMAND,Constituency,29,24886377.0,31.5,2,0.0025,30.0
IDA:RAJSAMAND(DISTRICT COLLECTOR RAJSAMAND_IDA),RAJSAMAND(DISTRICT COLLECTOR RAJSAMAND_IDA),IDA,15,12499936.0,31.5,0,0.0006,15.0
MP:Annpurna Devi,Annpurna Devi,MP,84,25133350.0,53.9,13,0.0006,70.0
CONST:KODARMA,KODARMA,Constituency,84,25133350.0,53.9,13,0.0018,70.0
MP:SUKANTA KUMAR PANIGRAHI,SUKANTA KUMAR PANIGRAHI,MP,102,31625359.0,35.5,0,0.0006,15.0
CONST:KANDHAMAL,KANDHAMAL,Constituency,102,31625359.0,35.5,0,0.0025,15.0
IDA:Nayagada(DISTRICT COLLECTOR  NAYAGARH_IDA),Nayagada(DISTRICT COLLECTOR  NAYAGARH_IDA),IDA,335,32715000.0,48.1,105,0.0018,45.0
MP:Daggubati Purandeshwari,Daggubati Purandeshwari,MP,19,63000000.0,39.9,0,0.0006,15.0
CONST:RAJAHMUNDRY,RAJAHMUNDRY,Constituency,19,63000000.0,39.9,0,0.0012,15.0
MP:SHAFI PARAMBIL,SHAFI PARAMBIL,MP,75,20487000.0,70.3,60,0.0006,85.0
CONST:VADAKARA,VADAKARA,Constituency,75,20487000.0,70.3,60,0.0018,85.0
IDA:KOZHIKODE(DISTRICT COLLECTOR KOZHIKODE_IDA),KOZHIKODE(DISTRICT COLLECTOR KOZHIKODE_IDA),IDA,128,44401335.0,64.3,78,0.0018,70.0
IDA:Kandhamala(DISTRICT COLLECTOR KANDHAMAL_IDA),Kandhamala(DISTRICT COLLECTOR KANDHAMAL_IDA),IDA,42,18825359.0,25.9,0,0.0006,15.0
IDA:BALOD(Collector Balod_IDA),BALOD(Collector Balod_IDA),IDA,11,6363200.0,36.8,2,0.0006,30.0
MP:IMRAN MASOOD,IMRAN MASOOD,MP,56,47038536.0,15.4,0,0.0006,15.0
CONST:SAHARANPUR,SAHARANPUR,Constituency,56,47038536.0,15.4,0,0.0012,15.0
IDA:SAHARANPUR(DISTRICT MAGISTRAE SAHARANPUR_IDA),SAHARANPUR(DISTRICT MAGISTRAE SAHARANPUR_IDA),IDA,82,71637420.0,15.0,0,0.0012,15.0
IDA:KODERMA(DEPUTY COMMISSIONER KODARMA_IDA),KODERMA(DEPUTY COMMISSIONER KODARMA_IDA),IDA,55,16325638.0,59.6,11,0.0006,70.0
MP:Priyanka Gandhi Vadra,Priyanka Gandhi Vadra,MP,14,21838026.0,51.9,4,0.0006,55.0
CONST:WAYANAD,WAYANAD,Constituency,14,21838026.0,51.9,4,0.0025,55.0
IDA:WAYANAD(DISTRICT COLLECTOR WAYANAD_IDA),WAYANAD(DISTRICT COLLECTOR WAYANAD_IDA),IDA,7,12019146.0,40.2,1,0.0006,15.0
IDA:MALAPPURAM(DISTRICT COLLECTOR MALAPPURAM_IDA),MALAPPURAM(DISTRICT COLLECTOR MALAPPURAM_IDA),IDA,173,68784637.0,57.1,27,0.0018,70.0
MP:Dilip Saikia,Dilip Saikia,MP,6,2000000.0,65.0,3,0.0006,55.0
CONST:Darrang-Udalguri,Darrang-Udalguri,Constituency,6,2000000.0,65.0,3,0.0012,55.0
IDA:UDALGURI(DEPUTY COMMISSIONER Udalguri_IDA),UDALGURI(DEPUTY COMMISSIONER Udalguri_IDA),IDA,6,2000000.0,65.0,3,0.0006,55.0
MP:PRAVEEN PATEL,PRAVEEN PATEL,MP,10,26709561.0,17.6,0,0.0006,15.0
CONST:PHULPUR,PHULPUR,Constituency,10,26709561.0,17.6,0,0.0012,15.0
MP:Kaushalendra Kumar,Kaushalendra Kumar,MP,1,4799355.0,37.2,0,0.0006,15.0
CONST:NALANDA,NALANDA,Constituency,1,4799355.0,37.2,0,0.0012,15.0
IDA:NALANDA(DISTRICT PLANNING OFFICER NALANDA_IDA),NALANDA(DISTRICT PLANNING OFFICER NALANDA_IDA),IDA,1,4799355.0,37.2,0,0.0006,15.0
MP:Shri M K Raghavan,Shri M K Raghavan,MP,69,29214335.0,58.0,27,0.0006,70.0
CONST:KOZHIKODE,KOZHIKODE,Constituency,69,29214335.0,58.0,27,0.0012,70.0
MP:Pratap Chandra Sarangi,Pratap Chandra Sarangi,MP,3,2000000.0,41.0,0,0.0006,15.0
CONST:BALASORE,BALASORE,Constituency,3,2000000.0,41.0,0,0.0012,15.0
IDA:Baleshwar(DISTRICT COLLECTOR BALESHWAR_IDA),Baleshwar(DISTRICT COLLECTOR BALESHWAR_IDA),IDA,24,8150000.0,41.8,1,0.0012,15.0
MP:Shri Shantanu Thakur,Shri Shantanu Thakur,MP,8,5993836.0,40.9,0,0.0006,15.0
CONST:BANGAON(SC),BANGAON(SC),Constituency,8,5993836.0,40.9,0,0.0012,15.0
IDA:UNA(DEPUTY COMMISSIOENR UNA_IDA),UNA(DEPUTY COMMISSIOENR UNA_IDA),IDA,4,550000.0,28.4,0,0.0006,15.0
MP:Sanjay Kumar Bandi,Sanjay Kumar Bandi,MP,115,34829762.0,47.3,9,0.0006,45.0
CONST:KARIMNAGAR,KARIMNAGAR,Constituency,115,34829762.0,47.3,9,0.0037,45.0
IDA:KARIMNAGAR(DISTRICT COLLECTOR KARIMNAGAR_IDA),KARIMNAGAR(DISTRICT COLLECTOR KARIMNAGAR_IDA),IDA,51,21609763.0,52.1,7,0.0006,70.0
MP:E.T. MOHAMMED BASHEER,E.T. MOHAMMED BASHEER,MP,73,29922056.0,57.3,14,0.0006,70.0
CONST:MALAPPURAM,MALAPPURAM,Constituency,73,29922056.0,57.3,14,0.0012,70.0
MP:BIBHU PRASAD TARAI,BIBHU PRASAD TARAI,MP,39,9349588.0,30.5,3,0.0006,30.0
CONST:JAGATSINGHPUR(SC),JAGATSINGHPUR(SC),Constituency,39,9349588.0,30.5,3,0.0018,30.0
IDA:PURI(DISTRICT COLLECTOR PURI_IDA),PURI(DISTRICT COLLECTOR PURI_IDA),IDA,357,34818113.0,44.9,124,0.0012,45.0
MP:Sunil Dattatray Tatkare,Sunil Dattatray Tatkare,MP,24,40569356.0,39.4,0,0.0006,15.0
CONST:RAIGAD,RAIGAD,Constituency,24,40569356.0,39.4,0,0.0012,15.0
MP:SUNIL BOSE,SUNIL BOSE,MP,50,41200000.0,43.4,1,0.0006,15.0
CONST:CHAMARAJANAGAR(SC),CHAMARAJANAGAR(SC),Constituency,50,41200000.0,43.4,1,0.0018,15.0
IDA:Chamarajanagar(DEPUTY COMMISSIONER CHAMARAJNAGAR_IDA),Chamarajanagar(DEPUTY COMMISSIONER CHAMARAJNAGAR_IDA),IDA,29,21200000.0,37.5,1,0.0006,15.0
MP:NABA CHARAN MAJHI,NABA CHARAN MAJHI,MP,37,24600000.0,37.9,0,0.0006,15.0
CONST:MAYURBHANJ (ST),MAYURBHANJ (ST),Constituency,37,24600000.0,37.9,0,0.0012,15.0
MP:JOYANTA BASUMATARY,JOYANTA BASUMATARY,MP,11,7000000.0,56.4,0,0.0006,40.0
CONST:KOKRAJHAR (ST),KOKRAJHAR (ST),Constituency,11,7000000.0,56.4,0,0.0018,40.0
MP:TANGELLA UDAY SRINIVAS,TANGELLA UDAY SRINIVAS,MP,11,16720164.0,25.7,0,0.0006,15.0
CONST:KAKINADA,KAKINADA,Constituency,11,16720164.0,25.7,0,0.0012,15.0
IDA:BOUDH(District Collector Boudh_IDA),BOUDH(District Collector Boudh_IDA),IDA,2,500000.0,56.0,0,0.0006,40.0
IDA:KALABURAGI(DEPUTY COMMISSIONER GULBARGA_IDA),KALABURAGI(DEPUTY COMMISSIONER GULBARGA_IDA),IDA,6,2996000.0,69.8,4,0.0006,55.0
MP:Praveen Khandelwal,Praveen Khandelwal,MP,37,26480914.0,24.2,3,0.0006,30.0
CONST:CHANDINI CHOWK,CHANDINI CHOWK,Constituency,37,26480914.0,24.2,3,0.0025,30.0
IDA:NORTH WEST(COMMISSIONER NORTH WEST),NORTH WEST(COMMISSIONER NORTH WEST),IDA,17,14628992.0,22.7,1,0.0006,15.0
IDA:NORTH(COMMISSIONER MCD NORTH_IDA),NORTH(COMMISSIONER MCD NORTH_IDA),IDA,19,10714698.0,25.7,2,0.0006,30.0
MP:SAMBIT PATRA,SAMBIT PATRA,MP,577,42578525.0,49.0,229,0.0006,45.0
CONST:PURI,PURI,Constituency,577,42578525.0,49.0,229,0.0018,45.0
MP:VAMSI KRISHNA GADDAM,VAMSI KRISHNA GADDAM,MP,24,13059997.0,43.9,1,0.0006,15.0
CONST:PEDDAPALLE,PEDDAPALLE,Constituency,24,13059997.0,43.9,1,0.0025,15.0
IDA:PEDDAPALLI(District Collector Peddapally_IDA),PEDDAPALLI(District Collector Peddapally_IDA),IDA,16,6209997.0,47.2,1,0.0006,15.0
IDA:JAMTARA(Deputy Commissioner Jamtara_IDA),JAMTARA(Deputy Commissioner Jamtara_IDA),IDA,79,22200000.0,31.9,0,0.0006,15.0
MP:E. TUKARAM,E. TUKARAM,MP,17,18150000.0,37.2,1,0.0006,15.0
CONST:BELLARY(ST),BELLARY(ST),Constituency,17,18150000.0,37.2,1,0.0018,15.0
MP:CHARANJIT SINGH CHANNI,CHARANJIT SINGH CHANNI,MP,37,13353036.0,34.3,0,0.0006,15.0
CONST:JALANDHAR(SC),JALANDHAR(SC),Constituency,37,13353036.0,34.3,0,0.0025,15.0
IDA:JALANDHAR(DEPUTY COMMISSIONER JALANDHAR_IDA),JALANDHAR(DEPUTY COMMISSIONER JALANDHAR_IDA),IDA,34,11653070.0,34.6,0,0.0006,15.0
IDA:MANCHERIAL(District Collector Mancherial_IDA),MANCHERIAL(District Collector Mancherial_IDA),IDA,4,5850000.0,27.7,0,0.0006,15.0
MP:Shri Amit Shah,Shri Amit Shah,MP,26,4952769.0,37.9,2,0.0006,30.0
CONST:GANDHINAGAR,GANDHINAGAR,Constituency,26,4952769.0,37.9,2,0.0018,30.0
MP:GANAPATHY RAJKUMAR P,GANAPATHY RAJKUMAR P,MP,8,29375965.0,57.1,2,0.0006,55.0
CONST:COIMBATORE,COIMBATORE,Constituency,8,29375965.0,57.1,2,0.0018,55.0
IDA:BHADRADRI KOTHAGUDEM(District Collector Bhadradri Ktdm_IDA),BHADRADRI KOTHAGUDEM(District Collector Bhadradri Ktdm_IDA),IDA,2,999000.0,16.4,0,0.0012,15.0
MP:JASHUBHAI BHILUBHAI RATHVA,JASHUBHAI BHILUBHAI RATHVA,MP,123,37003525.0,55.7,70,0.0006,70.0
CONST:CHHOTA UDAIPUR(ST),CHHOTA UDAIPUR(ST),Constituency,123,37003525.0,55.7,70,0.0025,70.0
MP:Smt Anupriya Patel,Smt Anupriya Patel,MP,2,7543000.0,45.6,0,0.0006,15.0
CONST:MIRZAPUR,MIRZAPUR,Constituency,2,7543000.0,45.6,0,0.0012,15.0
IDA:MIRZAPUR(DISTRICT MAGISTRATE MIRZAPUR_IDA),MIRZAPUR(DISTRICT MAGISTRATE MIRZAPUR_IDA),IDA,2,7543000.0,45.6,0,0.0006,15.0
IDA:CHHOTAUDEPUR(DISTRICT COLLECTOR CHHOTA UDEPUR_IDA),CHHOTAUDEPUR(DISTRICT COLLECTOR CHHOTA UDEPUR_IDA),IDA,36,16936022.0,64.3,28,0.0006,70.0
MP:DEVESH CHANDRA THAKUR,DEVESH CHANDRA THAKUR,MP,56,15817152.0,57.0,39,0.0006,70.0
CONST:SITAMARHI,SITAMARHI,Constituency,56,15817152.0,57.0,39,0.0012,70.0
IDA:SITAMARHI(DISTRICT PLANNING OFFICER SITAMARHI_IDA),SITAMARHI(DISTRICT PLANNING OFFICER SITAMARHI_IDA),IDA,56,15817152.0,57.0,39,0.0006,70.0
IDA:GUMLA(DEPUTY COMMISSIONER GUMLA_IDA),GUMLA(DEPUTY COMMISSIONER GUMLA_IDA),IDA,39,19236065.0,30.3,1,0.0006,15.0
MP:DR. M.P ABDUSSAMAD SAMADANI,DR. M.P ABDUSSAMAD SAMADANI,MP,117,36192920.0,56.3,12,0.0006,70.0
CONST:PONNANI,PONNANI,Constituency,117,36192920.0,56.3,12,0.0018,70.0
IDA:LOHARDAGA(DEPUTY COMMISSIONER LOHARDAGA_IDA),LOHARDAGA(DEPUTY COMMISSIONER LOHARDAGA_IDA),IDA,42,18972600.0,28.7,0,0.0006,15.0
IDA:MORENA(DISTRICT COLLECTOR MORENA_IDA),MORENA(DISTRICT COLLECTOR MORENA_IDA),IDA,1,500000.0,55.6,0,0.0006,40.0
MP:BALYA MAMA SURESH GOPINATH MHATRE,BALYA MAMA SURESH GOPINATH MHATRE,MP,17,13997000.0,56.8,4,0.0006,55.0
CONST:BHIWANDI,BHIWANDI,Constituency,17,13997000.0,56.8,4,0.0012,55.0
IDA:THANE(DISTRICT COLLECTOR THANE_IDA),THANE(DISTRICT COLLECTOR THANE_IDA),IDA,17,13997000.0,56.8,4,0.0006,55.0
MP:MURLIDHAR MOHOL,MURLIDHAR MOHOL,MP,19,18996657.0,53.3,7,0.0006,70.0
CONST:PUNE,PUNE,Constituency,19,18996657.0,53.3,7,0.0012,70.0
IDA:LALITPUR(DISTRICT MAGISTRATE LALITPUR_IDA),LALITPUR(DISTRICT MAGISTRATE LALITPUR_IDA),IDA,36,20002028.0,13.1,0,0.0006,15.0
MP:DR. PRASHANT YADAORAO PADOLE,DR. PRASHANT YADAORAO PADOLE,MP,33,24572033.0,67.6,25,0.0006,70.0
CONST:BHANDARA-GONDIYA,BHANDARA-GONDIYA,Constituency,33,24572033.0,67.6,25,0.0018,70.0
IDA:BHANDARA(DISTRICT COLLECTOR BHANDARA_IDA),BHANDARA(DISTRICT COLLECTOR BHANDARA_IDA),IDA,17,11572033.0,68.7,13,0.0006,70.0
MP:NARAYAN TATU RANE,NARAYAN TATU RANE,MP,17,16028433.0,43.4,1,0.0006,15.0
CONST:RATNAGIRI-SINDHUDURG,RATNAGIRI-SINDHUDURG,Constituency,17,16028433.0,43.4,1,0.0012,15.0
IDA:SINDHUDURG(DISTRICT COLLECTOR SINDHUDURG_IDA),SINDHUDURG(DISTRICT COLLECTOR SINDHUDURG_IDA),IDA,17,16028433.0,43.4,1,0.0006,15.0
IDA:Mulugu(District Collector Mulugu_ida),Mulugu(District Collector Mulugu_ida),IDA,1,499000.0,21.9,0,0.0006,15.0
MP:Krishna Prasad Tenneti,Krishna Prasad Tenneti,MP,1,1000000.0,56.4,0,0.0006,40.0
CONST:BAPATLA,BAPATLA,Constituency,1,1000000.0,56.4,0,0.0012,40.0
IDA:Bapatla(DISTRICT COLLECTOR BAPATLA_IDA),Bapatla(DISTRICT COLLECTOR BAPATLA_IDA),IDA,1,1000000.0,56.4,0,0.0006,40.0
IDA:GANDERBAL(Deputy Commissioner Ganderbal_IDA),GANDERBAL(Deputy Commissioner Ganderbal_IDA),IDA,2,365998.0,35.9,0,0.0006,15.0
IDA:BAKSA(DEPUTY COMMISSIONER BAKSA_IDA),BAKSA(DEPUTY COMMISSIONER BAKSA_IDA),IDA,1,400000.0,54.6,0,0.0006,40.0
MP:Shri Narendra Modi,Shri Narendra Modi,MP,88,37899937.0,13.5,0,0.0006,15.0
CONST:VARANASI,VARANASI,Constituency,88,37899937.0,13.5,0,0.0012,15.0
IDA:JAGATSINGHAPUR(DISTRICT COLLECTOR JAGATSINGHPUR_IDA),JAGATSINGHAPUR(DISTRICT COLLECTOR JAGATSINGHPUR_IDA),IDA,10,3450000.0,58.5,3,0.0006,55.0
IDA:NORTH AND MIDDLE ANDAMAN(Implementing District Authority(N&MA)),NORTH AND MIDDLE ANDAMAN(Implementing District Authority(N&MA)),IDA,2,4996416.0,55.5,0,0.0006,40.0
MP:Krishan Pal Gurjar,Krishan Pal Gurjar,MP,3,3537396.0,62.1,1,0.0006,40.0
CONST:FARIDABAD,FARIDABAD,Constituency,3,3537396.0,62.1,1,0.0018,40.0
IDA:FARIDABAD(DEPUTY COMMISSIONER FARIDABAD_IDA),FARIDABAD(DEPUTY COMMISSIONER FARIDABAD_IDA),IDA,2,1437396.0,56.5,0,0.0006,40.0
MP:SHIVRAJ SINGH CHOUHAN,SHIVRAJ SINGH CHOUHAN,MP,77,48643125.0,59.2,52,0.0006,70.0
CONST:VIDISHA,VIDISHA,Constituency,77,48643125.0,59.2,52,0.0031,70.0
IDA:RAJANNA SIRCILLA(DISTRICT COLLECTOR RAJANNA SIRCILLA_IDA),RAJANNA SIRCILLA(DISTRICT COLLECTOR RAJANNA SIRCILLA_IDA),IDA,17,3320000.0,55.1,0,0.0006,40.0
MP:Giriraj Singh,Giriraj Singh,MP,30,39205522.0,24.5,0,0.0006,15.0
CONST:BEGUSARAI,BEGUSARAI,Constituency,30,39205522.0,24.5,0,0.0012,15.0
IDA:BEGUSARAI(DISTRICT PLANNING OFFICER BEGUSARAI_IDA),BEGUSARAI(DISTRICT PLANNING OFFICER BEGUSARAI_IDA),IDA,30,39205522.0,24.5,0,0.0006,15.0
MP:Rahul Kaswan,Rahul Kaswan,MP,56,49088380.0,29.0,0,0.0006,15.0
CONST:CHURU,CHURU,Constituency,56,49088380.0,29.0,0,0.0018,15.0
IDA:CHURU(DISTRICT COLLECTOR CHURU_IDA),CHURU(DISTRICT COLLECTOR CHURU_IDA),IDA,45,43296130.0,30.0,0,0.0006,15.0
MP:RAJABHAU,RAJABHAU,MP,33,33263864.0,36.5,3,0.0006,30.0
CONST:NASHIK,NASHIK,Constituency,33,33263864.0,36.5,3,0.0012,30.0
MP:ABDUL RASHID SHEIKH,ABDUL RASHID SHEIKH,MP,21,10394620.0,41.3,1,0.0006,15.0
CONST:BARAMULLAH,BARAMULLAH,Constituency,21,10394620.0,41.3,1,0.0025,15.0
IDA:Budgam(Deputy Commissioner  Budgam_IDA),Budgam(Deputy Commissioner  Budgam_IDA),IDA,7,6267189.0,51.3,0,0.0012,40.0
IDA:KUPWARA(Deputy Commissioner Kupwara_IDA),KUPWARA(Deputy Commissioner Kupwara_IDA),IDA,10,4949431.0,32.4,1,0.0006,15.0
IDA:BARAMULLA(DEPUTY COMMISSIONER BARAMULLAH_IDA),BARAMULLA(DEPUTY COMMISSIONER BARAMULLAH_IDA),IDA,8,2200000.0,51.5,0,0.0006,40.0
IDA:DATIA(District Collector Datia_IDA),DATIA(District Collector Datia_IDA),IDA,2,2500000.0,19.6,0,0.0006,15.0
IDA:Agar-Malwa(District Collector Agar Malwa_IDA),Agar-Malwa(District Collector Agar Malwa_IDA),IDA,2,2100000.0,43.6,1,0.0006,15.0
MP:GODAM NAGESH,GODAM NAGESH,MP,101,21195000.0,47.5,34,0.0006,45.0
CONST:ADILABAD(ST),ADILABAD(ST),Constituency,101,21195000.0,47.5,34,0.0018,45.0
IDA:KUMURAM BHEEM ASIFABAD(District Collector KB Asifabad_IDA),KUMURAM BHEEM ASIFABAD(District Collector KB Asifabad_IDA),IDA,53,7750000.0,57.2,32,0.0006,70.0
IDA:Nirmal(DISTRICT COLLECTOR NIRMAL_3),Nirmal(DISTRICT COLLECTOR NIRMAL_3),IDA,48,13445000.0,36.7,2,0.0006,30.0
IDA:PULWAMA(Deputy Commissioner  Pulwama_IDA),PULWAMA(Deputy Commissioner  Pulwama_IDA),IDA,11,2744534.0,37.6,0,0.0006,15.0
MP:LOVELY ANAND,LOVELY ANAND,MP,2,2998079.0,34.7,0,0.0006,15.0
CONST:SHEOHAR,SHEOHAR,Constituency,2,2998079.0,34.7,0,0.0012,15.0
IDA:SANGRUR(DEPUTY COMMISSIONER SANGRUR_IDA),SANGRUR(DEPUTY COMMISSIONER SANGRUR_IDA),IDA,6,1450000.0,41.3,2,0.0006,30.0
MP:Dinesh Chandra Yadav,Dinesh Chandra Yadav,MP,25,31451021.0,15.4,0,0.0006,15.0
CONST:MADHEPURA,MADHEPURA,Constituency,25,31451021.0,15.4,0,0.0018,15.0
MP:IQRA CHOUDHARY,IQRA CHOUDHARY,MP,33,34287857.0,19.6,1,0.0006,15.0
CONST:KAIRANA,KAIRANA,Constituency,33,34287857.0,19.6,1,0.0018,15.0
MP:DHARMENDRA PRADHAN,DHARMENDRA PRADHAN,MP,1,1500000.0,36.1,0,0.0006,15.0
CONST:SAMBALPUR,SAMBALPUR,Constituency,1,1500000.0,36.1,0,0.0012,15.0
IDA:SAMBALPUR(DISTRICT COLLECTOR SAMBALPUR_IDA),SAMBALPUR(DISTRICT COLLECTOR SAMBALPUR_IDA),IDA,1,1500000.0,36.1,0,0.0006,15.0
MP:Shri Jyotirmay Singh Mahato,Shri Jyotirmay Singh Mahato,MP,1,401034.0,73.6,1,0.0006,55.0
CONST:PURULIA,PURULIA,Constituency,1,401034.0,73.6,1,0.0012,55.0
IDA:HANUMANGARH(DISTRICT COLLECTOR HANUMANGARH_IDA),HANUMANGARH(DISTRICT COLLECTOR HANUMANGARH_IDA),IDA,11,5792250.0,25.1,0,0.0006,15.0
MP:JAGADISH SHETTAR,JAGADISH SHETTAR,MP,7,3500000.0,68.1,5,0.0006,70.0
CONST:BELGAUM,BELGAUM,Constituency,7,3500000.0,68.1,5,0.0012,70.0
MP:DR.MALLU RAVI,DR.MALLU RAVI,MP,9,12997992.0,19.9,0,0.0006,15.0
CONST:NAGARKURNOOL(SC),NAGARKURNOOL(SC),Constituency,9,12997992.0,19.9,0,0.0018,15.0
MP:Dr Jayanta Kumar Roy,Dr Jayanta Kumar Roy,MP,5,8257652.0,45.7,2,0.0006,30.0
CONST:JALPAIGURI(SC),JALPAIGURI(SC),Constituency,5,8257652.0,45.7,2,0.0012,30.0
IDA:JALPAIGURI(DISTRICT MAGISTRATE JALPAIGURI_IDA),JALPAIGURI(DISTRICT MAGISTRATE JALPAIGURI_IDA),IDA,5,8257652.0,45.7,2,0.0006,30.0
IDA:Parvathipuram Manyam(District Collector Parvathipuram Manyam_IDA),Parvathipuram Manyam(District Collector Parvathipuram Manyam_IDA),IDA,20,6150000.0,38.0,0,0.0006,15.0
IDA:PHEK(Deputy Commissioner Phek_IDA),PHEK(Deputy Commissioner Phek_IDA),IDA,1,500000.0,32.5,0,0.0006,15.0
MP:JOBA MAJHI,JOBA MAJHI,MP,5,3713200.0,39.4,0,0.0006,15.0
CONST:SINGHBHUM(ST),SINGHBHUM(ST),Constituency,5,3713200.0,39.4,0,0.0012,15.0
MP:UJJWAL RAMAN SINGH,UJJWAL RAMAN SINGH,MP,2,11460000.0,52.2,1,0.0006,40.0
CONST:ALLAHABAD,ALLAHABAD,Constituency,2,11460000.0,52.2,1,0.0012,40.0
IDA:SHOPIAN(Deputy Commissioner Shopian_IDA),SHOPIAN(Deputy Commissioner Shopian_IDA),IDA,3,1410100.0,23.0,0,0.0006,15.0
IDA:NUH(Deputy Commissioner Nuh),NUH(Deputy Commissioner Nuh),IDA,1,322000.0,42.1,0,0.0006,15.0
MP:JITIN PRASADA,JITIN PRASADA,MP,22,7678364.0,13.2,0,0.0006,15.0
CONST:PILIBHIT,PILIBHIT,Constituency,22,7678364.0,13.2,0,0.0012,15.0
IDA:SHAMLI(DISTRICT MAGISTRATE SHAMLI_IDA),SHAMLI(DISTRICT MAGISTRATE SHAMLI_IDA),IDA,7,9688973.0,40.2,1,0.0006,15.0
MP:Ganesh Singh,Ganesh Singh,MP,153,29871286.0,65.6,99,0.0006,70.0
CONST:SATNA,SATNA,Constituency,153,29871286.0,65.6,99,0.0018,70.0
IDA:SATNA(DISTRICT COLLECTOR SATNA_IDA),SATNA(DISTRICT COLLECTOR SATNA_IDA),IDA,139,27252500.0,64.8,85,0.0006,70.0
MP:ANIL BALUNI,ANIL BALUNI,MP,1,600000.0,75.4,1,0.0006,55.0
CONST:GARHWAL,GARHWAL,Constituency,1,600000.0,75.4,1,0.0012,55.0
IDA:Khowai(DISTRICT MAGISTRATE and COLLECTOR  KHOWAI_IDA),Khowai(DISTRICT MAGISTRATE and COLLECTOR  KHOWAI_IDA),IDA,1,2500000.0,53.2,0,0.0006,40.0
IDA:Maihar(District Collector Maihar_IDA),Maihar(District Collector Maihar_IDA),IDA,14,2618786.0,73.3,14,0.0006,85.0
IDA:Uttarkashi(DISTRICT COLLECTOR UTTARKASHI_IDA),Uttarkashi(DISTRICT COLLECTOR UTTARKASHI_IDA),IDA,1,198692.0,33.5,0,0.0006,15.0
MP:KALI CHARAN SINGH,KALI CHARAN SINGH,MP,1,300000.0,65.4,0,0.0006,40.0
CONST:CHATRA,CHATRA,Constituency,1,300000.0,65.4,0,0.0012,40.0
IDA:CHATRA(DEPUTY COMMISSIONER CHATRA_IDA),CHATRA(DEPUTY COMMISSIONER CHATRA_IDA),IDA,1,300000.0,65.4,0,0.0006,40.0
MP:C.M.RAMESH,C.M.RAMESH,MP,1,2480752.0,50.9,0,0.0006,40.0
CONST:ANAKAPALLE,ANAKAPALLE,Constituency,1,2480752.0,50.9,0,0.0012,40.0
"IDA:PITHORAGARH(NRLM , pithoragarh)","PITHORAGARH(NRLM , pithoragarh)",IDA,1,200000.0,43.3,0,0.0006,15.0
MP:ANIL YESHWANT DESAI,ANIL YESHWANT DESAI,MP,16,43500000.0,74.8,16,0.0006,85.0
CONST:MUMBAI SOUTH CENTRAL,MUMBAI SOUTH CENTRAL,Constituency,16,43500000.0,74.8,16,0.0012,85.0
