state,ida,total_works,total_sanction_amount,mean_work_amount,mean_risk_score,critical_high_count,critical_pct,state_avg_risk,risk_variance_vs_state,geographic_risk_score,geographic_reason
Andaman And Nicobar Islands,NORTH AND MIDDLE ANDAMAN(Implementing District Authority(N&MA)),2,4996416.0,2498208.0,55.55,0,0.0,50.07142857142857,5.478571428571428,40.0,District and IDA parameters match regional baseline standards.
Andaman And Nicobar Islands,SOUTH ANDAMANS(Implementing District Authority(SA)),5,13735928.0,2747185.6,47.88,0,0.0,50.07142857142857,-2.191428571428567,20.0,District and IDA parameters match regional baseline standards.
Andhra Pradesh,Alluri Sitharama Raju(DISTRICT COLLECTOR ALLURI SITHARAMARAJU_IDA),23,34628400.0,1505582.608695652,59.06521739130435,15,65.21739130434783,28.444475138121547,30.620742253182804,85.0,IDA average risk (59.1) is significantly higher than state baseline (28.4). | High concentration of flagged projects (65.2% critical/high risk).
Andhra Pradesh,Ananthapuramu(DISTRICT COLLECTOR ANANTAPUR_IDA),45,39966186.0,888137.4666666667,27.439999999999998,4,8.88888888888889,28.444475138121547,-1.004475138121549,20.0,District and IDA parameters match regional baseline standards.
Andhra Pradesh,Annamayya(DISTRICT COLLECTOR ANNAMAYYA_IDA),67,23942394.0,357349.1641791045,18.202985074626863,0,0.0,28.444475138121547,-10.241490063494684,20.0,District and IDA parameters match regional baseline standards.
Andhra Pradesh,Bapatla(DISTRICT COLLECTOR BAPATLA_IDA),1,1000000.0,1000000.0,56.4,0,0.0,28.444475138121547,27.95552486187845,55.0,IDA average risk (56.4) is significantly higher than state baseline (28.4).
Andhra Pradesh,CHITTOOR(DISTRICT COLLECTOR CHITTOOR_IDA),158,59684370.0,377749.17721518985,22.530379746835443,4,2.5316455696202533,28.444475138121547,-5.914095391286104,30.0,Unusually high project concentration (158 works sanctioned).
Andhra Pradesh,Dr. B.R. Ambedkar Konaseema(DISTRICT COLLECTOR Dr B R AMBEDKAR KONASEEMA_IDA),15,35966597.0,2397773.1333333333,23.62,0,0.0,28.444475138121547,-4.824475138121546,20.0,District and IDA parameters match regional baseline standards.
Andhra Pradesh,"EAST GODAVARI(DISTRICT COLLECTOR, EAST GODAVARI)",22,64250000.0,2920454.5454545454,42.14545454545455,0,0.0,28.444475138121547,13.700979407333001,40.0,IDA average risk (42.1) is significantly higher than state baseline (28.4).
Andhra Pradesh,Eluru(DISTRICT COLLECTOR ELURU_IDA),61,41569092.0,681460.524590164,68.80327868852459,49,80.32786885245902,28.444475138121547,40.35880355040304,85.0,IDA average risk (68.8) is significantly higher than state baseline (28.4). | High concentration of flagged projects (80.3% critical/high risk).
Andhra Pradesh,GUNTUR(DISTRICT COLLECTOR GUNTUR_IDA),22,32472812.0,1476036.9090909092,53.777272727272724,5,22.727272727272727,28.444475138121547,25.332797589151177,70.0,IDA average risk (53.8) is significantly higher than state baseline (28.4). | High concentration of flagged projects (22.7% critical/high risk).
Andhra Pradesh,KRISHNA(DISTRICT COLLECTOR KRISHNA_IDA),17,16033559.0,943150.5294117647,42.21176470588235,5,29.411764705882355,28.444475138121547,13.767289567760805,70.0,IDA average risk (42.2) is significantly higher than state baseline (28.4). | High concentration of flagged projects (29.4% critical/high risk).
Andhra Pradesh,KURNOOL(DISTRICT COLLECTOR KURNOOL_IDA),82,26381594.0,321726.756097561,19.94878048780488,0,0.0,28.444475138121547,-8.495694650316668,30.0,District and IDA parameters match regional baseline standards.
Andhra Pradesh,Kakinada(DISTRICT COLLECTOR KAKINADA_IDA),13,21220164.0,1632320.3076923077,28.492307692307694,0,0.0,28.444475138121547,0.04783255418614729,20.0,District and IDA parameters match regional baseline standards.
Andhra Pradesh,Nandyal(DISTRICT COLLECTOR NANDYAL_IDA),76,37423392.0,492413.05263157893,23.594736842105263,6,7.894736842105263,28.444475138121547,-4.849738296016284,30.0,District and IDA parameters match regional baseline standards.
Andhra Pradesh,PRAKASAM(DISTRICT COLLECTOR PRAKASAM_IDA),3,4105400.0,1368466.6666666667,38.86666666666667,0,0.0,28.444475138121547,10.42219152854512,40.0,IDA average risk (38.9) is significantly higher than state baseline (28.4).
Andhra Pradesh,Parvathipuram Manyam(District Collector Parvathipuram Manyam_IDA),20,6150000.0,307500.0,38.05,0,0.0,28.444475138121547,9.60552486187845,40.0,District and IDA parameters match regional baseline standards.
Andhra Pradesh,SRIKAKULAM(District Collector Srikakulam_IDA),73,47039893.0,644382.095890411,18.173972602739727,0,0.0,28.444475138121547,-10.27050253538182,20.0,District and IDA parameters match regional baseline standards.
Andhra Pradesh,Sri Potti Sriramulu Nellore(DISTRICT COLLECTOR NELLORE_IDA),87,48599620.0,558616.3218390804,18.1816091954023,2,2.2988505747126435,28.444475138121547,-10.262865942719248,30.0,District and IDA parameters match regional baseline standards.
Andhra Pradesh,Sri Sathya Sai(DISTRICT COLLECTOR SRI SATHYA SAI_IDA),48,40249593.0,838533.1875,30.506249999999998,10,20.833333333333336,28.444475138121547,2.061774861878451,35.0,High concentration of flagged projects (20.8% critical/high risk).
Andhra Pradesh,Tirupati(DISTRICT COLLECTOR TIRUPATI_IDA),127,39182035.0,308519.96062992123,19.785826771653543,4,3.149606299212598,28.444475138121547,-8.658648366468004,30.0,District and IDA parameters match regional baseline standards.
Andhra Pradesh,VIZIANAGARAM(DISTRICT COLLECTOR VIZIANAGARAM_IDA),37,22331649.0,603558.0810810811,17.74054054054054,0,0.0,28.444475138121547,-10.703934597581007,20.0,District and IDA parameters match regional baseline standards.
Andhra Pradesh,Y.S.R. Kadapa(DISTRICT COLLECTOR CUDDAPAH_IDA),89,41092645.0,461715.11235955055,43.40898876404494,6,6.741573033707865,28.444475138121547,14.964513625923395,50.0,IDA average risk (43.4) is significantly higher than state baseline (28.4).
Arunachal Pradesh,ANJAW(Deputy Commisioner Anjaw_IDA),2,4000000.0,2000000.0,35.5,0,0.0,27.202083333333334,8.297916666666666,40.0,District and IDA parameters match regional baseline standards.
Arunachal Pradesh,DIBANG VALLEY(Deputy Commisioner Dibang Valley_IDA),1,1200000.0,1200000.0,54.1,0,0.0,27.202083333333334,26.897916666666667,55.0,IDA average risk (54.1) is significantly higher than state baseline (27.2).
Arunachal Pradesh,EAST SIANG(Deputy Commisioner East Siang_IDA),18,17800000.0,988888.8888888889,32.95,0,0.0,27.202083333333334,5.747916666666669,40.0,District and IDA parameters match regional baseline standards.
Arunachal Pradesh,LOHIT(DEPUTY COMMISSIONER LOHIT_IDA),3,2600000.0,866666.6666666666,34.199999999999996,0,0.0,27.202083333333334,6.9979166666666615,40.0,District and IDA parameters match regional baseline standards.
Arunachal Pradesh,LONGDING(Deputy Commisioner Longding_IDA),3,3000000.0,1000000.0,12.9,0,0.0,27.202083333333334,-14.302083333333334,20.0,District and IDA parameters match regional baseline standards.
Arunachal Pradesh,LOWER DIBANG VALLEY(Deputy Commisioner Lower Dibang Valley_IDA),7,8100000.0,1157142.857142857,20.428571428571427,0,0.0,27.202083333333334,-6.773511904761907,20.0,District and IDA parameters match regional baseline standards.
Arunachal Pradesh,LOWER SIANG(Deputy Commisioner Lower Siang_IDA),2,1800000.0,900000.0,34.95,0,0.0,27.202083333333334,7.747916666666669,40.0,District and IDA parameters match regional baseline standards.
Arunachal Pradesh,NAMSAI(Deputy Commisioner Namsai_IDA),8,6495613.0,811951.625,12.924999999999999,0,0.0,27.202083333333334,-14.277083333333335,20.0,District and IDA parameters match regional baseline standards.
Arunachal Pradesh,SIANG(Deputy Commisioner Siang_IDA),2,2000000.0,1000000.0,30.799999999999997,0,0.0,27.202083333333334,3.597916666666663,20.0,District and IDA parameters match regional baseline standards.
Arunachal Pradesh,TIRAP(DEPUTY COMMISSIONER TIRAP_IDA),1,1000000.0,1000000.0,12.9,0,0.0,27.202083333333334,-14.302083333333334,20.0,District and IDA parameters match regional baseline standards.
Arunachal Pradesh,"UPPER SIANG(DISTRICT PLANNING OFFICER,YINGKIONG)",1,2000000.0,2000000.0,55.4,0,0.0,27.202083333333334,28.197916666666664,55.0,IDA average risk (55.4) is significantly higher than state baseline (27.2).
Assam,BAKSA(DEPUTY COMMISSIONER BAKSA_IDA),1,400000.0,400000.0,54.6,0,0.0,44.2093023255814,10.390697674418604,40.0,IDA average risk (54.6) is significantly higher than state baseline (44.2).
Assam,BARPETA(DEPUTY COMMISSIONER BARPETA 1),12,7850000.0,654166.6666666666,57.99166666666667,1,8.333333333333332,44.2093023255814,13.78236434108527,40.0,IDA average risk (58.0) is significantly higher than state baseline (44.2).
Assam,BONGAIGAON(Deputy Commissioner Bongaigaon_IDA),17,16798000.0,988117.6470588235,53.1764705882353,2,11.76470588235294,44.2093023255814,8.9671682626539,55.0,District and IDA parameters match regional baseline standards.
Assam,Biswanath(Deputy Commissioner Biswanath_IDA),18,13440109.0,746672.7222222222,37.00555555555556,1,5.555555555555555,44.2093023255814,-7.2037467700258375,20.0,District and IDA parameters match regional baseline standards.
Assam,CHARAIDEO(Deputy Commissioner Charaideo_IDA),39,8149156.0,208952.71794871794,54.282051282051285,1,2.564102564102564,44.2093023255814,10.072748956469887,40.0,IDA average risk (54.3) is significantly higher than state baseline (44.2).
Assam,CHIRANG(Deputy Commissioner Chirang_IDA),11,7600000.0,690909.0909090909,56.6,0,0.0,44.2093023255814,12.390697674418604,40.0,IDA average risk (56.6) is significantly higher than state baseline (44.2).
Assam,DHEMAJI(DEPUTY COMMISSIONER DHEMAJI_IDA),38,23950000.0,630263.1578947369,40.828947368421055,0,0.0,44.2093023255814,-3.3803549571603426,20.0,District and IDA parameters match regional baseline standards.
Assam,DHUBRI(DEPUTY COMMISSIONER DHUBRI_IDA),29,15049919.0,518962.724137931,37.07931034482758,0,0.0,44.2093023255814,-7.129991980753815,20.0,District and IDA parameters match regional baseline standards.
Assam,DIBRUGARH(DEPUTY COMMISSIONER DIBRUGARH_IDA),12,10500000.0,875000.0,49.416666666666664,1,8.333333333333332,44.2093023255814,5.207364341085267,40.0,District and IDA parameters match regional baseline standards.
Assam,DIMA HASAO(DEPUTY COMMISSIONER Dima Hasao_IDA),1,5000000.0,5000000.0,79.1,1,100.0,44.2093023255814,34.8906976744186,85.0,IDA average risk (79.1) is significantly higher than state baseline (44.2). | High concentration of flagged projects (100.0% critical/high risk).
Assam,GOALPARA(Deputy Commissioner Goalpara_IDA),39,22250000.0,570512.8205128205,39.55641025641026,0,0.0,44.2093023255814,-4.652892069171138,20.0,District and IDA parameters match regional baseline standards.
Assam,JORHAT(DEPUTY COMMISSIONER JORHAT_IDA),64,14000000.0,218750.0,42.9015625,3,4.6875,44.2093023255814,-1.3077398255814003,20.0,District and IDA parameters match regional baseline standards.
Assam,KAMRUP METRO(DEPUTY COMMISSIONER KAMRUP METROPOLITAN_IDA),20,24650000.0,1232500.0,44.714999999999996,1,5.0,44.2093023255814,0.5056976744185988,20.0,District and IDA parameters match regional baseline standards.
Assam,KAMRUP(DEPUTY COMMISSIONER KAMRUP_IDA),8,4800000.0,600000.0,51.9125,1,12.5,44.2093023255814,7.703197674418604,55.0,District and IDA parameters match regional baseline standards.
Assam,KARBI ANGLONG(DEPUTY COMMISSIONER KARBI ANGLONG_IDA),42,38882540.0,925774.7619047619,27.595238095238095,0,0.0,44.2093023255814,-16.614064230343303,20.0,District and IDA parameters match regional baseline standards.
Assam,LAKHIMPUR(DEPUTY COMMISSIONER LAKHIMPUR_IDA),24,15850000.0,660416.6666666666,36.375,0,0.0,44.2093023255814,-7.8343023255813975,20.0,District and IDA parameters match regional baseline standards.
Assam,"MAJULI(District Commissioner, Majuli)",21,4850000.0,230952.38095238095,26.428571428571427,0,0.0,44.2093023255814,-17.78073089700997,20.0,District and IDA parameters match regional baseline standards.
Assam,MARIGAON(District Development Commissioner Morigaon),49,22890000.0,467142.85714285716,43.73265306122449,5,10.204081632653061,44.2093023255814,-0.476649264356908,35.0,District and IDA parameters match regional baseline standards.
Assam,NAGAON(DEPUTY COMMISSIONER NOWGONG_IDA),40,19706000.0,492650.0,45.29,10,25.0,44.2093023255814,1.0806976744186017,50.0,High concentration of flagged projects (25.0% critical/high risk).
Assam,SIVASAGAR(Deputy Commissioner Sivsagar_IDA),37,7946628.0,214773.72972972973,57.03243243243243,7,18.91891891891892,44.2093023255814,12.823130106851032,55.0,IDA average risk (57.0) is significantly higher than state baseline (44.2).
Assam,"SONITPUR(Deputy Commissioner Sonitpur, Tezpur)",24,18167316.0,756971.5,41.300000000000004,0,0.0,44.2093023255814,-2.9093023255813932,20.0,District and IDA parameters match regional baseline standards.
Assam,SOUTH SALMARA MANCACHAR(Deputy Commissioner South Salmara Mankachar_IDA),8,4300000.0,537500.0,48.55,2,25.0,44.2093023255814,4.3406976744186,50.0,High concentration of flagged projects (25.0% critical/high risk).
Assam,TINSUKIA(DC Tinsukia),34,25742773.0,757140.3823529412,53.75588235294118,2,5.88235294117647,44.2093023255814,9.54658002735978,40.0,District and IDA parameters match regional baseline standards.
Assam,UDALGURI(DEPUTY COMMISSIONER Udalguri_IDA),6,2000000.0,333333.3333333333,65.01666666666667,3,50.0,44.2093023255814,20.807364341085268,85.0,IDA average risk (65.0) is significantly higher than state baseline (44.2). | High concentration of flagged projects (50.0% critical/high risk).
Assam,WEST KARBI ANGLONG(DISTRICT COMMISSIONER WEST KARBI ANGLONG),8,3401202.0,425150.25,50.975,1,12.5,44.2093023255814,6.765697674418604,55.0,District and IDA parameters match regional baseline standards.
Bihar,ARARIA(DISTRICT PLANNING OFFICER ARARIA_IDA),26,62323127.0,2397043.346153846,19.43076923076923,0,0.0,40.869725940089225,-21.438956709319996,20.0,District and IDA parameters match regional baseline standards.
Bihar,AURANGABAD(DISTRICT PLANNING OFFICER AURANGABAD_IDA),82,38539750.0,469996.9512195122,41.390243902439025,19,23.170731707317074,40.869725940089225,0.5205179623497997,45.0,High concentration of flagged projects (23.2% critical/high risk).
Bihar,BANKA(DISTRICT PLANNING OFFICER BANKA_IDA),19,23072986.0,1214367.6842105263,30.168421052631576,0,0.0,40.869725940089225,-10.701304887457649,20.0,District and IDA parameters match regional baseline standards.
Bihar,BEGUSARAI(DISTRICT PLANNING OFFICER BEGUSARAI_IDA),30,39205522.0,1306850.7333333334,24.476666666666667,0,0.0,40.869725940089225,-16.39305927342256,20.0,District and IDA parameters match regional baseline standards.
Bihar,BHAGALPUR(DISTRICT PLANNING OFFICER BHAGALPUR_IDA),36,42499582.0,1180543.9444444445,19.580555555555556,0,0.0,40.869725940089225,-21.28917038453367,20.0,District and IDA parameters match regional baseline standards.
Bihar,BHOJPUR(DISTRICT PLANNING OFFICER BHOJPUR ARRAH_IDA),7,8545137.0,1220733.857142857,40.17142857142857,0,0.0,40.869725940089225,-0.6982973686606542,20.0,District and IDA parameters match regional baseline standards.
Bihar,BUXAR(DISTRICT PLANNING OFFICER BUXAR_IDA),20,22885096.0,1144254.8,39.69,2,10.0,40.869725940089225,-1.1797259400892273,35.0,District and IDA parameters match regional baseline standards.
Bihar,DARBHANGA(DISTRICT PLANNING OFFICER DARBANGA_IDA),138,68498064.0,496362.7826086957,32.77391304347826,13,9.420289855072465,40.869725940089225,-8.095812896610965,30.0,District and IDA parameters match regional baseline standards.
Bihar,GAYA(DISTRICT PLANNING OFFICER GAYA_IDA),261,104566530.0,400638.0459770115,47.47088122605364,78,29.88505747126437,40.869725940089225,6.601155285964417,85.0,High concentration of flagged projects (29.9% critical/high risk). | Unusually high project concentration (261 works sanctioned).
Bihar,GOPALGANJ(DISTRICT PLANNING OFFICER GOPALGANJ_IDA),38,39245507.0,1032776.5,66.6421052631579,27,71.05263157894737,40.869725940089225,25.772379323068677,85.0,IDA average risk (66.6) is significantly higher than state baseline (40.9). | High concentration of flagged projects (71.1% critical/high risk).
Bihar,JAMUI(DISTRICT PLANNING OFFICER JAMUI_IDA),55,22487210.0,408858.36363636365,72.24545454545455,54,98.18181818181819,40.869725940089225,31.375728605365325,85.0,IDA average risk (72.2) is significantly higher than state baseline (40.9). | High concentration of flagged projects (98.2% critical/high risk).
Bihar,KAIMUR (BHABUA)(DISTRICT PLANNING OFFICER KAIMUR BHABUA_IDA),81,67390644.0,831983.2592592592,29.31604938271605,2,2.4691358024691357,40.869725940089225,-11.553676557373176,30.0,District and IDA parameters match regional baseline standards.
Bihar,KATIHAR(DISTRICT PLANNING OFFICER KATIHAR_IDA),27,26660060.0,987409.6296296297,74.92962962962963,27,100.0,40.869725940089225,34.059903689540405,85.0,IDA average risk (74.9) is significantly higher than state baseline (40.9). | High concentration of flagged projects (100.0% critical/high risk).
Bihar,KHAGARIA(DISTRICT PLANNING OFFICER KHAGARIA_IDA),38,38668789.0,1017599.7105263158,44.613157894736844,16,42.10526315789473,40.869725940089225,3.743431954647619,50.0,High concentration of flagged projects (42.1% critical/high risk).
Bihar,KISHANGANJ(DISTRICT PLANNING OFFICER KISHANGANJ_IDA),51,33104100.0,649100.0,13.656862745098039,0,0.0,40.869725940089225,-27.212863194991186,20.0,District and IDA parameters match regional baseline standards.
Bihar,MADHEPURA(DISTRICT PLANNING OFFICER MADHEPURA_IDA),2,2846625.0,1423312.5,26.25,0,0.0,40.869725940089225,-14.619725940089225,20.0,District and IDA parameters match regional baseline standards.
Bihar,MADHUBANI(DISTRICT PLANNING OFFICER MADHUBANI_IDA),85,88550206.0,1041767.1294117647,39.00705882352941,5,5.88235294117647,40.869725940089225,-1.8626671165598125,30.0,District and IDA parameters match regional baseline standards.
Bihar,MUNGER(DISTRICT PLANNING OFFICER MUNGER_IDA),5,4700000.0,940000.0,74.6,5,100.0,40.869725940089225,33.73027405991077,85.0,IDA average risk (74.6) is significantly higher than state baseline (40.9). | High concentration of flagged projects (100.0% critical/high risk).
Bihar,MUZAFFARPUR(DISTRICT PLANNING OFFICER MUZAFFARPUR_IDA),64,125591933.0,1962373.953125,35.3734375,18,28.125,40.869725940089225,-5.496288440089224,50.0,High concentration of flagged projects (28.1% critical/high risk).
Bihar,NALANDA(DISTRICT PLANNING OFFICER NALANDA_IDA),1,4799355.0,4799355.0,37.2,0,0.0,40.869725940089225,-3.669725940089222,20.0,District and IDA parameters match regional baseline standards.
Bihar,PASHCHIM CHAMPARAN(DISTRICT PLANNING OFFICER WEST CHAMPARANBETTIAH_IDA),55,42184688.0,766994.3272727273,43.89090909090909,0,0.0,40.869725940089225,3.0211831508198657,20.0,District and IDA parameters match regional baseline standards.
Bihar,PATNA(DISTRICT PLANNING OFFICER PATNA_IDA),48,37399974.0,779166.125,18.114583333333332,0,0.0,40.869725940089225,-22.755142606755893,20.0,District and IDA parameters match regional baseline standards.
Bihar,PURBI CHAMPARAN(DISTRICT PLANNING OFFICER MOTHIHARI EAST CHAMPARAN_IDA),43,47042670.0,1094015.5813953488,30.08139534883721,1,2.3255813953488373,40.869725940089225,-10.788330591252016,20.0,District and IDA parameters match regional baseline standards.
Bihar,PURNIA(DISTRICT PLANNING OFFICER PURNIA_IDA),68,61744818.0,908012.0294117647,23.019117647058824,0,0.0,40.869725940089225,-17.8506082930304,20.0,District and IDA parameters match regional baseline standards.
Bihar,ROHTAS(District Planning Officer Rohtas_IDA),51,39857208.0,781513.8823529412,38.25686274509804,8,15.686274509803921,40.869725940089225,-2.612863194991185,35.0,District and IDA parameters match regional baseline standards.
Bihar,SAHARSA(DISTRICT PLANNING OFFICER SAHARSA_IDA),30,37351044.0,1245034.8,21.37,1,3.3333333333333335,40.869725940089225,-19.499725940089224,20.0,District and IDA parameters match regional baseline standards.
Bihar,SAMASTIPUR(DISTRICT PLANNING OFFICER SAMASTIPUR_IDA),38,20542174.0,540583.5263157894,34.82368421052632,0,0.0,40.869725940089225,-6.0460417295629085,20.0,District and IDA parameters match regional baseline standards.
Bihar,SARAN(DISTRICT PLANNING OFFICE SARAN CHAPRA_IDA),6,12000000.0,2000000.0,17.4,0,0.0,40.869725940089225,-23.469725940089226,20.0,District and IDA parameters match regional baseline standards.
Bihar,SHEIKHPURA(DISTRICT PLANNING OFFICER SHEIKHPURA_IDA),5,4967265.0,993453.0,75.2,5,100.0,40.869725940089225,34.33027405991078,85.0,IDA average risk (75.2) is significantly higher than state baseline (40.9). | High concentration of flagged projects (100.0% critical/high risk).
Bihar,SITAMARHI(DISTRICT PLANNING OFFICER SITAMARHI_IDA),56,15817152.0,282449.14285714284,56.99642857142857,39,69.64285714285714,40.869725940089225,16.12670263133934,85.0,IDA average risk (57.0) is significantly higher than state baseline (40.9). | High concentration of flagged projects (69.6% critical/high risk).
Bihar,SIWAN(DISTRICT PLANNING OFFICER SIWAN_IDA),57,56845578.0,997290.8421052631,71.04736842105264,55,96.49122807017544,40.869725940089225,30.177642480963414,85.0,IDA average risk (71.0) is significantly higher than state baseline (40.9). | High concentration of flagged projects (96.5% critical/high risk).
Bihar,SUPAUL(DISTRICT PLANNING OFFICER SUPAUL_IDA),43,56701336.0,1318635.7209302327,67.18837209302325,34,79.06976744186046,40.869725940089225,26.318646152934022,85.0,IDA average risk (67.2) is significantly higher than state baseline (40.9). | High concentration of flagged projects (79.1% critical/high risk).
Bihar,VAISHALI(DISTRICT PLANNING OFFICER VAISHALI_IDA),3,975000.0,325000.0,72.96666666666667,3,100.0,40.869725940089225,32.096940726577444,85.0,IDA average risk (73.0) is significantly higher than state baseline (40.9). | High concentration of flagged projects (100.0% critical/high risk).
Chandigarh,CHANDIGARH(DEPUTY COMMISSIONER ZILLA PARISHAD CHANDIGARH_IDA),23,14246994.0,619434.5217391305,16.09565217391304,0,0.0,16.09565217391304,0.0,20.0,District and IDA parameters match regional baseline standards.
Chhattisgarh,BALOD(Collector Balod_IDA),11,6363200.0,578472.7272727273,36.800000000000004,2,18.181818181818183,33.51194379391101,3.2880562060889957,35.0,District and IDA parameters match regional baseline standards.
Chhattisgarh,BASTAR(DISTRICT COLLECTOR BASTAR_IDA),59,27480197.0,465766.0508474576,24.36610169491525,0,0.0,33.51194379391101,-9.145842098995757,20.0,District and IDA parameters match regional baseline standards.
Chhattisgarh,BEMETARA(Collector Bemetara_IDA),11,6510837.0,591894.2727272727,67.17272727272727,10,90.9090909090909,33.51194379391101,33.66078347881626,85.0,IDA average risk (67.2) is significantly higher than state baseline (33.5). | High concentration of flagged projects (90.9% critical/high risk).
Chhattisgarh,BIJAPUR(Collector Bijapur_IDA),15,11604752.0,773650.1333333333,24.339999999999996,0,0.0,33.51194379391101,-9.171943793911012,20.0,District and IDA parameters match regional baseline standards.
Chhattisgarh,BILASPUR(DISTRICT COLLECTOR BILASPUR_IDA),43,29704118.0,690793.4418604651,26.78837209302326,0,0.0,33.51194379391101,-6.723571700887749,20.0,District and IDA parameters match regional baseline standards.
Chhattisgarh,Balodabazar-Bhatapara(Collector Baloda Bazar_IDA),13,9734868.0,748836.0,27.623076923076926,0,0.0,33.51194379391101,-5.888866870834082,20.0,District and IDA parameters match regional baseline standards.
Chhattisgarh,Balrampur-Ramanujganj(District Collector BALRAMPUR_IDA),19,15942146.0,839060.3157894737,40.52105263157895,0,0.0,33.51194379391101,7.009108837667938,40.0,District and IDA parameters match regional baseline standards.
Chhattisgarh,DHAMTARI(DISTRICT COLLECTOR DHAMTARI_IDA),9,7098424.0,788713.7777777778,26.855555555555554,0,0.0,33.51194379391101,-6.656388238355454,20.0,District and IDA parameters match regional baseline standards.
Chhattisgarh,DURG(DISTRICT COLLECTOR DURG_IDA),49,11137181.0,227289.4081632653,68.3265306122449,43,87.75510204081633,33.51194379391101,34.814586818333886,85.0,IDA average risk (68.3) is significantly higher than state baseline (33.5). | High concentration of flagged projects (87.8% critical/high risk).
Chhattisgarh,GARIYABAND(Collectro Gariaband_IDA),21,9300000.0,442857.14285714284,43.666666666666664,8,38.095238095238095,33.51194379391101,10.154722872755656,70.0,IDA average risk (43.7) is significantly higher than state baseline (33.5). | High concentration of flagged projects (38.1% critical/high risk).
Chhattisgarh,Gaurela-Pendra-Marwahi(Collector GPM_IDA),42,14322211.0,341005.0238095238,19.97142857142857,0,0.0,33.51194379391101,-13.540515222482437,20.0,District and IDA parameters match regional baseline standards.
Chhattisgarh,JANJGIR-CHAMPA(DISTRICT COLLECTOR JANJGIR CHAMPA_IDA),19,15250491.0,802657.4210526316,23.594736842105263,3,15.789473684210526,33.51194379391101,-9.917206951805746,35.0,District and IDA parameters match regional baseline standards.
Chhattisgarh,JASHPUR(DISTRICT COLLECTOR JASHPUR_IDA),17,14396637.0,846861.0,60.63529411764706,13,76.47058823529412,33.51194379391101,27.123350323736048,85.0,IDA average risk (60.6) is significantly higher than state baseline (33.5). | High concentration of flagged projects (76.5% critical/high risk).
Chhattisgarh,KONDAGAON(DISTRICT COLLECTOR KONDAGAON_IDA),15,9476500.0,631766.6666666666,45.026666666666664,1,6.666666666666667,33.51194379391101,11.514722872755655,40.0,IDA average risk (45.0) is significantly higher than state baseline (33.5).
Chhattisgarh,KORBA(Collector-Korba),92,31810463.0,345765.902173913,22.028260869565216,0,0.0,33.51194379391101,-11.483682924345793,30.0,District and IDA parameters match regional baseline standards.
Chhattisgarh,KOREA(Collector Korea_IDA),1,300000.0,300000.0,54.1,0,0.0,33.51194379391101,20.588056206088993,55.0,IDA average risk (54.1) is significantly higher than state baseline (33.5).
Chhattisgarh,MAHASAMUND(DISTRICT COLLECTOR MAHASAMUND_IDA),55,34313836.0,623887.9272727272,47.14363636363637,23,41.81818181818181,33.51194379391101,13.63169256972536,70.0,IDA average risk (47.1) is significantly higher than state baseline (33.5). | High concentration of flagged projects (41.8% critical/high risk).
Chhattisgarh,MUNGELI(Collector Mungeli_IDA),26,15194797.0,584415.2692307692,28.965384615384615,0,0.0,33.51194379391101,-4.546559178526394,20.0,District and IDA parameters match regional baseline standards.
Chhattisgarh,Manendragarh-Chirmiri-Bharatpur(M C B)(Collector MCB_IDA),3,1000000.0,333333.3333333333,13.9,0,0.0,33.51194379391101,-19.61194379391101,20.0,District and IDA parameters match regional baseline standards.
Chhattisgarh,Mohla-Manpur-Ambagarh Chouki(Collector MMC_IDA),1,2499475.0,2499475.0,36.1,0,0.0,33.51194379391101,2.588056206088993,20.0,District and IDA parameters match regional baseline standards.
Chhattisgarh,NARAYANPUR(Collector Narayanpur_IDA),2,1186000.0,593000.0,34.7,0,0.0,33.51194379391101,1.1880562060889943,20.0,District and IDA parameters match regional baseline standards.
Chhattisgarh,RAIGARH(DISTRICT COLLECTOR RAIGARH_IDA),33,21516713.0,652021.6060606061,57.76969696969697,13,39.39393939393939,33.51194379391101,24.257753175785965,85.0,IDA average risk (57.8) is significantly higher than state baseline (33.5). | High concentration of flagged projects (39.4% critical/high risk).
Chhattisgarh,RAIPUR(DISTRICT COLLECTOR RAIPUR_IDA),54,37340636.0,691493.2592592592,32.946296296296296,4,7.4074074074074066,33.51194379391101,-0.5656474976147123,20.0,District and IDA parameters match regional baseline standards.
Chhattisgarh,RAJNANDGAON(DISTRICT COLLECTOR RAJNANDGAON_IDA),13,5139888.0,395376.0,28.838461538461537,2,15.384615384615385,33.51194379391101,-4.673482255449471,35.0,District and IDA parameters match regional baseline standards.
Chhattisgarh,SAKTI(COLLECTOR SAKTI_IDA),40,32118740.0,802968.5,16.9975,1,2.5,33.51194379391101,-16.51444379391101,20.0,District and IDA parameters match regional baseline standards.
Chhattisgarh,SUKMA(Collector Sukma_IDA),12,5892910.0,491075.8333333333,25.65833333333333,0,0.0,33.51194379391101,-7.853610460577677,20.0,District and IDA parameters match regional baseline standards.
Chhattisgarh,SURAJPUR(DISTRICT COLLECTOR Surajpur_IDA),62,13202777.0,212948.01612903227,18.56451612903226,0,0.0,33.51194379391101,-14.947427664878749,20.0,District and IDA parameters match regional baseline standards.
Chhattisgarh,SURGUJA(Collector Surguja_IDA),71,22922984.0,322858.92957746476,22.146478873239435,4,5.633802816901409,33.51194379391101,-11.365464920671574,20.0,District and IDA parameters match regional baseline standards.
Chhattisgarh,Sarangarh-Bilaigarh(Collector SB_IDA),25,16367395.0,654695.8,53.675999999999995,17,68.0,33.51194379391101,20.164056206088986,85.0,IDA average risk (53.7) is significantly higher than state baseline (33.5). | High concentration of flagged projects (68.0% critical/high risk).
Chhattisgarh,Uttar Bastar Kanker(DISTRICT COLLECTOR KANKER_IDA),21,15332742.0,730130.5714285715,57.357142857142854,3,14.285714285714285,33.51194379391101,23.845199063231846,70.0,IDA average risk (57.4) is significantly higher than state baseline (33.5).
Delhi,CENTRAL(COMMISSIONER MCD (CENTRAL DISTRICT)),14,8688176.0,620584.0,39.33571428571429,4,28.57142857142857,41.14601769911504,-1.810303413400753,50.0,High concentration of flagged projects (28.6% critical/high risk).
Delhi,EAST(COMMISSIONER EAST),23,13257653.0,576419.695652174,53.31304347826087,13,56.52173913043478,41.14601769911504,12.167025779145831,70.0,IDA average risk (53.3) is significantly higher than state baseline (41.1). | High concentration of flagged projects (56.5% critical/high risk).
Delhi,NORTH WEST(COMMISSIONER NORTH WEST),17,14628992.0,860528.9411764706,22.735294117647058,1,5.88235294117647,41.14601769911504,-18.410723581467984,20.0,District and IDA parameters match regional baseline standards.
Delhi,NORTH(COMMISSIONER MCD NORTH_IDA),19,10714698.0,563931.4736842106,25.7,2,10.526315789473683,41.14601769911504,-15.446017699115043,35.0,District and IDA parameters match regional baseline standards.
Delhi,SOUTH WEST(COMMISSIONER MCD SOUTH WEST),5,5576614.0,1115322.8,51.779999999999994,2,40.0,41.14601769911504,10.633982300884952,70.0,IDA average risk (51.8) is significantly higher than state baseline (41.1). | High concentration of flagged projects (40.0% critical/high risk).
Delhi,SOUTH(COMMISSIONER SOUTH),29,14402393.0,496634.2413793103,52.1448275862069,15,51.724137931034484,41.14601769911504,10.99880988709186,70.0,IDA average risk (52.1) is significantly higher than state baseline (41.1). | High concentration of flagged projects (51.7% critical/high risk).
Delhi,South East(COMMISSIONER MCD SOUTH EAST_IDA),4,8064243.0,2016060.75,29.0,0,0.0,41.14601769911504,-12.146017699115042,20.0,District and IDA parameters match regional baseline standards.
Delhi,WEST(COMMISSIONER MCD WEST),2,2204542.0,1102271.0,55.35,0,0.0,41.14601769911504,14.20398230088496,40.0,IDA average risk (55.4) is significantly higher than state baseline (41.1).
Goa,NORTH GOA(DISTRICT COLLECTOR NORTH GOA_IDA),21,11289949.0,537616.619047619,54.8,6,28.57142857142857,50.195,4.604999999999997,50.0,High concentration of flagged projects (28.6% critical/high risk).
Goa,SOUTH GOA(DISTRICT COLLECTOR SOUTH GOA_IDA),19,25081615.0,1320085.0,45.10526315789474,1,5.263157894736842,50.195,-5.0897368421052605,20.0,District and IDA parameters match regional baseline standards.
Gujarat,AMRELI(DISTRICT COLLECTOR AMRELI_IDA),95,35153475.0,370036.5789473684,34.52842105263158,3,3.1578947368421053,31.495449241540257,3.032971811091322,30.0,District and IDA parameters match regional baseline standards.
Gujarat,ANAND(District Collector ANAND_IDA),182,39275113.0,215797.32417582418,22.056043956043954,6,3.296703296703297,31.495449241540257,-9.439405285496303,30.0,Unusually high project concentration (182 works sanctioned).
Gujarat,ARVALLI(DISTRICT COLLECTOR ARVALLI_IDA),62,19400000.0,312903.22580645164,32.98064516129032,13,20.967741935483872,31.495449241540257,1.485195919750062,35.0,High concentration of flagged projects (21.0% critical/high risk).
Gujarat,Ahmedabad(DISTRICT COLLECTOR AHMADABAD_IDA),89,51234198.0,575665.1460674157,31.576404494382018,2,2.247191011235955,31.495449241540257,0.0809552528417612,30.0,District and IDA parameters match regional baseline standards.
Gujarat,BANAS KANTHA(DISTRICT COLLECTOR BANAS KANTHA_IDA),64,26494998.0,413984.34375,26.74375,1,1.5625,31.495449241540257,-4.751699241540258,20.0,District and IDA parameters match regional baseline standards.
Gujarat,BHARUCH(DISTRICT COLLECTOR BROACH_IDA),109,32188697.0,295309.1467889908,21.96697247706422,0,0.0,31.495449241540257,-9.528476764476036,30.0,District and IDA parameters match regional baseline standards.
Gujarat,BHAVNAGAR(DISTRICT COLLECTOR BHAVNAGAR_IDA),41,22944627.0,559625.0487804879,21.648780487804878,1,2.4390243902439024,31.495449241540257,-9.84666875373538,20.0,District and IDA parameters match regional baseline standards.
Gujarat,BOTAD(District collector Botad_IDA),10,7598732.0,759873.2,28.669999999999998,0,0.0,31.495449241540257,-2.825449241540259,20.0,District and IDA parameters match regional baseline standards.
Gujarat,CHHOTAUDEPUR(DISTRICT COLLECTOR CHHOTA UDEPUR_IDA),36,16936022.0,470445.05555555556,64.25277777777778,28,77.77777777777779,31.495449241540257,32.75732853623752,85.0,IDA average risk (64.3) is significantly higher than state baseline (31.5). | High concentration of flagged projects (77.8% critical/high risk).
Gujarat,DEVBHUMI DWARKA(DISTRICT COLLECTOR DEVBHUMI DWARKA_IDA),9,4479889.0,497765.44444444444,35.94444444444444,1,11.11111111111111,31.495449241540257,4.448995202904186,35.0,District and IDA parameters match regional baseline standards.
Gujarat,Dahod(DISTRICT COLLECTOR DOHAD_IDA),123,40881038.0,332366.162601626,55.49593495934959,51,41.46341463414634,31.495449241540257,24.000485717809333,95.0,IDA average risk (55.5) is significantly higher than state baseline (31.5). | High concentration of flagged projects (41.5% critical/high risk).
Gujarat,Dangs(DISTRICT COLLECTOR DANG_IDA),9,6078565.0,675396.1111111111,38.12222222222222,0,0.0,31.495449241540257,6.626772980681963,40.0,District and IDA parameters match regional baseline standards.
Gujarat,GANDHINAGAR(DISTRICT COLLECTOR GANDHINAGAR_IDA),92,36077192.0,392143.39130434784,37.35978260869565,4,4.3478260869565215,31.495449241540257,5.864333367155396,50.0,District and IDA parameters match regional baseline standards.
Gujarat,GIR SOMNATH(DISTRICT COLLECTOR GIR SOMNATH_IDA),24,7923704.0,330154.3333333333,34.22083333333333,0,0.0,31.495449241540257,2.7253840917930745,20.0,District and IDA parameters match regional baseline standards.
Gujarat,JAMNAGAR(DISTRICT COLLECTOR JAMNAGAR_IDA),8,4453803.0,556725.375,53.1625,1,12.5,31.495449241540257,21.667050758459744,70.0,IDA average risk (53.2) is significantly higher than state baseline (31.5).
Gujarat,JUNAGADH(DISTRICT COLLECTOR JUNAGADH_IDA),47,15303236.0,325600.7659574468,28.412765957446812,0,0.0,31.495449241540257,-3.082683284093445,20.0,District and IDA parameters match regional baseline standards.
Gujarat,KACHCHH(DISTRICT COLLECTOR KUTCH_IDA),75,30006195.0,400082.6,39.355999999999995,2,2.666666666666667,31.495449241540257,7.860550758459738,50.0,District and IDA parameters match regional baseline standards.
Gujarat,KHEDA(DISTRICT COLLECTOR KHEDA_IDA),174,35435432.0,203651.908045977,22.420114942528734,6,3.4482758620689653,31.495449241540257,-9.075334299011523,30.0,Unusually high project concentration (174 works sanctioned).
Gujarat,MAHESANA(DISTRICT COLLECTOR MAHESANA_IDA),222,47742978.0,215058.45945945947,35.01801801801802,8,3.6036036036036037,31.495449241540257,3.522568776477762,35.0,Unusually high project concentration (222 works sanctioned).
Gujarat,MORBI(District collector Morbi_IDA),41,14756397.0,359912.1219512195,30.190243902439022,0,0.0,31.495449241540257,-1.305205339101235,20.0,District and IDA parameters match regional baseline standards.
Gujarat,Mahisagar(COLLECTOR MAHISAGAR_IDA),35,5550000.0,158571.42857142858,35.862857142857145,1,2.857142857142857,31.495449241540257,4.367407901316888,20.0,District and IDA parameters match regional baseline standards.
Gujarat,NARMADA(DISTRICT COLLECTOR NARMADA_IDA),18,4721043.0,262280.1666666667,27.688888888888886,0,0.0,31.495449241540257,-3.8065603526513705,20.0,District and IDA parameters match regional baseline standards.
Gujarat,NAVSARI(DISTRICT COLLECTOR NAVSARI_IDA),206,48469976.0,235291.14563106795,20.962135922330095,0,0.0,31.495449241540257,-10.533313319210162,35.0,Unusually high project concentration (206 works sanctioned).
Gujarat,PANCH MAHALS(DISTRICT COLLECTOR PANCHMAHALS_IDA),201,39479200.0,196413.9303482587,41.09800995024876,35,17.412935323383085,31.495449241540257,9.602560708708502,70.0,Unusually high project concentration (201 works sanctioned).
Gujarat,PATAN(DISTRICT COLLECTOR PATAN_IDA),69,20543443.0,297731.05797101447,22.73913043478261,1,1.4492753623188406,31.495449241540257,-8.756318806757648,20.0,District and IDA parameters match regional baseline standards.
Gujarat,PORBANDAR(DISTRICT COLLECTOR PORBANDAR_IDA),25,7823793.0,312951.72,37.836,1,4.0,31.495449241540257,6.340550758459742,40.0,District and IDA parameters match regional baseline standards.
Gujarat,RAJKOT(DISTRICT COLLECTOR RAJKOT_IDA),99,37704350.0,380852.0202020202,30.74949494949495,3,3.0303030303030303,31.495449241540257,-0.7459542920453082,30.0,District and IDA parameters match regional baseline standards.
Gujarat,SABAR KANTHA(DISTRICT COLLECTOR SABARKANTHA_IDA),69,24196000.0,350666.6666666667,34.36376811594203,18,26.08695652173913,31.495449241540257,2.8683188744017727,50.0,High concentration of flagged projects (26.1% critical/high risk).
Gujarat,SURAT(DISTRICT COLLECTOR SURAT_IDA),138,39331659.0,285012.02173913043,29.814492753623185,2,1.4492753623188406,31.495449241540257,-1.6809564879170722,30.0,District and IDA parameters match regional baseline standards.
Gujarat,SURENDRANAGAR(DISTRICT COLLECTOR SURENDRANAGAR_IDA),49,24725299.0,504597.9387755102,32.734693877551024,2,4.081632653061225,31.495449241540257,1.239244636010767,20.0,District and IDA parameters match regional baseline standards.
Gujarat,TAPI(District collector Tapi_IDA),5,823500.0,164700.0,57.160000000000004,1,20.0,31.495449241540257,25.664550758459747,70.0,IDA average risk (57.2) is significantly higher than state baseline (31.5). | High concentration of flagged projects (20.0% critical/high risk).
Gujarat,VADODARA(DISTRICT COLLECTOR VADODARA_IDA),108,55668183.0,515446.1388888889,27.456481481481482,11,10.185185185185185,31.495449241540257,-4.038967760058775,45.0,District and IDA parameters match regional baseline standards.
Gujarat,VALSAD(DISTRICT COLLECTOR VALSAD_IDA),37,17268574.0,466718.2162162162,16.84864864864865,0,0.0,31.495449241540257,-14.646800592891609,20.0,District and IDA parameters match regional baseline standards.
Haryana,BHIWANI(DC Cum Nodal Officer MPLADS Bhiwani),23,7919617.0,344331.17391304346,39.84782608695652,4,17.391304347826086,37.8349344978166,2.012891589139926,35.0,District and IDA parameters match regional baseline standards.
Haryana,Charkhi Dadri(Deputy Commissioner Charkhi Dadri_IDA),9,1710440.0,190048.88888888888,47.43333333333333,3,33.33333333333333,37.8349344978166,9.598398835516733,70.0,High concentration of flagged projects (33.3% critical/high risk).
Haryana,FARIDABAD(DEPUTY COMMISSIONER FARIDABAD_IDA),2,1437396.0,718698.0,56.55,0,0.0,37.8349344978166,18.7150655021834,55.0,IDA average risk (56.5) is significantly higher than state baseline (37.8).
Haryana,FATEHABAD(Deputy Commissioner Fatehabad),2,4600000.0,2300000.0,64.55000000000001,0,0.0,37.8349344978166,26.715065502183414,55.0,IDA average risk (64.6) is significantly higher than state baseline (37.8).
Haryana,GURUGRAM(DC CUM NODAL OFFICER MPLADS_5),8,9485000.0,1185625.0,54.2875,0,0.0,37.8349344978166,16.452565502183404,55.0,IDA average risk (54.3) is significantly higher than state baseline (37.8).
Haryana,HISAR(DEPUTY COMMISSIONER HISSAR_IDA),136,54772470.0,402738.75,39.737500000000004,22,16.176470588235293,37.8349344978166,1.902565502183407,45.0,District and IDA parameters match regional baseline standards.
Haryana,JAIPUR(DISTRICT COLLECTOR JAIPUR_IDA),1,2100000.0,2100000.0,73.3,1,100.0,37.8349344978166,35.4650655021834,85.0,IDA average risk (73.3) is significantly higher than state baseline (37.8). | High concentration of flagged projects (100.0% critical/high risk).
Haryana,JHAJJAR(DEPUTY COMMISSIONER cum NODAL OFFICER MPLADS JHAJJAR),39,27950609.0,716682.282051282,39.37179487179487,6,15.384615384615385,37.8349344978166,1.5368603739782714,35.0,District and IDA parameters match regional baseline standards.
Haryana,JIND(DEPUTY COMMISSIONER JIND),26,20055276.0,771356.7692307692,33.30769230769231,2,7.6923076923076925,37.8349344978166,-4.527242190124291,20.0,District and IDA parameters match regional baseline standards.
Haryana,KAITHAL(DC CUM NODAL OFFICERS MPLADS),50,17887825.0,357756.5,41.456,11,22.0,37.8349344978166,3.6210655021834057,35.0,High concentration of flagged projects (22.0% critical/high risk).
Haryana,KURUKSHETRA(DEPUTY COMMISSIONER KURUKSHETRA_IDA),66,19268464.0,291946.42424242425,25.112121212121213,4,6.0606060606060606,37.8349344978166,-12.722813285695384,20.0,District and IDA parameters match regional baseline standards.
Haryana,MAHENDRAGARH(DEPUTY COMMISSIONER MAHENDRAGARH_IDA),9,7367970.0,818663.3333333334,34.5,1,11.11111111111111,37.8349344978166,-3.3349344978165973,35.0,District and IDA parameters match regional baseline standards.
Haryana,NUH(Deputy Commissioner Nuh),1,322000.0,322000.0,42.1,0,0.0,37.8349344978166,4.265065502183404,20.0,District and IDA parameters match regional baseline standards.
Haryana,PANIPAT(DC CUM NODAL OFFICER MPLADS),5,9122972.0,1824594.4,43.019999999999996,0,0.0,37.8349344978166,5.185065502183399,40.0,District and IDA parameters match regional baseline standards.
Haryana,REWARI(District Commissioner Rewari),12,13107691.0,1092307.5833333333,27.866666666666664,0,0.0,37.8349344978166,-9.968267831149934,20.0,District and IDA parameters match regional baseline standards.
Haryana,ROHTAK(DEPUTY COMMISSIONER ROHTAK_IDA),26,17812620.0,685100.7692307692,45.66923076923077,4,15.384615384615385,37.8349344978166,7.834296271414175,55.0,District and IDA parameters match regional baseline standards.
Haryana,SIRSA(DEPUTY COMMISSIONER SIRSA_IDA),5,4529844.0,905968.8,27.3,0,0.0,37.8349344978166,-10.534934497816597,20.0,District and IDA parameters match regional baseline standards.
Haryana,SONIPAT(DEPUTY COMMISSIONER SONEPAT_IDA),18,11651000.0,647277.7777777778,43.96111111111111,2,11.11111111111111,37.8349344978166,6.126176613294511,55.0,District and IDA parameters match regional baseline standards.
Haryana,YAMUNANAGAR(Deputy Commissioner YamunaNagar_IDA),20,5671000.0,283550.0,34.095,2,10.0,37.8349344978166,-3.7399344978165985,35.0,District and IDA parameters match regional baseline standards.
Himachal Pradesh,CHAMBA(DEPUTY COMMISSIONER CHAMBA_IDA),62,12797367.0,206409.14516129033,34.380645161290325,1,1.6129032258064515,37.14838012958963,-2.767734968299308,20.0,District and IDA parameters match regional baseline standards.
Himachal Pradesh,HAMIRPUR(DEPUTY COMMISSIONER HAMIRPUR_IDA),1,100000.0,100000.0,45.9,0,0.0,37.14838012958963,8.751619870410366,40.0,District and IDA parameters match regional baseline standards.
Himachal Pradesh,KANGRA(DEPUTY COMMISSIONER KANGRA_IDA),122,30669721.0,251391.15573770492,40.78770491803279,10,8.19672131147541,37.14838012958963,3.6393247884431545,30.0,District and IDA parameters match regional baseline standards.
Himachal Pradesh,KULLU(DEPUTY COMMISSIONER KULLU_IDA),12,8693740.0,724478.3333333334,37.81666666666667,1,8.333333333333332,37.14838012958963,0.6682865370770372,20.0,District and IDA parameters match regional baseline standards.
Himachal Pradesh,MANDI(DEPUTY COMMISSIONER MANDI_IDA),80,18688344.0,233604.3,28.83625,1,1.25,37.14838012958963,-8.312130129589633,30.0,District and IDA parameters match regional baseline standards.
Himachal Pradesh,SHIMLA(DEPUTY COMMISSIONER SHIMLA_IDA),53,11090000.0,209245.28301886792,32.762264150943395,0,0.0,37.14838012958963,-4.386115978646238,20.0,District and IDA parameters match regional baseline standards.
Himachal Pradesh,SIRMAUR(DEPUTY COMMISSIONER SIRMOUR_IDA),83,17130000.0,206385.5421686747,43.40602409638554,0,0.0,37.14838012958963,6.257643966795911,50.0,District and IDA parameters match regional baseline standards.
Himachal Pradesh,SOLAN(DEPUTY COMMISSIONER SOLAN_IDA),46,11590000.0,251956.52173913043,39.83695652173913,1,2.1739130434782608,37.14838012958963,2.6885763921495,20.0,District and IDA parameters match regional baseline standards.
Himachal Pradesh,UNA(DEPUTY COMMISSIOENR UNA_IDA),4,550000.0,137500.0,28.45,0,0.0,37.14838012958963,-8.698380129589633,20.0,District and IDA parameters match regional baseline standards.
Jammu And Kashmir,ANANTNAG(DEPUTY COMMISSIONER ANANTNAG_IDA),5,16869900.0,3373980.0,42.4,0,0.0,31.161290322580644,11.238709677419354,40.0,IDA average risk (42.4) is significantly higher than state baseline (31.2).
Jammu And Kashmir,BARAMULLA(DEPUTY COMMISSIONER BARAMULLAH_IDA),8,2200000.0,275000.0,51.4625,0,0.0,31.161290322580644,20.301209677419354,55.0,IDA average risk (51.5) is significantly higher than state baseline (31.2).
Jammu And Kashmir,Budgam(Deputy Commissioner  Budgam_IDA),7,6267189.0,895312.7142857143,51.31428571428571,0,0.0,31.161290322580644,20.152995391705065,55.0,IDA average risk (51.3) is significantly higher than state baseline (31.2).
Jammu And Kashmir,DODA(Deputy Commissioner Doda_IDA),12,2952200.0,246016.66666666666,27.558333333333334,0,0.0,31.161290322580644,-3.6029569892473106,20.0,District and IDA parameters match regional baseline standards.
Jammu And Kashmir,GANDERBAL(Deputy Commissioner Ganderbal_IDA),2,365998.0,182999.0,35.85,0,0.0,31.161290322580644,4.688709677419357,20.0,District and IDA parameters match regional baseline standards.
Jammu And Kashmir,JAMMU(DEPUTY COMMISSIONER JAMMU_IDA),46,27302383.0,593530.0652173914,36.28260869565217,1,2.1739130434782608,31.161290322580644,5.121318373071528,40.0,District and IDA parameters match regional baseline standards.
Jammu And Kashmir,KATHUA(DISTRICT DEVELOPMENT COMMISSIONER KATHUA_IDA),111,21491250.0,193614.86486486485,26.449549549549552,2,1.8018018018018018,31.161290322580644,-4.711740773031092,30.0,District and IDA parameters match regional baseline standards.
Jammu And Kashmir,KUPWARA(Deputy Commissioner Kupwara_IDA),10,4949431.0,494943.1,32.410000000000004,1,10.0,31.161290322580644,1.2487096774193596,35.0,District and IDA parameters match regional baseline standards.
Jammu And Kashmir,POONCH(Deputy Commissioner Poonch_IDA),2,1666000.0,833000.0,30.7,0,0.0,31.161290322580644,-0.46129032258064484,20.0,District and IDA parameters match regional baseline standards.
Jammu And Kashmir,PULWAMA(Deputy Commissioner  Pulwama_IDA),11,2744534.0,249503.0909090909,37.58181818181818,0,0.0,31.161290322580644,6.420527859237534,40.0,District and IDA parameters match regional baseline standards.
Jammu And Kashmir,RAMBAN(Deputy Commissioner Ramban_IDA),18,3609700.0,200538.88888888888,33.400000000000006,0,0.0,31.161290322580644,2.2387096774193616,20.0,District and IDA parameters match regional baseline standards.
Jammu And Kashmir,REASI(DC Reasi_2),1,993825.0,993825.0,24.3,0,0.0,31.161290322580644,-6.861290322580643,20.0,District and IDA parameters match regional baseline standards.
Jammu And Kashmir,SAMBA(Deputy Commissioner Samba_IDA),2,645500.0,322750.0,23.049999999999997,0,0.0,31.161290322580644,-8.111290322580647,20.0,District and IDA parameters match regional baseline standards.
Jammu And Kashmir,SHOPIAN(Deputy Commissioner Shopian_IDA),3,1410100.0,470033.3333333333,23.0,0,0.0,31.161290322580644,-8.161290322580644,20.0,District and IDA parameters match regional baseline standards.
Jammu And Kashmir,SRINAGAR(DEPUTY COMMISSIONER SRINAGAR_IDA),42,18807000.0,447785.71428571426,29.507142857142856,0,0.0,31.161290322580644,-1.654147465437788,20.0,District and IDA parameters match regional baseline standards.
Jammu And Kashmir,UDHAMPUR(Deputy Commissioner Udhampur_IDA),30,6495623.0,216520.76666666666,29.7,0,0.0,31.161290322580644,-1.4612903225806448,20.0,District and IDA parameters match regional baseline standards.
Jharkhand,BOKARO(DEPUTY COMMISSIONER BOKARO_IDA),372,22990000.0,61801.07526881721,31.42661290322581,0,0.0,33.259464627151054,-1.8328517239252449,35.0,Unusually high project concentration (372 works sanctioned).
Jharkhand,CHATRA(DEPUTY COMMISSIONER CHATRA_IDA),1,300000.0,300000.0,65.4,0,0.0,33.259464627151054,32.14053537284895,55.0,IDA average risk (65.4) is significantly higher than state baseline (33.3).
Jharkhand,DEOGHAR(DEPUTY COMMISSIONER DEOGHAR_IDA),21,7785510.0,370738.5714285714,30.176190476190477,0,0.0,33.259464627151054,-3.0832741509605768,20.0,District and IDA parameters match regional baseline standards.
Jharkhand,DUMKA(DEPUTY COMMISSIONER DUMKA_IDA),70,26300000.0,375714.28571428574,33.22428571428571,0,0.0,33.259464627151054,-0.035178912865340806,20.0,District and IDA parameters match regional baseline standards.
Jharkhand,GARHWA(Deputy Commissioner garhwa_IDA),44,18200000.0,413636.36363636365,36.775,0,0.0,33.259464627151054,3.5155353728489445,20.0,District and IDA parameters match regional baseline standards.
Jharkhand,GIRIDIH(Deputy Commissioner Giridh_IDA),111,25704174.0,231569.13513513515,38.57657657657658,2,1.8018018018018018,33.259464627151054,5.317111949425524,50.0,District and IDA parameters match regional baseline standards.
Jharkhand,GUMLA(DEPUTY COMMISSIONER GUMLA_IDA),39,19236065.0,493232.4358974359,30.292307692307695,1,2.564102564102564,33.259464627151054,-2.9671569348433593,20.0,District and IDA parameters match regional baseline standards.
Jharkhand,JAMTARA(Deputy Commissioner Jamtara_IDA),79,22200000.0,281012.6582278481,31.917721518987342,0,0.0,33.259464627151054,-1.341743108163712,30.0,District and IDA parameters match regional baseline standards.
Jharkhand,KHUNTI(DEPUTY COMMISSIONER KHUNTI_IDA),41,25550000.0,623170.731707317,29.582926829268295,0,0.0,33.259464627151054,-3.6765377978827587,20.0,District and IDA parameters match regional baseline standards.
Jharkhand,KODERMA(DEPUTY COMMISSIONER KODARMA_IDA),55,16325638.0,296829.7818181818,59.59818181818182,11,20.0,33.259464627151054,26.338717191030767,70.0,IDA average risk (59.6) is significantly higher than state baseline (33.3). | High concentration of flagged projects (20.0% critical/high risk).
Jharkhand,LOHARDAGA(DEPUTY COMMISSIONER LOHARDAGA_IDA),42,18972600.0,451728.5714285714,28.723809523809525,0,0.0,33.259464627151054,-4.535655103341529,20.0,District and IDA parameters match regional baseline standards.
Jharkhand,PALAMU(DEPUTY COMMISSIONER PALAMAU_IDA),36,15537187.0,431588.52777777775,26.788888888888888,0,0.0,33.259464627151054,-6.470575738262166,20.0,District and IDA parameters match regional baseline standards.
Jharkhand,RANCHI(DEPUTY COMMISSIONER RANCHI_IDA),100,78784100.0,787841.0,26.64,0,0.0,33.259464627151054,-6.6194646271510535,30.0,District and IDA parameters match regional baseline standards.
Jharkhand,SARAIKELA KHARSAWAN(Deputy Commissioner saraikela_IDA),9,5000000.0,555555.5555555555,30.055555555555557,0,0.0,33.259464627151054,-3.203909071595497,20.0,District and IDA parameters match regional baseline standards.
Jharkhand,SIMDEGA(Deputy Commissioner simdega_IDA),18,11500000.0,638888.8888888889,29.90555555555555,0,0.0,33.259464627151054,-3.3539090715955027,20.0,District and IDA parameters match regional baseline standards.
Jharkhand,WEST SINGHBHUM(DEPUTY COMMISSIONER WEST SINGHBHUM_IDA),8,5213200.0,651650.0,42.0625,0,0.0,33.259464627151054,8.803035372848946,40.0,District and IDA parameters match regional baseline standards.
Karnataka,BAGALKOTE(DEPUTY COMMISSIONER BAGALKOT_IDA),82,42090595.0,513299.93902439025,38.88292682926829,5,6.097560975609756,49.26110271903323,-10.37817588976494,30.0,District and IDA parameters match regional baseline standards.
Karnataka,BALLARI(DEPUTY COMMISSIONER BELLARY_IDA),15,12550000.0,836666.6666666666,39.06666666666667,1,6.666666666666667,49.26110271903323,-10.194436052366562,20.0,District and IDA parameters match regional baseline standards.
Karnataka,BELAGAVI(DEPUTY COMMISSIONER BELGAUM_IDA),21,13623848.0,648754.6666666666,68.18571428571428,15,71.42857142857143,49.26110271903323,18.92461156668105,85.0,IDA average risk (68.2) is significantly higher than state baseline (49.3). | High concentration of flagged projects (71.4% critical/high risk).
Karnataka,BENGALURU RURAL(DEPUTY COMMISSIONER BANGALORE RURAL SBM URBAN),32,21346832.0,667088.5,32.009375,0,0.0,49.26110271903323,-17.251727719033234,20.0,District and IDA parameters match regional baseline standards.
Karnataka,BENGALURU URBAN(DEPUTY COMMISSIONER BANGALORE URBAN_IDA),71,74889070.0,1054775.633802817,48.63239436619718,13,18.30985915492958,49.26110271903323,-0.6287083528360498,35.0,District and IDA parameters match regional baseline standards.
Karnataka,BIDAR(DEPUTY COMMISSIONER BIDAR_IDA),60,26863997.0,447733.2833333333,68.77166666666668,49,81.66666666666667,49.26110271903323,19.510563947633443,85.0,IDA average risk (68.8) is significantly higher than state baseline (49.3). | High concentration of flagged projects (81.7% critical/high risk).
Karnataka,Bengaluru South(DEPUTY COMMISSIONER RAMANAGARA_IDA),76,35892116.0,472264.6842105263,39.949999999999996,3,3.9473684210526314,49.26110271903323,-9.311102719033236,30.0,District and IDA parameters match regional baseline standards.
Karnataka,CHIKKABALLAPURA(DEPUTY COMMISSIONER CHICKKABALLAPUR_IDA),37,23787000.0,642891.8918918918,51.41891891891892,8,21.62162162162162,49.26110271903323,2.157816199885687,35.0,High concentration of flagged projects (21.6% critical/high risk).
Karnataka,CHIKKAMAGALURU(DEPUTY COMMISSIONER CHIKMAGALUR),49,20230237.0,412861.97959183675,60.81020408163265,20,40.816326530612244,49.26110271903323,11.549101362599416,70.0,IDA average risk (60.8) is significantly higher than state baseline (49.3). | High concentration of flagged projects (40.8% critical/high risk).
Karnataka,CHITRADURGA(DEPUTY COMMISSIONER CHITRADURGA_IDA),54,28600000.0,529629.6296296297,46.74074074074074,1,1.8518518518518516,49.26110271903323,-2.5203619782924918,20.0,District and IDA parameters match regional baseline standards.
Karnataka,Chamarajanagar(DEPUTY COMMISSIONER CHAMARAJNAGAR_IDA),29,21200000.0,731034.4827586206,37.54482758620689,1,3.4482758620689653,49.26110271903323,-11.71627513282634,20.0,District and IDA parameters match regional baseline standards.
Karnataka,DAKSHINA KANNADA(DEPUTY COMMISSIONER DAKSHIN KANNAD MANGALORE_IDA),55,23847635.0,433593.36363636365,34.38,1,1.8181818181818181,49.26110271903323,-14.88110271903323,20.0,District and IDA parameters match regional baseline standards.
Karnataka,DHARWAD(DEPUTY COMMISSIONER DHARWAR_IDA),24,11770363.0,490431.7916666667,34.045833333333334,3,12.5,49.26110271903323,-15.215269385699898,35.0,District and IDA parameters match regional baseline standards.
Karnataka,Davanagere(DEPUTY COMMISSIONER DAUANAGERE_IDA),45,45000000.0,1000000.0,42.166666666666664,5,11.11111111111111,49.26110271903323,-7.094436052366568,35.0,District and IDA parameters match regional baseline standards.
Karnataka,GADAG(Deputy Commsioner Gadag_ida),23,14300000.0,621739.1304347826,52.61304347826088,7,30.434782608695656,49.26110271903323,3.351940759227645,50.0,High concentration of flagged projects (30.4% critical/high risk).
Karnataka,HASSAN(DEPUTY COMMISSIONER HASSAN_IDA),58,25034052.0,431621.5862068966,58.224137931034484,10,17.24137931034483,49.26110271903323,8.963035212001252,55.0,District and IDA parameters match regional baseline standards.
Karnataka,HAVERI(DEPUTY COMMISSIONER HAVERI_IDA),37,21241407.0,574092.0810810811,46.42162162162162,12,32.432432432432435,49.26110271903323,-2.839481097411614,50.0,High concentration of flagged projects (32.4% critical/high risk).
Karnataka,KALABURAGI(DEPUTY COMMISSIONER GULBARGA_IDA),6,2996000.0,499333.3333333333,69.8,4,66.66666666666666,49.26110271903323,20.538897280966765,85.0,IDA average risk (69.8) is significantly higher than state baseline (49.3). | High concentration of flagged projects (66.7% critical/high risk).
Karnataka,KODAGU(Deputy Commsioner Kodagu_ida),13,6600000.0,507692.3076923077,63.95384615384615,6,46.15384615384615,49.26110271903323,14.692743434812918,70.0,IDA average risk (64.0) is significantly higher than state baseline (49.3). | High concentration of flagged projects (46.2% critical/high risk).
Karnataka,KOLAR(DEPUTY COMMISSIONER KOLAR_IDA),48,21520000.0,448333.3333333333,50.42916666666667,2,4.166666666666666,49.26110271903323,1.168063947633435,20.0,District and IDA parameters match regional baseline standards.
Karnataka,KOPPAL(DEPUTY COMMISSIONER KOPPAL_IDA),73,39547382.0,541744.9589041095,41.393150684931506,4,5.47945205479452,49.26110271903323,-7.867952034101727,20.0,District and IDA parameters match regional baseline standards.
Karnataka,MYSURU(DEPUTY COMMISSIONER MYSORE_IDA),69,43500000.0,630434.7826086957,50.77971014492754,9,13.043478260869565,49.26110271903323,1.5186074258943094,35.0,District and IDA parameters match regional baseline standards.
Karnataka,RAICHUR(DEPUTY COMMISSIONER RAICHUR_IDA),24,17295548.0,720647.8333333334,52.0375,4,16.666666666666664,49.26110271903323,2.776397280966769,35.0,District and IDA parameters match regional baseline standards.
Karnataka,SHIVAMOGGA(DEPUTY COMMISSIONER SHIMOGA_IDA),100,41633943.0,416339.43,58.778,28,28.000000000000004,49.26110271903323,9.516897280966766,80.0,High concentration of flagged projects (28.0% critical/high risk).
Karnataka,TUMAKURU(DEPUTY COMMISSIONER TUMKUR_IDA),40,38480000.0,962000.0,50.8575,2,5.0,49.26110271903323,1.5963972809667695,20.0,District and IDA parameters match regional baseline standards.
Karnataka,UDUPI(DEPUTY COMMISSIONER UDUPI_IDA),59,26166692.0,443503.25423728814,48.60677966101695,12,20.33898305084746,49.26110271903323,-0.6543230580162813,35.0,High concentration of flagged projects (20.3% critical/high risk).
Karnataka,UTTARA KANNADA(DEPUTY COMMISSIONER UTTARKANNADA KARWAR_IDA),44,31225000.0,709659.0909090909,47.66818181818182,12,27.27272727272727,49.26110271903323,-1.5929209008514107,50.0,High concentration of flagged projects (27.3% critical/high risk).
Karnataka,VIJAYAPURA(DEPUTY COMMISSIONER BIJAPUR_IDA),64,22700000.0,354687.5,59.46875,18,28.125,49.26110271903323,10.207647280966768,70.0,IDA average risk (59.5) is significantly higher than state baseline (49.3). | High concentration of flagged projects (28.1% critical/high risk).
Karnataka,Vijayanagara(DEPUTY COMMISSIONER VIJAYANAGARA_IDA),5,9600000.0,1920000.0,47.06,1,20.0,49.26110271903323,-2.20110271903323,35.0,High concentration of flagged projects (20.0% critical/high risk).
Karnataka,YADGIR(Deputy Commsioner Yadgir_ida),11,10500000.0,954545.4545454546,55.154545454545456,1,9.090909090909092,49.26110271903323,5.893442735512224,40.0,District and IDA parameters match regional baseline standards.
Kerala,ALAPPUZHA(DISTRICT COLLECTOR ALAPPUZHA_IDA),37,33370070.0,901893.7837837838,57.61621621621622,19,51.35135135135135,47.40111690245718,10.21509931375904,70.0,IDA average risk (57.6) is significantly higher than state baseline (47.4). | High concentration of flagged projects (51.4% critical/high risk).
Kerala,ERNAKULAM(DISTRICT COLLECTOR ERNAKULAM_IDA),147,92884224.0,631865.4693877551,47.93945578231292,21,14.285714285714285,47.40111690245718,0.5383388798557363,45.0,District and IDA parameters match regional baseline standards.
Kerala,IDUKKI(DISTRICT COLLECTOR IDUKKI_IDA),54,56506886.0,1046423.8148148148,37.288888888888884,2,3.7037037037037033,47.40111690245718,-10.112228013568298,20.0,District and IDA parameters match regional baseline standards.
Kerala,KANNUR(DISTRICT COLLECTOR KANNUR_IDA),87,36864105.0,423725.3448275862,66.15517241379311,58,66.66666666666666,47.40111690245718,18.754055511335928,95.0,IDA average risk (66.2) is significantly higher than state baseline (47.4). | High concentration of flagged projects (66.7% critical/high risk).
Kerala,KASARAGOD(DISTRICT COLLECTOR KASARAGOD_IDA),21,8386163.0,399341.09523809527,52.60952380952381,2,9.523809523809524,47.40111690245718,5.208406907066625,40.0,District and IDA parameters match regional baseline standards.
Kerala,KOLLAM(DISTRICT COLLECTOR KOLLAM_IDA),109,83718194.34,768056.8288073395,24.490825688073393,0,0.0,47.40111690245718,-22.91029121438379,30.0,District and IDA parameters match regional baseline standards.
Kerala,KOTTAYAM(DISTRICT COLLECTOR KOTTAYAM_IDA),116,45476437.0,392038.25,37.2603448275862,4,3.4482758620689653,47.40111690245718,-10.14077207487098,30.0,District and IDA parameters match regional baseline standards.
Kerala,KOZHIKODE(DISTRICT COLLECTOR KOZHIKODE_IDA),128,44401335.0,346885.4296875,64.33828125,78,60.9375,47.40111690245718,16.93716434754281,95.0,IDA average risk (64.3) is significantly higher than state baseline (47.4). | High concentration of flagged projects (60.9% critical/high risk).
Kerala,MALAPPURAM(DISTRICT COLLECTOR MALAPPURAM_IDA),173,68784637.0,397599.0578034682,57.11098265895954,27,15.606936416184972,47.40111690245718,9.70986575650236,65.0,Unusually high project concentration (173 works sanctioned).
Kerala,PALAKKAD(DISTRICT COLLECTOR PALAKKAD_IDA),161,64738107.0,402100.04347826086,49.06894409937888,20,12.422360248447205,47.40111690245718,1.6678271969216993,45.0,Unusually high project concentration (161 works sanctioned).
Kerala,PATHANAMTHITTA(DISTRICT COLLECTOR PATHANAMTHITTA_IDA),62,23184177.0,373938.3387096774,47.83064516129032,14,22.58064516129032,47.40111690245718,0.4295282588331375,35.0,High concentration of flagged projects (22.6% critical/high risk).
Kerala,THIRUVANANTHAPURAM(DISTRICT COLLECTOR THIRUVANANTHAPURAM_IDA),180,64527443.0,358485.7944444445,33.02388888888889,1,0.5555555555555556,47.40111690245718,-14.377228013568292,30.0,Unusually high project concentration (180 works sanctioned).
Kerala,THRISSUR(DISTRICT COLLECTOR THRISSUR_IDA),61,56765349.0,930579.4918032787,55.87868852459016,22,36.0655737704918,47.40111690245718,8.477571622132977,70.0,High concentration of flagged projects (36.1% critical/high risk).
Kerala,WAYANAD(DISTRICT COLLECTOR WAYANAD_IDA),7,12019146.0,1717020.857142857,40.17142857142857,1,14.285714285714285,47.40111690245718,-7.229688331028612,35.0,District and IDA parameters match regional baseline standards.
Madhya Pradesh,ALIRAJPUR(District Collector Alirajpur_IDA),40,14067571.0,351689.275,53.1475,7,17.5,41.74644461077844,11.401055389221561,55.0,IDA average risk (53.1) is significantly higher than state baseline (41.7).
Madhya Pradesh,ANUPPUR(DISTRICT COLLECTOR ANUPPUR_IDA),34,21090905.0,620320.7352941176,46.42058823529412,8,23.52941176470588,41.74644461077844,4.674143624515679,35.0,High concentration of flagged projects (23.5% critical/high risk).
Madhya Pradesh,ASHOKNAGAR(DISTRICT COLLECTOR ASHOKNAGAR_IDA),14,17590529.0,1256466.357142857,35.08571428571428,5,35.714285714285715,41.74644461077844,-6.660730325064158,50.0,High concentration of flagged projects (35.7% critical/high risk).
Madhya Pradesh,Agar-Malwa(District Collector Agar Malwa_IDA),2,2100000.0,1050000.0,43.6,1,50.0,41.74644461077844,1.8535553892215617,50.0,High concentration of flagged projects (50.0% critical/high risk).
Madhya Pradesh,BALAGHAT(DISTRICT COLLECTOR BALAGHAT_IDA),60,38014494.0,633574.9,41.88333333333333,12,20.0,41.74644461077844,0.13688872255489315,35.0,High concentration of flagged projects (20.0% critical/high risk).
Madhya Pradesh,BARWANI(DISTRICT COLLECTOR BADWANI_IDA),84,26156484.0,311386.71428571426,30.08809523809524,11,13.095238095238097,41.74644461077844,-11.658349372683201,45.0,District and IDA parameters match regional baseline standards.
Madhya Pradesh,BETUL(DISTRICT COLLECTOR BETUL_IDA),101,28115526.0,278371.54455445544,23.555445544554455,0,0.0,41.74644461077844,-18.190999066223984,30.0,District and IDA parameters match regional baseline standards.
Madhya Pradesh,BHOPAL(DISTRICT COLLECTOR BHOPAL_IDA),14,14180980.0,1012927.1428571428,62.36428571428571,10,71.42857142857143,41.74644461077844,20.617841103507267,85.0,IDA average risk (62.4) is significantly higher than state baseline (41.7). | High concentration of flagged projects (71.4% critical/high risk).
Madhya Pradesh,BURHANPUR(District Collector Burhanpur_IDA),25,8526100.0,341044.0,56.343999999999994,16,64.0,41.74644461077844,14.597555389221554,70.0,IDA average risk (56.3) is significantly higher than state baseline (41.7). | High concentration of flagged projects (64.0% critical/high risk).
Madhya Pradesh,CHHATARPUR(District Collector Chhatarpur_IDA),29,20426061.0,704346.9310344828,50.6448275862069,15,51.724137931034484,41.74644461077844,8.898382975428461,70.0,High concentration of flagged projects (51.7% critical/high risk).
Madhya Pradesh,CHHINDWARA(DISTRICT COLLECTOR CHHINDWARA_IDA),193,36249130.0,187819.32642487047,22.976165803108806,5,2.5906735751295336,41.74644461077844,-18.770278807669634,30.0,Unusually high project concentration (193 works sanctioned).
Madhya Pradesh,DAMOH(DISTRICT COLLECTOR DAMOH_IDA),76,23290670.0,306456.1842105263,15.40263157894737,0,0.0,41.74644461077844,-26.34381303183107,30.0,District and IDA parameters match regional baseline standards.
Madhya Pradesh,DATIA(District Collector Datia_IDA),2,2500000.0,1250000.0,19.6,0,0.0,41.74644461077844,-22.14644461077844,20.0,District and IDA parameters match regional baseline standards.
Madhya Pradesh,DEWAS(DISTRICT COLLECTOR DEWAS_IDA),17,12850000.0,755882.3529411765,43.182352941176475,3,17.647058823529413,41.74644461077844,1.4359083303980356,35.0,District and IDA parameters match regional baseline standards.
Madhya Pradesh,DHAR(DISTRICT COLLECTOR DHAR_IDA),94,39997824.0,425508.7659574468,40.69255319148937,6,6.382978723404255,41.74644461077844,-1.053891419289073,30.0,District and IDA parameters match regional baseline standards.
Madhya Pradesh,DINDORI(District Collector Dindori_IDA),15,7557496.0,503833.06666666665,62.38666666666666,6,40.0,41.74644461077844,20.640222055888223,85.0,IDA average risk (62.4) is significantly higher than state baseline (41.7). | High concentration of flagged projects (40.0% critical/high risk).
Madhya Pradesh,GUNA(District Collector Guna_IDA),15,13117434.0,874495.6,50.94666666666667,4,26.666666666666668,41.74644461077844,9.200222055888233,70.0,High concentration of flagged projects (26.7% critical/high risk).
Madhya Pradesh,GWALIOR(DISTRICT COLLECTOR GWALIOR_IDA),4,5077201.0,1269300.25,48.675,0,0.0,41.74644461077844,6.9285553892215574,40.0,District and IDA parameters match regional baseline standards.
Madhya Pradesh,HARDA(District Collector Harda_IDA),37,11419894.0,308645.7837837838,17.116216216216216,0,0.0,41.74644461077844,-24.630228394562224,20.0,District and IDA parameters match regional baseline standards.
Madhya Pradesh,INDORE(DISTRICT COLLECTOR INDORE_IDA),138,50823936.0,368289.39130434784,22.45144927536232,0,0.0,41.74644461077844,-19.294995335416118,30.0,District and IDA parameters match regional baseline standards.
Madhya Pradesh,JABALPUR(DISTRICT COLLECTOR JABALPUR_IDA),86,21736351.0,252748.26744186046,54.23837209302326,2,2.3255813953488373,41.74644461077844,12.491927482244819,50.0,IDA average risk (54.2) is significantly higher than state baseline (41.7).
Madhya Pradesh,JHABUA(DISTRICT COLLECTOR JHABUA_IDA),22,12482389.0,567381.3181818182,21.613636363636363,0,0.0,41.74644461077844,-20.132808247142076,20.0,District and IDA parameters match regional baseline standards.
Madhya Pradesh,KATNI(District Collector Katni_IDA),2,1300000.0,650000.0,21.0,0,0.0,41.74644461077844,-20.74644461077844,20.0,District and IDA parameters match regional baseline standards.
Madhya Pradesh,Khandwa (East Nimar)(DISTRICT COLLECTOR EAST NIMAR_IDA),86,26115367.0,303667.0581395349,59.174418604651166,57,66.27906976744185,41.74644461077844,17.427973993872726,95.0,IDA average risk (59.2) is significantly higher than state baseline (41.7). | High concentration of flagged projects (66.3% critical/high risk).
Madhya Pradesh,Khargone (West Nimar)(DISTRICT COLLECTOR KHARGONE_IDA),97,36157795.0,372760.7731958763,48.075257731958764,51,52.57731958762887,41.74644461077844,6.328813121180325,80.0,High concentration of flagged projects (52.6% critical/high risk).
Madhya Pradesh,MANDLA(DISTRICT COLLECTOR MANDLA_IDA),43,18166306.0,422472.23255813954,25.179069767441863,0,0.0,41.74644461077844,-16.567374843336577,20.0,District and IDA parameters match regional baseline standards.
Madhya Pradesh,MANDSAUR(DISTRICT COLLECTOR MANDSAUR_IDA),41,8149246.0,198762.0975609756,64.70243902439024,31,75.60975609756098,41.74644461077844,22.955994413611805,85.0,IDA average risk (64.7) is significantly higher than state baseline (41.7). | High concentration of flagged projects (75.6% critical/high risk).
Madhya Pradesh,MAUGANJ(District Collector Mauganj_IDA),13,11469230.0,882248.4615384615,72.24615384615385,13,100.0,41.74644461077844,30.499709235375406,85.0,IDA average risk (72.2) is significantly higher than state baseline (41.7). | High concentration of flagged projects (100.0% critical/high risk).
Madhya Pradesh,MORENA(DISTRICT COLLECTOR MORENA_IDA),1,500000.0,500000.0,55.6,0,0.0,41.74644461077844,13.853555389221562,40.0,IDA average risk (55.6) is significantly higher than state baseline (41.7).
Madhya Pradesh,Maihar(District Collector Maihar_IDA),14,2618786.0,187056.14285714287,73.28571428571429,14,100.0,41.74644461077844,31.539269674935852,85.0,IDA average risk (73.3) is significantly higher than state baseline (41.7). | High concentration of flagged projects (100.0% critical/high risk).
Madhya Pradesh,NARMADAPURAM(DISTRICT COLLECTOR NARMADAPURAM_IDA),105,14319067.0,136372.06666666668,37.450476190476195,10,9.523809523809524,41.74644461077844,-4.295968420302245,30.0,District and IDA parameters match regional baseline standards.
Madhya Pradesh,NEEMUCH(District Collector Neemuch_IDA),27,2944846.0,109068.37037037036,68.64444444444445,2,7.4074074074074066,41.74644461077844,26.897999833666006,55.0,IDA average risk (68.6) is significantly higher than state baseline (41.7).
Madhya Pradesh,Narsimhapur(DISTRICT COLLECTOR NARSINGHPUR_IDA),79,13422884.0,169909.92405063292,30.848101265822784,5,6.329113924050633,41.74644461077844,-10.898343344955656,30.0,District and IDA parameters match regional baseline standards.
Madhya Pradesh,Niwari(District Collector Niwari_IDA),11,12550000.0,1140909.0909090908,59.07272727272728,6,54.54545454545454,41.74644461077844,17.326282661948838,85.0,IDA average risk (59.1) is significantly higher than state baseline (41.7). | High concentration of flagged projects (54.5% critical/high risk).
Madhya Pradesh,PANNA(DISTRICT COLLECTOR PANNA_IDA),3,4909947.0,1636649.0,33.03333333333333,0,0.0,41.74644461077844,-8.713111277445108,20.0,District and IDA parameters match regional baseline standards.
Madhya Pradesh,Pandhurna(District Collector Pandhurna_IDA),40,15525000.0,388125.0,50.6125,14,35.0,41.74644461077844,8.866055389221557,70.0,High concentration of flagged projects (35.0% critical/high risk).
Madhya Pradesh,RAISEN(DISTRICT COLLECTOR RAISEN_IDA),43,19485000.0,453139.5348837209,60.83720930232558,29,67.44186046511628,41.74644461077844,19.090764691547143,85.0,IDA average risk (60.8) is significantly higher than state baseline (41.7). | High concentration of flagged projects (67.4% critical/high risk).
Madhya Pradesh,RAJGARH(DISTRICT COLLECTOR RAJGARH_IDA),112,48678603.0,434630.3839285714,73.24017857142857,106,94.64285714285714,41.74644461077844,31.493733960650133,95.0,IDA average risk (73.2) is significantly higher than state baseline (41.7). | High concentration of flagged projects (94.6% critical/high risk).
Madhya Pradesh,RATLAM(District Collector Ratlam_IDA),36,19892120.0,552558.8888888889,28.313888888888886,0,0.0,41.74644461077844,-13.432555721889553,20.0,District and IDA parameters match regional baseline standards.
Madhya Pradesh,REWA(DISTRICT COLLECTOR REWA_IDA),37,38259819.0,1034049.1621621621,67.21081081081081,33,89.1891891891892,41.74644461077844,25.464366200032373,85.0,IDA average risk (67.2) is significantly higher than state baseline (41.7). | High concentration of flagged projects (89.2% critical/high risk).
Madhya Pradesh,SAGAR(DISTRICT COLLECTOR SAGAR_IDA),75,42916999.0,572226.6533333333,22.674666666666667,5,6.666666666666667,41.74644461077844,-19.071777944111773,30.0,District and IDA parameters match regional baseline standards.
Madhya Pradesh,SATNA(DISTRICT COLLECTOR SATNA_IDA),139,27252500.0,196061.1510791367,64.81438848920864,85,61.15107913669065,41.74644461077844,23.0679438784302,95.0,IDA average risk (64.8) is significantly higher than state baseline (41.7). | High concentration of flagged projects (61.2% critical/high risk).
Madhya Pradesh,SEHORE(DISTRICT COLLECTOR SEHORE_IDA),23,16978274.0,738185.8260869565,58.0695652173913,15,65.21739130434783,41.74644461077844,16.32312060661286,85.0,IDA average risk (58.1) is significantly higher than state baseline (41.7). | High concentration of flagged projects (65.2% critical/high risk).
Madhya Pradesh,SEONI(District Collector Seoni_IDA),38,22021506.0,579513.3157894737,39.05789473684211,7,18.421052631578945,41.74644461077844,-2.6885498739363314,35.0,District and IDA parameters match regional baseline standards.
Madhya Pradesh,SHAHDOL(District Collector Shahdol_IDA),82,84611931.0,1031852.8170731707,62.03048780487805,66,80.48780487804879,41.74644461077844,20.28404319409961,95.0,IDA average risk (62.0) is significantly higher than state baseline (41.7). | High concentration of flagged projects (80.5% critical/high risk).
Madhya Pradesh,SHAJAPUR(District Collector Shajapur_IDA),5,3700000.0,740000.0,28.18,0,0.0,41.74644461077844,-13.56644461077844,20.0,District and IDA parameters match regional baseline standards.
Madhya Pradesh,SHEOPUR(District Collector Sheopur_IDA),51,22972294.0,450437.137254902,21.029411764705884,0,0.0,41.74644461077844,-20.717032846072556,20.0,District and IDA parameters match regional baseline standards.
Madhya Pradesh,SHIVPURI(District Collector Shivpuri_IDA),20,18034764.0,901738.2,27.8,4,20.0,41.74644461077844,-13.946444610778439,35.0,High concentration of flagged projects (20.0% critical/high risk).
Madhya Pradesh,SIDHI(DISTRICT COLLECTOR SIDHI_IDA),118,41925955.0,355304.7033898305,35.355932203389834,3,2.5423728813559325,41.74644461077844,-6.390512407388606,30.0,District and IDA parameters match regional baseline standards.
Madhya Pradesh,SINGRAULI(District Collector Singrauli_IDA),9,10995000.0,1221666.6666666667,34.44444444444444,0,0.0,41.74644461077844,-7.302000166333997,20.0,District and IDA parameters match regional baseline standards.
Madhya Pradesh,TIKAMGARH(DISTRICT COLLECTOR TIKAMGARH_IDA),15,15349039.0,1023269.2666666667,57.45333333333333,8,53.333333333333336,41.74644461077844,15.706888722554893,85.0,IDA average risk (57.5) is significantly higher than state baseline (41.7). | High concentration of flagged projects (53.3% critical/high risk).
Madhya Pradesh,UJJAIN(DISTRICT COLLECTOR UJJAIN_IDA),139,40222905.0,289373.417266187,38.73453237410072,47,33.81294964028777,41.74644461077844,-3.0119122366777162,60.0,High concentration of flagged projects (33.8% critical/high risk).
Madhya Pradesh,UMARIA(District Collector Umariya_IDA),19,7045086.0,370794.0,76.1,19,100.0,41.74644461077844,34.353555389221555,85.0,IDA average risk (76.1) is significantly higher than state baseline (41.7). | High concentration of flagged projects (100.0% critical/high risk).
Madhya Pradesh,VIDISHA(District Collector Vidisha_IDA),47,29388899.0,625295.7234042553,36.02765957446808,14,29.78723404255319,41.74644461077844,-5.718785036310358,50.0,High concentration of flagged projects (29.8% critical/high risk).
Maharashtra,AKOLA(DISTRICT COLLECTOR AKOLA_IDA),53,51071749.0,963617.9056603773,46.2188679245283,12,22.641509433962266,51.38342013888889,-5.16455221436059,35.0,High concentration of flagged projects (22.6% critical/high risk).
Maharashtra,AMRAVATI(DISTRICT COLLECTOR AMRAVATI_IDA),65,69963000.0,1076353.8461538462,37.74,4,6.153846153846154,51.38342013888889,-13.643420138888885,20.0,District and IDA parameters match regional baseline standards.
Maharashtra,AZAMGARH(DISTRICT MAGISTRATE AZAMGARH_IDA),5,5000000.0,1000000.0,65.06,1,20.0,51.38342013888889,13.676579861111115,55.0,IDA average risk (65.1) is significantly higher than state baseline (51.4). | High concentration of flagged projects (20.0% critical/high risk).
Maharashtra,Ahilyanagar(DISTRICT COLLECTOR AHMEDNAGAR_IDA),54,32284226.0,597856.0370370371,54.59444444444444,2,3.7037037037037033,51.38342013888889,3.2110243055555543,20.0,District and IDA parameters match regional baseline standards.
Maharashtra,BEED(DISTRICT COLLECTOR BEED_IDA),32,31063933.0,970747.90625,70.459375,26,81.25,51.38342013888889,19.075954861111107,85.0,IDA average risk (70.5) is significantly higher than state baseline (51.4). | High concentration of flagged projects (81.2% critical/high risk).
Maharashtra,BHANDARA(DISTRICT COLLECTOR BHANDARA_IDA),17,11572033.0,680707.8235294118,68.7235294117647,13,76.47058823529412,51.38342013888889,17.340109272875814,85.0,IDA average risk (68.7) is significantly higher than state baseline (51.4). | High concentration of flagged projects (76.5% critical/high risk).
Maharashtra,CHANDRAPUR(DISTRICT COLLECTOR CHANDRAPUR_IDA),15,19500000.0,1300000.0,66.67333333333333,11,73.33333333333333,51.38342013888889,15.289913194444445,85.0,IDA average risk (66.7) is significantly higher than state baseline (51.4). | High concentration of flagged projects (73.3% critical/high risk).
Maharashtra,Chhatrapati Sambhajinagar(DISTRICT COLLECTOR AURANGABAD_IDA),33,45375679.0,1375020.5757575757,50.24848484848485,2,6.0606060606060606,51.38342013888889,-1.1349352904040373,20.0,District and IDA parameters match regional baseline standards.
Maharashtra,DHULE(DISTRICT COLLECTOR DHULE_IDA),26,26230794.0,1008876.6923076923,59.38076923076923,17,65.38461538461539,51.38342013888889,7.997349091880345,70.0,High concentration of flagged projects (65.4% critical/high risk).
Maharashtra,Dharashiv(DISTRICT COLLECTOR OSMANABAD_IDA),17,11929824.0,701754.3529411765,60.22941176470588,9,52.94117647058824,51.38342013888889,8.845991625816993,70.0,High concentration of flagged projects (52.9% critical/high risk).
Maharashtra,GADCHIROLI(DISTRICT COLLECTOR GADCHIROLI_IDA),21,21400000.0,1019047.619047619,55.60952380952381,1,4.761904761904762,51.38342013888889,4.22610367063492,20.0,District and IDA parameters match regional baseline standards.
Maharashtra,GONDIA(DISTRICT COLLECTOR GONDIA_IDA),30,21487283.0,716242.7666666667,61.763333333333335,14,46.666666666666664,51.38342013888889,10.379913194444448,70.0,IDA average risk (61.8) is significantly higher than state baseline (51.4). | High concentration of flagged projects (46.7% critical/high risk).
Maharashtra,HINGOLI(DISTRICT COLLECTOR HINGOLI_IDA),11,20427476.0,1857043.2727272727,56.76363636363636,1,9.090909090909092,51.38342013888889,5.380216224747471,40.0,District and IDA parameters match regional baseline standards.
Maharashtra,JALGAON(DISTRICT COLLECTOR JALGAON_IDA),12,19945930.0,1662160.8333333333,34.49166666666667,0,0.0,51.38342013888889,-16.89175347222222,20.0,District and IDA parameters match regional baseline standards.
Maharashtra,JALNA(DISTRICT COLLECTOR JALNA_IDA),37,34391000.0,929486.4864864865,34.689189189189186,2,5.405405405405405,51.38342013888889,-16.6942309496997,20.0,District and IDA parameters match regional baseline standards.
Maharashtra,KOLHAPUR(DISTRICT COLLECTOR KOLHAPUR_IDA),12,10840286.0,903357.1666666666,57.175000000000004,3,25.0,51.38342013888889,5.791579861111117,70.0,High concentration of flagged projects (25.0% critical/high risk).
Maharashtra,LATUR(DISTRICT COLLECTOR LATUR_IDA),30,27160511.0,905350.3666666667,61.93333333333333,15,50.0,51.38342013888889,10.549913194444443,70.0,IDA average risk (61.9) is significantly higher than state baseline (51.4). | High concentration of flagged projects (50.0% critical/high risk).
Maharashtra,MUMBAI SUBURBAN(DISTRICT COLLECTOR MUMBAI SUBURBAN_IDA),75,129500000.0,1726666.6666666667,71.18266666666666,58,77.33333333333333,51.38342013888889,19.799246527777775,95.0,IDA average risk (71.2) is significantly higher than state baseline (51.4). | High concentration of flagged projects (77.3% critical/high risk).
Maharashtra,MUMBAI(DISTRICT COLLECTOR MUMBAI CITY_IDA),33,69874739.0,2117416.3333333335,66.89999999999999,20,60.60606060606061,51.38342013888889,15.516579861111104,85.0,IDA average risk (66.9) is significantly higher than state baseline (51.4). | High concentration of flagged projects (60.6% critical/high risk).
Maharashtra,NAGPUR(DISTRICT COLLECTOR NAGPUR_IDA),14,18714993.0,1336785.2142857143,31.535714285714285,0,0.0,51.38342013888889,-19.847705853174602,20.0,District and IDA parameters match regional baseline standards.
Maharashtra,NANDED(DISTRICT COLLECTOR NANDED_IDA),22,33878244.0,1539920.1818181819,67.58181818181818,15,68.18181818181817,51.38342013888889,16.19839804292929,85.0,IDA average risk (67.6) is significantly higher than state baseline (51.4). | High concentration of flagged projects (68.2% critical/high risk).
Maharashtra,NANDURBAR(DISTRICT COLLECTOR NANDURBAR_IDA),3,3197000.0,1065666.6666666667,61.23333333333333,1,33.33333333333333,51.38342013888889,9.84991319444444,70.0,High concentration of flagged projects (33.3% critical/high risk).
Maharashtra,NASHIK(DISTRICT COLLECTOR NASHIK_IDA),80,75193665.0,939920.8125,42.1425,15,18.75,51.38342013888889,-9.240920138888889,45.0,District and IDA parameters match regional baseline standards.
Maharashtra,PARBHANI(DISTRICT COLLECTOR PARBHANI_IDA),34,30867977.0,907881.6764705882,23.25,0,0.0,51.38342013888889,-28.133420138888887,20.0,District and IDA parameters match regional baseline standards.
Maharashtra,PUNE(DISTRICT COLLECTOR PUNE_IDA),114,89983751.0,789331.149122807,55.85087719298246,45,39.473684210526315,51.38342013888889,4.467457054093572,60.0,High concentration of flagged projects (39.5% critical/high risk).
Maharashtra,RAIGAD(DISTRICT COLLECTOR RAIGAD_IDA),33,49065575.0,1486835.606060606,45.99090909090909,4,12.121212121212121,51.38342013888889,-5.392511047979795,35.0,District and IDA parameters match regional baseline standards.
Maharashtra,SAHARSA(DISTRICT PLANNING OFFICER SAHARSA_IDA),1,198500.0,198500.0,55.2,0,0.0,51.38342013888889,3.8165798611111157,20.0,District and IDA parameters match regional baseline standards.
Maharashtra,SANGLI(DISTRICT COLLECTOR SANGLI_IDA),42,47375575.0,1127989.880952381,38.733333333333334,6,14.285714285714285,51.38342013888889,-12.650086805555553,35.0,District and IDA parameters match regional baseline standards.
Maharashtra,SATARA(DISTRICT COLLECTOR SATARA_IDA),73,56338677.0,771762.698630137,39.087671232876716,0,0.0,51.38342013888889,-12.295748906012172,20.0,District and IDA parameters match regional baseline standards.
Maharashtra,SINDHUDURG(DISTRICT COLLECTOR SINDHUDURG_IDA),17,16028433.0,942849.0,43.42352941176471,1,5.88235294117647,51.38342013888889,-7.959890727124176,20.0,District and IDA parameters match regional baseline standards.
Maharashtra,SOLAPUR(DISTRICT COLLECTOR SOLAPUR_IDA),46,11318986.0,246064.91304347827,54.20434782608696,3,6.521739130434782,51.38342013888889,2.820927687198072,20.0,District and IDA parameters match regional baseline standards.
Maharashtra,THANE(DISTRICT COLLECTOR THANE_IDA),17,13997000.0,823352.9411764706,56.752941176470586,4,23.52941176470588,51.38342013888889,5.369521037581698,55.0,High concentration of flagged projects (23.5% critical/high risk).
Maharashtra,WARDHA(DISTRICT COLLECTOR WARDHA_IDA),41,32933040.0,803244.8780487805,41.79024390243902,11,26.82926829268293,51.38342013888889,-9.593176236449864,50.0,High concentration of flagged projects (26.8% critical/high risk).
Maharashtra,WASHIM(DISTRICT COLLECTOR WASHIM_IDA),3,3300000.0,1100000.0,50.06666666666666,1,33.33333333333333,51.38342013888889,-1.3167534722222243,50.0,High concentration of flagged projects (33.3% critical/high risk).
Maharashtra,YAVATMAL(DISTRICT COLLECTOR YAVATMAL_IDA),34,19188150.0,564357.3529411765,64.16176470588235,24,70.58823529411765,51.38342013888889,12.77834456699346,70.0,IDA average risk (64.2) is significantly higher than state baseline (51.4). | High concentration of flagged projects (70.6% critical/high risk).
Manipur,BISHNUPUR(Deputy Commissioner Bishnupur_ida),4,10000000.0,2500000.0,22.425,0,0.0,21.666666666666668,0.7583333333333329,20.0,District and IDA parameters match regional baseline standards.
Manipur,CHURACHANDPUR(Deputy Commissioner Churachandpur MPLADS_ida),12,22751963.0,1895996.9166666667,16.833333333333332,0,0.0,21.666666666666668,-4.833333333333336,20.0,District and IDA parameters match regional baseline standards.
Manipur,IMPHAL EAST(Deputy Commissioner Imphal East_IDA),3,11000000.0,3666666.6666666665,19.666666666666668,0,0.0,21.666666666666668,-2.0,20.0,District and IDA parameters match regional baseline standards.
Manipur,IMPHAL WEST(Deputy Commissioner Imphal West MPLADS_IDA),6,13401644.0,2233607.3333333335,19.916666666666668,0,0.0,21.666666666666668,-1.75,20.0,District and IDA parameters match regional baseline standards.
Manipur,KAMJONG(Deputy Commissioner Kamjong MPLADS_ida),2,2000000.0,1000000.0,44.5,0,0.0,21.666666666666668,22.833333333333332,55.0,IDA average risk (44.5) is significantly higher than state baseline (21.7).
Manipur,THOUBAL(Deputy Commissioner Thoubal MPLADS_ida),2,7900000.0,3950000.0,26.049999999999997,0,0.0,21.666666666666668,4.383333333333329,20.0,District and IDA parameters match regional baseline standards.
Manipur,UKHRUL(Deputy Commissioner Ukhrul_ida),1,11000000.0,11000000.0,38.7,0,0.0,21.666666666666668,17.033333333333335,55.0,IDA average risk (38.7) is significantly higher than state baseline (21.7).
Meghalaya,EAST GARO HILLS(DEPUTY COMMISSIONER EAST GARO HILLS WILLIAMNAGAR_IDA),10,4400000.0,440000.0,34.18,0,0.0,48.277674418604654,-14.097674418604655,20.0,District and IDA parameters match regional baseline standards.
Meghalaya,EAST JAINTIA HILLS(DEPUTY COMMISSIONER EAST JAINTIA HILLS KHLIEHRIAT_IDA),13,4900000.0,376923.07692307694,44.19230769230769,1,7.6923076923076925,48.277674418604654,-4.085366726296961,20.0,District and IDA parameters match regional baseline standards.
Meghalaya,"EAST KHASI HILLS(Deputy Commissioner, East Khasi Hills District)",29,14250000.0,491379.3103448276,44.42068965517242,3,10.344827586206897,48.277674418604654,-3.856984763432237,35.0,District and IDA parameters match regional baseline standards.
Meghalaya,EASTERN WEST KHASI HILLS(DEPUTY COMMISSIONER EASTERN WEST KHASI HILLS MAIRANG_IDA),8,2850000.0,356250.0,46.95,1,12.5,48.277674418604654,-1.3276744186046514,35.0,District and IDA parameters match regional baseline standards.
Meghalaya,NORTH GARO HILLS(DEPUTY COMMISSIONER NORTH GARO HILLS RESUBELPARA_IDA),21,6550000.0,311904.7619047619,37.69047619047619,5,23.809523809523807,48.277674418604654,-10.587198228128464,35.0,High concentration of flagged projects (23.8% critical/high risk).
Meghalaya,RI BHOI(DEPUTY COMMISSIONER RIBHOI NONGPOH_IDA),32,10950000.0,342187.5,46.653125,1,3.125,48.277674418604654,-1.6245494186046514,20.0,District and IDA parameters match regional baseline standards.
Meghalaya,SOUTH GARO HILLS(DEPUTY COMMISSIONER BAGHMARA_IDA),9,2500000.0,277777.77777777775,68.75555555555555,5,55.55555555555556,48.277674418604654,20.47788113695089,85.0,IDA average risk (68.8) is significantly higher than state baseline (48.3). | High concentration of flagged projects (55.6% critical/high risk).
Meghalaya,SOUTH WEST GARO HILLS(DEPUTY COMMISSIONER SOUTH WEST GARO HILLS AMPATI_IDA),14,3500000.0,250000.0,64.80714285714285,10,71.42857142857143,48.277674418604654,16.529468438538196,85.0,IDA average risk (64.8) is significantly higher than state baseline (48.3). | High concentration of flagged projects (71.4% critical/high risk).
Meghalaya,SOUTH WEST KHASI HILLS(DEPUTY COMMISSIONER SOUTH WEST KHASI HILLS MAWKRYWAT_IDA),8,1900000.0,237500.0,18.525,0,0.0,48.277674418604654,-29.752674418604656,20.0,District and IDA parameters match regional baseline standards.
Meghalaya,WEST GARO HILLS(DEPUTY COMMISSIONER WEST GARO HILLS_IDA),48,31000000.0,645833.3333333334,59.462500000000006,34,70.83333333333334,48.277674418604654,11.184825581395351,70.0,IDA average risk (59.5) is significantly higher than state baseline (48.3). | High concentration of flagged projects (70.8% critical/high risk).
Meghalaya,WEST JAINTIA HILLS(DEPUTY COMMISSIONER WEST JAINTIA HILLS JOWAI_IDA),13,5600000.0,430769.23076923075,48.26153846153846,2,15.384615384615385,48.277674418604654,-0.016135957066197193,35.0,District and IDA parameters match regional baseline standards.
Meghalaya,WEST KHASI HILLS(DEPUTY COMMISSIONER WEST KHASI HILLS NONGSTOIN_IDA),10,3700000.0,370000.0,35.93,0,0.0,48.277674418604654,-12.347674418604655,20.0,District and IDA parameters match regional baseline standards.
Mizoram,AIZAWL(DEPUTY COMMISSIONER AIZAWL_IDA),22,10307115.0,468505.2272727273,34.16818181818182,0,0.0,31.986666666666665,2.181515151515157,20.0,District and IDA parameters match regional baseline standards.
Mizoram,"CHAMPHAI(DEPUTY COMMISIONER, CHAMPHAI)",8,3200000.0,400000.0,18.8,0,0.0,31.986666666666665,-13.186666666666664,20.0,District and IDA parameters match regional baseline standards.
Mizoram,KOLASIB(Deputy Commissioner Kolasib),13,9500000.0,730769.2307692308,28.246153846153845,0,0.0,31.986666666666665,-3.7405128205128193,20.0,District and IDA parameters match regional baseline standards.
Mizoram,"LUNGLEI(Deputy Commissioner, Lunglei)",9,2500000.0,277777.77777777775,42.7,0,0.0,31.986666666666665,10.713333333333338,40.0,IDA average risk (42.7) is significantly higher than state baseline (32.0).
Mizoram,MAMIT(DEPUTY COMMISSIONER MAMIT),34,17440000.0,512941.17647058825,30.68823529411765,2,5.88235294117647,31.986666666666665,-1.2984313725490146,20.0,District and IDA parameters match regional baseline standards.
Mizoram,"Siaha(Deputy Commissioner, Siaha)",19,6000000.0,315789.4736842105,34.82105263157895,0,0.0,31.986666666666665,2.8343859649122862,20.0,District and IDA parameters match regional baseline standards.
Nagaland,Chumoukedima(Deputy Commissioner Chumoukedima_IDA),6,6600000.0,1100000.0,45.1,1,16.666666666666664,43.14358974358974,1.9564102564102583,35.0,District and IDA parameters match regional baseline standards.
Nagaland,DIMAPUR(DEPUTY COMMISSIONER DIMAPUR_IDA),4,10700000.0,2675000.0,33.85,0,0.0,43.14358974358974,-9.293589743589742,20.0,District and IDA parameters match regional baseline standards.
Nagaland,KOHIMA(DEPUTY COMMISIONER_7),6,22800000.0,3800000.0,44.13333333333333,0,0.0,43.14358974358974,0.9897435897435898,20.0,District and IDA parameters match regional baseline standards.
Nagaland,MOKOKCHUNG(Deputy Commissioner Mokokchung_IDA),19,56062380.0,2950651.5789473685,43.53684210526316,0,0.0,43.14358974358974,0.3932523616734187,20.0,District and IDA parameters match regional baseline standards.
Nagaland,MON(Deputy Commissioner Mon_IDA),1,1087620.0,1087620.0,13.0,0,0.0,43.14358974358974,-30.143589743589743,20.0,District and IDA parameters match regional baseline standards.
Nagaland,PEREN(Deputy Commissioner Peren_IDA),2,250000.0,125000.0,69.55,0,0.0,43.14358974358974,26.406410256410254,55.0,IDA average risk (69.5) is significantly higher than state baseline (43.1).
Nagaland,PHEK(Deputy Commissioner Phek_IDA),1,500000.0,500000.0,32.5,0,0.0,43.14358974358974,-10.643589743589743,20.0,District and IDA parameters match regional baseline standards.
Odisha,BHADRAK(DISTRICT COLLECTOR BHADRAK_IDA),28,13100000.0,467857.14285714284,43.292857142857144,2,7.142857142857142,40.69434542102028,2.5985117218368643,20.0,District and IDA parameters match regional baseline standards.
Odisha,BOUDH(District Collector Boudh_IDA),2,500000.0,250000.0,56.05,0,0.0,40.69434542102028,15.355654578979717,55.0,IDA average risk (56.0) is significantly higher than state baseline (40.7).
Odisha,Baleshwar(DISTRICT COLLECTOR BALESHWAR_IDA),24,8150000.0,339583.3333333333,41.800000000000004,1,4.166666666666666,40.69434542102028,1.105654578979724,20.0,District and IDA parameters match regional baseline standards.
Odisha,GANJAM(DISTRICT COLLECTOR GANJAM_IDA),69,23600000.0,342028.9855072464,40.77101449275362,13,18.84057971014493,40.69434542102028,0.07666907173334181,35.0,District and IDA parameters match regional baseline standards.
Odisha,JAGATSINGHAPUR(DISTRICT COLLECTOR JAGATSINGHPUR_IDA),10,3450000.0,345000.0,58.46,3,30.0,40.69434542102028,17.76565457897972,85.0,IDA average risk (58.5) is significantly higher than state baseline (40.7). | High concentration of flagged projects (30.0% critical/high risk).
Odisha,Jajpur(DISTRICT COLLECTOR JAJPUR_IDA),7,1650000.0,235714.2857142857,31.057142857142857,0,0.0,40.69434542102028,-9.637202563877423,20.0,District and IDA parameters match regional baseline standards.
Odisha,KALAHANDI(DISTRICT COLLECTOR KALAHANDI_IDA),95,31498000.0,331557.8947368421,26.67684210526316,11,11.578947368421053,40.69434542102028,-14.017503315757121,45.0,District and IDA parameters match regional baseline standards.
Odisha,KHORDHA(DISTRICT COLLECTOR KHORDHA_IDA),169,50600000.0,299408.2840236686,37.31656804733728,19,11.242603550295858,40.69434542102028,-3.377777373683003,45.0,Unusually high project concentration (169 works sanctioned).
Odisha,KORAPUT(District Collector Koraput_IDA),24,9197405.0,383225.2083333333,42.99583333333334,2,8.333333333333332,40.69434542102028,2.301487912313057,20.0,District and IDA parameters match regional baseline standards.
Odisha,Kandhamala(DISTRICT COLLECTOR KANDHAMAL_IDA),42,18825359.0,448222.8333333333,25.945238095238096,0,0.0,40.69434542102028,-14.749107325782184,20.0,District and IDA parameters match regional baseline standards.
Odisha,Kataka(DISTRICT COLLECTOR CUTTACK_IDA),60,17648000.0,294133.3333333333,25.759999999999998,3,5.0,40.69434542102028,-14.934345421020282,20.0,District and IDA parameters match regional baseline standards.
Odisha,Kendrapada(DISTRICT COLLECTOR KENDRAPARA_IDA),15,12800000.0,853333.3333333334,55.53333333333333,7,46.666666666666664,40.69434542102028,14.838987912313051,70.0,IDA average risk (55.5) is significantly higher than state baseline (40.7). | High concentration of flagged projects (46.7% critical/high risk).
Odisha,Kendujhar(DISTRICT COLLECTOR KEONJHAR_IDA),81,25290000.0,312222.22222222225,48.35061728395062,11,13.580246913580247,40.69434542102028,7.656271862930339,65.0,District and IDA parameters match regional baseline standards.
Odisha,MALKANGIRI(District Collector Malkangiri_IDA),7,4000000.0,571428.5714285715,49.042857142857144,0,0.0,40.69434542102028,8.348511721836864,40.0,District and IDA parameters match regional baseline standards.
Odisha,MAYURBHANJ(DISTRICT COLLECTOR MAYURBHANJ_IDA),62,31600000.0,509677.4193548387,42.78064516129032,1,1.6129032258064515,40.69434542102028,2.086299740270043,20.0,District and IDA parameters match regional baseline standards.
Odisha,NABARANGPUR(DISTRICT COLLECTOR NABARANGPUR_IDA),59,21149652.0,358468.6779661017,27.210169491525424,1,1.694915254237288,40.69434542102028,-13.484175929494857,20.0,District and IDA parameters match regional baseline standards.
Odisha,NUAPADA(DISTRICT COLLECTOR  NUAPADA_IDA),28,6414000.0,229071.42857142858,37.082142857142856,0,0.0,40.69434542102028,-3.6122025638774247,20.0,District and IDA parameters match regional baseline standards.
Odisha,Nayagada(DISTRICT COLLECTOR  NAYAGARH_IDA),335,32715000.0,97656.71641791044,48.075522388059696,105,31.343283582089555,40.69434542102028,7.381176967039416,85.0,High concentration of flagged projects (31.3% critical/high risk). | Unusually high project concentration (335 works sanctioned).
Odisha,PURI(DISTRICT COLLECTOR PURI_IDA),357,34818113.0,97529.72829131653,44.91904761904762,124,34.73389355742297,40.69434542102028,4.224702198027337,65.0,High concentration of flagged projects (34.7% critical/high risk). | Unusually high project concentration (357 works sanctioned).
Odisha,RAYAGADA(DISTRICT COLLECTOR RAYAGADA_IDA),37,12462424.0,336822.2702702703,36.67027027027027,11,29.72972972972973,40.69434542102028,-4.024075150750008,50.0,High concentration of flagged projects (29.7% critical/high risk).
Odisha,SAMBALPUR(DISTRICT COLLECTOR SAMBALPUR_IDA),1,1500000.0,1500000.0,36.1,0,0.0,40.69434542102028,-4.594345421020279,20.0,District and IDA parameters match regional baseline standards.
Odisha,Sundaragada(DISTRICT COLLECTOR SUNDARGARH_IDA),115,69788256.0,606854.4,33.35565217391304,0,0.0,40.69434542102028,-7.338693247107237,30.0,District and IDA parameters match regional baseline standards.
Puducherry,Puducherry(PROJECT DIRECTOR RDA PUDUCHERRY_IDA),17,31683559.0,1863738.7647058824,41.43529411764706,3,17.647058823529413,41.43529411764706,0.0,35.0,District and IDA parameters match regional baseline standards.
Punjab,AMRITSAR(DEPUTY COMMISSIONER AMRITSAR_IDA),44,16943646.0,385082.86363636365,37.970454545454544,14,31.818181818181817,33.725506072874495,4.244948472580049,50.0,High concentration of flagged projects (31.8% critical/high risk).
Punjab,BARNALA(DEPUTY COMMISSIONER BARNALA_IDA),73,15889239.0,217660.80821917808,25.873972602739727,0,0.0,33.725506072874495,-7.851533470134768,20.0,District and IDA parameters match regional baseline standards.
Punjab,BATHINDA(DEPUTY COMMISSIONER BHATINDA_IDA),45,17031229.0,378471.7555555556,35.00888888888889,14,31.11111111111111,33.725506072874495,1.2833828160143952,50.0,High concentration of flagged projects (31.1% critical/high risk).
Punjab,CHANDIGARH(DEPUTY COMMISSIONER ZILLA PARISHAD CHANDIGARH_IDA),1,996250.0,996250.0,21.2,0,0.0,33.725506072874495,-12.525506072874496,20.0,District and IDA parameters match regional baseline standards.
Punjab,FARIDKOT(DEPUTY COMMISSIONER FARIDKOT_IDA),109,22806610.0,209234.95412844035,41.142201834862384,46,42.201834862385326,33.725506072874495,7.416695761987889,80.0,High concentration of flagged projects (42.2% critical/high risk).
Punjab,FATEHGARH SAHIB(DEPUTY COMMISSIONER FATEHGARH SAHIB_IDA),21,3755193.0,178818.7142857143,29.023809523809526,4,19.047619047619047,33.725506072874495,-4.70169654906497,35.0,District and IDA parameters match regional baseline standards.
Punjab,FAZILKA(DEPUTY COMMISSIONER FAZILKA_IDA),29,7073912.0,243928.0,58.310344827586206,22,75.86206896551724,33.725506072874495,24.58483875471171,85.0,IDA average risk (58.3) is significantly higher than state baseline (33.7). | High concentration of flagged projects (75.9% critical/high risk).
Punjab,FEROZEPUR(DEPUTY COMMISSIONER FIROZEPUR_IDA),165,41121264.0,249219.78181818183,18.51090909090909,9,5.454545454545454,33.725506072874495,-15.214596981965403,30.0,Unusually high project concentration (165 works sanctioned).
Punjab,GURDASPUR(DEPUTY COMMISSIONER GURDASPUR_IDA),59,32707108.0,554357.7627118644,50.99322033898305,30,50.847457627118644,33.725506072874495,17.267714266108555,85.0,IDA average risk (51.0) is significantly higher than state baseline (33.7). | High concentration of flagged projects (50.8% critical/high risk).
Punjab,HOSHIARPUR(DEPUTY COMMISSIONER HOSHIARPUR_IDA),88,35944806.0,408463.70454545453,44.26363636363636,35,39.77272727272727,33.725506072874495,10.538130290761863,80.0,IDA average risk (44.3) is significantly higher than state baseline (33.7). | High concentration of flagged projects (39.8% critical/high risk).
Punjab,JALANDHAR(DEPUTY COMMISSIONER JALANDHAR_IDA),34,11653070.0,342737.35294117645,34.61470588235294,0,0.0,33.725506072874495,0.8891998094784483,20.0,District and IDA parameters match regional baseline standards.
Punjab,KAPURTHALA(DEPUTY COMMISSIONER KAPURTHALA_IDA),6,4072847.0,678807.8333333334,42.266666666666666,1,16.666666666666664,33.725506072874495,8.54116059379217,55.0,District and IDA parameters match regional baseline standards.
Punjab,LUDHIANA(DEPUTY COMMISSIONER LUDHIANA_IDA),132,50570695.0,383111.32575757575,28.558333333333334,12,9.090909090909092,33.725506072874495,-5.1671727395411615,30.0,District and IDA parameters match regional baseline standards.
Punjab,MALERKOTLA(Deputy Commissioner Malerkotla_IDA),4,3396215.0,849053.75,25.025,0,0.0,33.725506072874495,-8.700506072874497,20.0,District and IDA parameters match regional baseline standards.
Punjab,MANSA(DEPUTY COMMISSIONER MANSA_IDA),75,26950753.0,359343.37333333335,20.790666666666667,6,8.0,33.725506072874495,-12.934839406207828,30.0,District and IDA parameters match regional baseline standards.
Punjab,MOGA(Deputy Commissioner Moga),65,20585000.0,316692.3076923077,57.636923076923075,38,58.46153846153847,33.725506072874495,23.91141700404858,85.0,IDA average risk (57.6) is significantly higher than state baseline (33.7). | High concentration of flagged projects (58.5% critical/high risk).
Punjab,PATHANKOT(DEPUTY COMMISSIONER PATHANKOT_IDA),47,8039578.0,171054.8510638298,66.17446808510638,41,87.2340425531915,33.725506072874495,32.44896201223189,85.0,IDA average risk (66.2) is significantly higher than state baseline (33.7). | High concentration of flagged projects (87.2% critical/high risk).
Punjab,PATIALA(DEPUTY COMMISSIONER PATIALA_IDA),58,14003237.0,241435.12068965516,27.013793103448275,0,0.0,33.725506072874495,-6.71171296942622,20.0,District and IDA parameters match regional baseline standards.
Punjab,RUPNAGAR(DEPUTY COMMISSIONER ROOPNAGAR_IDA),51,23249589.0,455874.29411764705,24.186274509803923,4,7.8431372549019605,33.725506072874495,-9.539231563070572,20.0,District and IDA parameters match regional baseline standards.
Punjab,S.A.S Nagar(DEPUTY COMMISSIONER SAHIBZADA AJIT SINGH NAGAR MOHALI_IDA),11,3314094.0,301281.2727272727,15.081818181818182,0,0.0,33.725506072874495,-18.643687891056313,20.0,District and IDA parameters match regional baseline standards.
Punjab,SANGRUR(DEPUTY COMMISSIONER SANGRUR_IDA),6,1450000.0,241666.66666666666,41.26666666666667,2,33.33333333333333,33.725506072874495,7.541160593792178,70.0,High concentration of flagged projects (33.3% critical/high risk).
Punjab,SRI MUKTSAR SAHIB(DEPUTY COMMISSIONER SRI MUKTSAR SAHIB_IDA),71,20080227.0,282820.0985915493,26.988732394366195,11,15.492957746478872,33.725506072874495,-6.7367736785083,35.0,District and IDA parameters match regional baseline standards.
Punjab,Shahid Bhagat Singh Nagar(Deputy Commissioner Shahid Bhagat Singh Nagar_ida),41,16041741.0,391261.9756097561,22.087804878048782,0,0.0,33.725506072874495,-11.637701194825713,20.0,District and IDA parameters match regional baseline standards.
Rajasthan,AJMER(DISTRICT COLLECTOR AJMER_IDA),26,20772514.0,798942.8461538461,32.676923076923075,1,3.8461538461538463,26.282744282744282,6.394178794178792,40.0,District and IDA parameters match regional baseline standards.
Rajasthan,ALWAR(DISTRICT COLLECTOR ALWAR_IDA),63,55914434.1,887530.7000000001,29.55238095238095,2,3.1746031746031744,26.282744282744282,3.269636669636668,20.0,District and IDA parameters match regional baseline standards.
Rajasthan,Anoopgarh(DISTRICT COLLECTOR Anoopgarh_IDA),2,2477799.0,1238899.5,57.5,0,0.0,26.282744282744282,31.217255717255718,55.0,IDA average risk (57.5) is significantly higher than state baseline (26.3).
Rajasthan,BANSWARA(DISTRICT COLLECTOR BANSWARA_IDA),13,17679450.0,1359957.6923076923,31.853846153846156,0,0.0,26.282744282744282,5.571101871101874,40.0,District and IDA parameters match regional baseline standards.
Rajasthan,BARAN(DISTRICT COLLECTOR BARAN_IDA),2,5000000.0,2500000.0,39.3,0,0.0,26.282744282744282,13.017255717255715,40.0,IDA average risk (39.3) is significantly higher than state baseline (26.3).
Rajasthan,BARMER(DISTRICT COLLECTOR BARMER_IDA),45,23100765.0,513350.3333333333,30.442222222222224,9,20.0,26.282744282744282,4.1594779394779415,35.0,High concentration of flagged projects (20.0% critical/high risk).
Rajasthan,BHARATPUR(DISTRICT COLLECTOR BHARATPUR_IDA),34,15378620.0,452312.35294117645,32.370588235294115,0,0.0,26.282744282744282,6.087843952549832,40.0,District and IDA parameters match regional baseline standards.
Rajasthan,BHILWARA(DISTRICT COLLECTOR BHILWARA_IDA),41,20642759.0,503481.9268292683,22.97073170731707,0,0.0,26.282744282744282,-3.312012575427211,20.0,District and IDA parameters match regional baseline standards.
Rajasthan,BIKANER(DISTRICT COLLECTOR BIKANER_IDA),31,37658362.0,1214785.8709677418,34.26451612903226,0,0.0,26.282744282744282,7.981771846287977,40.0,District and IDA parameters match regional baseline standards.
Rajasthan,BUNDI(DISTRICT COLLECTOR BUNDI_IDA),14,8398758.0,599911.2857142857,33.56428571428571,0,0.0,26.282744282744282,7.281541431541427,40.0,District and IDA parameters match regional baseline standards.
Rajasthan,Balotra(DISTRICT COLLECTOR Balotra_IDA),43,20335765.0,472924.76744186046,26.27441860465116,1,2.3255813953488373,26.282744282744282,-0.008325678093122235,20.0,District and IDA parameters match regional baseline standards.
Rajasthan,Beawar(DISTRICT COLLECTOR Beawar_IDA),9,6999600.0,777733.3333333334,55.611111111111114,3,33.33333333333333,26.282744282744282,29.328366828366832,85.0,IDA average risk (55.6) is significantly higher than state baseline (26.3). | High concentration of flagged projects (33.3% critical/high risk).
Rajasthan,CHITTORGARH(DISTRICT COLLECTOR CHITTORGARH_IDA),9,4646389.0,516265.44444444444,22.644444444444446,0,0.0,26.282744282744282,-3.6382998382998366,20.0,District and IDA parameters match regional baseline standards.
Rajasthan,CHURU(DISTRICT COLLECTOR CHURU_IDA),45,43296130.0,962136.2222222222,29.97555555555556,0,0.0,26.282744282744282,3.6928112728112765,20.0,District and IDA parameters match regional baseline standards.
Rajasthan,DAUSA(DISTRICT COLLECTOR DAUSA_IDA),3,2935573.0,978524.3333333334,29.23333333333333,0,0.0,26.282744282744282,2.9505890505890484,20.0,District and IDA parameters match regional baseline standards.
Rajasthan,DUNGARPUR(DISTRICT COLLECTOR DUNGARPUR_IDA),47,51116471.0,1087584.4893617022,23.836170212765957,0,0.0,26.282744282744282,-2.4465740699783254,20.0,District and IDA parameters match regional baseline standards.
Rajasthan,Deeg(DISTRICT COLLECTOR Deeg_IDA),16,6949858.0,434366.125,34.925,0,0.0,26.282744282744282,8.642255717255715,40.0,District and IDA parameters match regional baseline standards.
Rajasthan,Dudu(DISTRICT COLLECTOR Dudu_IDA),3,2457063.0,819021.0,23.46666666666667,0,0.0,26.282744282744282,-2.8160776160776138,20.0,District and IDA parameters match regional baseline standards.
Rajasthan,HANUMANGARH(DISTRICT COLLECTOR HANUMANGARH_IDA),11,5792250.0,526568.1818181818,25.136363636363637,0,0.0,26.282744282744282,-1.1463806463806456,20.0,District and IDA parameters match regional baseline standards.
Rajasthan,JAIPUR(DISTRICT COLLECTOR JAIPUR_IDA),15,17897015.0,1193134.3333333333,35.28666666666666,0,0.0,26.282744282744282,9.00392238392238,40.0,District and IDA parameters match regional baseline standards.
Rajasthan,JAISALMER(DISTRICT COLLECTOR JAISLAMER_IDA),12,3140286.0,261690.5,33.800000000000004,0,0.0,26.282744282744282,7.517255717255722,40.0,District and IDA parameters match regional baseline standards.
Rajasthan,JALORE(DISTRICT COLLECTOR JALORE_IDA),26,18861990.0,725461.1538461539,20.99230769230769,0,0.0,26.282744282744282,-5.290436590436592,20.0,District and IDA parameters match regional baseline standards.
Rajasthan,JHALAWAR(DISTRICT COLLECTOR JHALAWAR_IDA),1,1100000.0,1100000.0,30.6,0,0.0,26.282744282744282,4.317255717255719,20.0,District and IDA parameters match regional baseline standards.
Rajasthan,JHUNJHUNU(DISTRICT COLLECTOR JHUNJHUNU_IDA),50,27375994.0,547519.88,19.642,0,0.0,26.282744282744282,-6.640744282744283,20.0,District and IDA parameters match regional baseline standards.
Rajasthan,Jaipur Gramin(DISTRICT COLLECTOR Jaipur Gramin_IDA),2,3000000.0,1500000.0,31.85,0,0.0,26.282744282744282,5.567255717255719,40.0,District and IDA parameters match regional baseline standards.
Rajasthan,KOTA(DISTRICT COLLECTOR KOTA_IDA),16,13595169.0,849698.0625,28.53125,0,0.0,26.282744282744282,2.2485057172557177,20.0,District and IDA parameters match regional baseline standards.
Rajasthan,Kekri(DISTRICT COLLECTOR Kekri_IDA),13,7382028.0,567848.3076923077,29.77692307692308,0,0.0,26.282744282744282,3.494178794178797,20.0,District and IDA parameters match regional baseline standards.
Rajasthan,Khairthal-Tijara(DISTRICT COLLECTOR KHAIRTHAL TIJARA_IDA),5,6713652.0,1342730.4,36.36,0,0.0,26.282744282744282,10.077255717255717,40.0,IDA average risk (36.4) is significantly higher than state baseline (26.3).
Rajasthan,Kotputli-Behror(DISTRICT COLLECTOR Kotputli Behror_IDA),2,2500000.0,1250000.0,27.2,0,0.0,26.282744282744282,0.917255717255717,20.0,District and IDA parameters match regional baseline standards.
Rajasthan,NAGAUR(DISTRICT COLLECTOR NAGAUR_IDA),167,51238638.0,306818.19161676645,17.194610778443113,0,0.0,26.282744282744282,-9.088133504301169,30.0,Unusually high project concentration (167 works sanctioned).
Rajasthan,Neem Ka Thana(DISTRICT COLLECTOR Neem Ka Thana_IDA),17,9146872.0,538051.2941176471,27.423529411764704,0,0.0,26.282744282744282,1.140785129020422,20.0,District and IDA parameters match regional baseline standards.
Rajasthan,PALI(DISTRICT COLLECTOR PALI_IDA),8,8155790.0,1019473.75,29.8625,0,0.0,26.282744282744282,3.5797557172557184,20.0,District and IDA parameters match regional baseline standards.
Rajasthan,PRATAPGARH(DISTRICT COLLECTOR PRATAPGARH_IDA),7,3347140.0,478162.85714285716,60.457142857142856,2,28.57142857142857,26.282744282744282,34.17439857439857,85.0,IDA average risk (60.5) is significantly higher than state baseline (26.3). | High concentration of flagged projects (28.6% critical/high risk).
Rajasthan,RAJSAMAND(DISTRICT COLLECTOR RAJSAMAND_IDA),15,12499936.0,833329.0666666667,31.5,0,0.0,26.282744282744282,5.217255717255718,40.0,District and IDA parameters match regional baseline standards.
Rajasthan,SIKAR(DISTRICT COLLECTOR SIKAR_IDA),61,32780765.0,537389.5901639344,23.1655737704918,0,0.0,26.282744282744282,-3.117170512252482,20.0,District and IDA parameters match regional baseline standards.
Rajasthan,SIROHI(DISTRICT COLLECTOR SIROHI_IDA),8,5701353.0,712669.125,20.7,0,0.0,26.282744282744282,-5.582744282744283,20.0,District and IDA parameters match regional baseline standards.
Rajasthan,Salumbar(DISTRICT COLLECTOR Salumbar_IDA),3,1793000.0,597666.6666666666,48.13333333333333,1,33.33333333333333,26.282744282744282,21.85058905058905,85.0,IDA average risk (48.1) is significantly higher than state baseline (26.3). | High concentration of flagged projects (33.3% critical/high risk).
Rajasthan,Sanchor(DISTRICT COLLECTOR Sanchor_IDA),9,6399237.0,711026.3333333334,23.71111111111111,0,0.0,26.282744282744282,-2.5716331716331737,20.0,District and IDA parameters match regional baseline standards.
Rajasthan,Shahpura(DISTRICT COLLECTOR Shahpura_IDA),54,23690182.0,438707.0740740741,25.47962962962963,0,0.0,26.282744282744282,-0.8031146531146511,20.0,District and IDA parameters match regional baseline standards.
Rajasthan,UDAIPUR(DISTRICT COLLECTOR UDAIPUR_IDA),14,15129338.0,1080667.0,21.585714285714285,0,0.0,26.282744282744282,-4.697029997029997,20.0,District and IDA parameters match regional baseline standards.
Sikkim,Gangtok(DISTRICT COLLECTOR EAST DISTRICT_IDA),12,24500000.0,2041666.6666666667,28.008333333333336,0,0.0,31.45714285714286,-3.4488095238095227,20.0,District and IDA parameters match regional baseline standards.
Sikkim,Gyalshing(DISTRICT COLLECTOR GYALSHING_IDA),4,12000000.0,3000000.0,61.875,2,50.0,31.45714285714286,30.41785714285714,85.0,IDA average risk (61.9) is significantly higher than state baseline (31.5). | High concentration of flagged projects (50.0% critical/high risk).
Sikkim,Mangan(DISTRICT COLLECTOR MANGAN_IDA),3,9378159.0,3126053.0,14.4,0,0.0,31.45714285714286,-17.057142857142857,20.0,District and IDA parameters match regional baseline standards.
Sikkim,Pakyong(DISTRICT COLLECTOR PAKYONG_IDA),2,3000000.0,1500000.0,16.9,0,0.0,31.45714285714286,-14.55714285714286,20.0,District and IDA parameters match regional baseline standards.
Tamil Nadu,Ariyalur(District Collector Ariyalur_IDA),10,16297362.0,1629736.2,65.97,6,60.0,36.79733924611973,29.172660753880265,85.0,IDA average risk (66.0) is significantly higher than state baseline (36.8). | High concentration of flagged projects (60.0% critical/high risk).
Tamil Nadu,CHENGALPATTU(District Collector Chengalpattu_IDA),198,55485149.0,280228.0252525252,36.85808080808081,33,16.666666666666664,36.79733924611973,0.06074156196107339,45.0,Unusually high project concentration (198 works sanctioned).
Tamil Nadu,CHENNAI(COMMISSIONER MUNCIPAL CORPORATION CHENNAI_IDA),40,109556444.0,2738911.1,63.875,16,40.0,36.79733924611973,27.077660753880266,85.0,IDA average risk (63.9) is significantly higher than state baseline (36.8). | High concentration of flagged projects (40.0% critical/high risk).
Tamil Nadu,COIMBATORE(DISTRICT COLLECTOR COIMBATORE_IDA),28,52737214.0,1883471.9285714286,53.957142857142856,10,35.714285714285715,36.79733924611973,17.159803611023122,85.0,IDA average risk (54.0) is significantly higher than state baseline (36.8). | High concentration of flagged projects (35.7% critical/high risk).
Tamil Nadu,CUDDALORE(DISTRICT COLLECTOR CUDDALORE_IDA),69,71200887.0,1031896.9130434783,44.507246376811594,1,1.4492753623188406,36.79733924611973,7.70990713069186,40.0,District and IDA parameters match regional baseline standards.
Tamil Nadu,DHARMAPURI(DISTRICT COLLECTOR DHARMAPURI_IDA),17,16488312.0,969900.7058823529,31.34705882352941,0,0.0,36.79733924611973,-5.450280422590325,20.0,District and IDA parameters match regional baseline standards.
Tamil Nadu,DINDIGUL(DISTRICT COLLECTOR DINDIGUL_IDA),37,49194835.0,1329590.1351351351,37.11891891891892,1,2.7027027027027026,36.79733924611973,0.32157967279918864,20.0,District and IDA parameters match regional baseline standards.
Tamil Nadu,ERODE(DISTRICT_COLLECTORE_ERODE_IDA),63,61089186.0,969669.619047619,34.96825396825397,5,7.936507936507936,36.79733924611973,-1.8290852778657651,20.0,District and IDA parameters match regional baseline standards.
Tamil Nadu,KALLAKURICHI(District Collector Kallakurichi_IDA),49,41165651.0,840115.3265306122,19.00204081632653,0,0.0,36.79733924611973,-17.795298429793203,20.0,District and IDA parameters match regional baseline standards.
Tamil Nadu,KANNIYAKUMARI(DISTRICT COLLECTOR KANNIYAKUMARI_IDA),53,60176623.0,1135407.9811320754,31.128301886792453,8,15.09433962264151,36.79733924611973,-5.66903735932728,35.0,District and IDA parameters match regional baseline standards.
Tamil Nadu,KARUR(DISTRICT COLLECTOR KARUR_IDA),34,21675532.0,637515.6470588235,37.529411764705884,3,8.823529411764707,36.79733924611973,0.7320725185861505,20.0,District and IDA parameters match regional baseline standards.
Tamil Nadu,KRISHNAGIRI(DISTRICT COLLECTOR KRISHNAGIRI_IDA),43,37274009.0,866837.4186046511,20.16046511627907,1,2.3255813953488373,36.79733924611973,-16.636874129840663,20.0,District and IDA parameters match regional baseline standards.
Tamil Nadu,Kancheepuram(DISTRICT COLLECTOR KANCHEEPURAM_IDA),66,67101726.0,1016692.8181818182,42.556060606060605,17,25.757575757575758,36.79733924611973,5.758721359940871,70.0,High concentration of flagged projects (25.8% critical/high risk).
Tamil Nadu,MADURAI(DISTRICT COLLECTOR MADURAI_IDA),43,44121412.0,1026079.3488372093,53.0953488372093,7,16.27906976744186,36.79733924611973,16.298009591089567,70.0,IDA average risk (53.1) is significantly higher than state baseline (36.8).
Tamil Nadu,Mayiladuthurai(District Collector Mayiladuthurai_IDA),25,19020000.0,760800.0,35.656,6,24.0,36.79733924611973,-1.1413392461197347,35.0,High concentration of flagged projects (24.0% critical/high risk).
Tamil Nadu,NAMAKKAL(DISTRICT COLLECTOR NAMAKKAL_IDA),56,42423402.0,757560.75,18.3125,0,0.0,36.79733924611973,-18.484839246119734,20.0,District and IDA parameters match regional baseline standards.
Tamil Nadu,PERAMBALUR(DISTRICT COLLECTOR PERAMBALUR_IDA),17,20935000.0,1231470.5882352942,54.099999999999994,1,5.88235294117647,36.79733924611973,17.30266075388026,55.0,IDA average risk (54.1) is significantly higher than state baseline (36.8).
Tamil Nadu,PUDUKKOTTAI(DISTRICT COLLECTOR PUDUKKOTTAI_IDA),52,36493904.0,701805.8461538461,31.54423076923077,0,0.0,36.79733924611973,-5.253108476888965,20.0,District and IDA parameters match regional baseline standards.
Tamil Nadu,RAMANATHAPURAM(DISTRICT COLLECTOR RAMANATHAPURAM_IDA),2,1599477.0,799738.5,13.4,0,0.0,36.79733924611973,-23.397339246119735,20.0,District and IDA parameters match regional baseline standards.
Tamil Nadu,"Ranipet(District Collector, Ranipet_2)",25,25162408.0,1006496.32,56.912,11,44.0,36.79733924611973,20.114660753880266,85.0,IDA average risk (56.9) is significantly higher than state baseline (36.8). | High concentration of flagged projects (44.0% critical/high risk).
Tamil Nadu,SALEM(DISTRICT COLLECTOR SALEM_IDA),47,23871974.0,507914.3404255319,46.274468085106385,6,12.76595744680851,36.79733924611973,9.477128838986651,55.0,District and IDA parameters match regional baseline standards.
Tamil Nadu,SIVAGANGA(DISTRICT COLLECTOR SIVAGANGA_IDA),55,42292665.0,768957.5454545454,42.06727272727272,9,16.363636363636363,36.79733924611973,5.269933481152989,55.0,District and IDA parameters match regional baseline standards.
Tamil Nadu,TENKASI(DISTRICT COLLECTOR TENKASI_IDA),47,57319815.0,1219570.5319148935,44.31063829787234,9,19.148936170212767,36.79733924611973,7.513299051752604,55.0,District and IDA parameters match regional baseline standards.
Tamil Nadu,THANJAVUR(DISTRICT COLLECTOR THANJAVUR_IDA),37,54557899.0,1474537.810810811,27.33243243243243,0,0.0,36.79733924611973,-9.464906813687303,20.0,District and IDA parameters match regional baseline standards.
Tamil Nadu,THE NILGIRIS(DISTRICT COLLECTOR NILGIRIS_IDA),18,11960640.0,664480.0,54.00555555555556,3,16.666666666666664,36.79733924611973,17.208216309435826,70.0,IDA average risk (54.0) is significantly higher than state baseline (36.8).
Tamil Nadu,THENI(District Collector Theni_5),17,11575000.0,680882.3529411765,72.34117647058824,13,76.47058823529412,36.79733924611973,35.543837224468504,85.0,IDA average risk (72.3) is significantly higher than state baseline (36.8). | High concentration of flagged projects (76.5% critical/high risk).
Tamil Nadu,THIRUVALLUR(DISTRICT COLLECTOR TIRUVALLUR_IDA),93,55529092.0,597087.0107526882,26.813978494623655,4,4.301075268817205,36.79733924611973,-9.983360751496079,30.0,District and IDA parameters match regional baseline standards.
Tamil Nadu,THIRUVARUR(DISTRICT COLLECTOR THIRUVARUR_IDA),24,21125234.0,880218.0833333334,29.479166666666668,0,0.0,36.79733924611973,-7.318172579453066,20.0,District and IDA parameters match regional baseline standards.
Tamil Nadu,TIRUCHIRAPPALLI(DISTRICT COLLECTOR TIRUCHIRAPPALLI_IDA),34,58540763.0,1721787.1470588236,54.7764705882353,7,20.588235294117645,36.79733924611973,17.979131342115565,70.0,IDA average risk (54.8) is significantly higher than state baseline (36.8). | High concentration of flagged projects (20.6% critical/high risk).
Tamil Nadu,TIRUNELVELI(DISTRICT COLLECTOR TIRUNELVELI_IDA),46,29196739.0,634711.7173913043,39.43043478260869,0,0.0,36.79733924611973,2.633095536488959,20.0,District and IDA parameters match regional baseline standards.
Tamil Nadu,TIRUPPUR(DISTRICT COLLECTOR TIRUPPUR_IDA),64,58649055.0,916391.484375,56.1859375,15,23.4375,36.79733924611973,19.388598253880268,70.0,IDA average risk (56.2) is significantly higher than state baseline (36.8). | High concentration of flagged projects (23.4% critical/high risk).
Tamil Nadu,TIRUVANNAMALAI(DISTRICT COLLECTOR TIRUVANNAMALAI_IDA),195,89764811.0,460332.3641025641,26.463076923076922,2,1.0256410256410255,36.79733924611973,-10.334262323042811,30.0,Unusually high project concentration (195 works sanctioned).
Tamil Nadu,Thoothukkudi(DISTRICT COLLECTOR THOOTHUKUDI_IDA),15,35986942.0,2399129.466666667,54.580000000000005,6,40.0,36.79733924611973,17.782660753880272,85.0,IDA average risk (54.6) is significantly higher than state baseline (36.8). | High concentration of flagged projects (40.0% critical/high risk).
Tamil Nadu,Tirupathur(District Collector Tirupathur_IDA),36,18972307.0,527008.5277777778,35.922222222222224,1,2.7777777777777777,36.79733924611973,-0.8751170238975092,20.0,District and IDA parameters match regional baseline standards.
Tamil Nadu,VIRUDHUNAGAR(DISTRICT COLLECTOR VIRUDHUNAGAR_IDA),54,46910673.0,868716.1666666666,36.461111111111116,5,9.25925925925926,36.79733924611973,-0.3362281350086178,20.0,District and IDA parameters match regional baseline standards.
Tamil Nadu,Viluppuram(DISTRICT COLLECTOR VILLUPURAM_IDA),95,70090467.0,737794.3894736842,20.397894736842105,8,8.421052631578947,36.79733924611973,-16.39944450927763,30.0,District and IDA parameters match regional baseline standards.
Telangana,BHADRADRI KOTHAGUDEM(District Collector Bhadradri Ktdm_IDA),2,999000.0,499500.0,16.45,0,0.0,38.627442702050665,-22.177442702050666,20.0,District and IDA parameters match regional baseline standards.
Telangana,HANUMAKONDA(DISTRICT COLLECTOR HANUMAKONDA_IDA),50,19550696.0,391013.92,29.842,2,4.0,38.627442702050665,-8.785442702050666,20.0,District and IDA parameters match regional baseline standards.
Telangana,JANGOAN(DISTRICT COLLECTOR JANGAON_IDA),61,13117488.0,215040.7868852459,34.85573770491803,1,1.639344262295082,38.627442702050665,-3.7717049971326375,20.0,District and IDA parameters match regional baseline standards.
Telangana,JAYASHANKAR BHUPALAPALLY(DISTRICT COLLECTOR JAYASHANKAR BHUPALPALLY_IDA),8,2561156.0,320144.5,61.9375,3,37.5,38.627442702050665,23.310057297949335,85.0,IDA average risk (61.9) is significantly higher than state baseline (38.6). | High concentration of flagged projects (37.5% critical/high risk).
Telangana,Jagitial(DISTRICT COLLECTOR JAGTIAL_IDA),177,60075190.0,339407.85310734465,44.57005649717514,53,29.943502824858758,38.627442702050665,5.942613795124473,80.0,High concentration of flagged projects (29.9% critical/high risk). | Unusually high project concentration (177 works sanctioned).
Telangana,KARIMNAGAR(DISTRICT COLLECTOR KARIMNAGAR_IDA),51,21609763.0,423720.8431372549,52.127450980392155,7,13.725490196078432,38.627442702050665,13.50000827834149,55.0,IDA average risk (52.1) is significantly higher than state baseline (38.6).
Telangana,KHAMMAM(DISTRICT COLLECTOR KHAMMAM_IDA),46,17939146.0,389981.4347826087,29.080434782608698,3,6.521739130434782,38.627442702050665,-9.547007919441967,20.0,District and IDA parameters match regional baseline standards.
Telangana,KUMURAM BHEEM ASIFABAD(District Collector KB Asifabad_IDA),53,7750000.0,146226.4150943396,57.24528301886792,32,60.37735849056604,38.627442702050665,18.617840316817258,85.0,IDA average risk (57.2) is significantly higher than state baseline (38.6). | High concentration of flagged projects (60.4% critical/high risk).
Telangana,MAHABUBABAD(DISTRICT COLLECTOR MAHABUBABAD_IDA),36,14125222.0,392367.27777777775,48.363888888888894,3,8.333333333333332,38.627442702050665,9.73644618683823,40.0,District and IDA parameters match regional baseline standards.
Telangana,MAHABUBNAGAR(DISTRICT COLLECTOR MAHABUBNAGAR_3),38,11905687.0,313307.55263157893,29.426315789473687,3,7.894736842105263,38.627442702050665,-9.201126912576978,20.0,District and IDA parameters match regional baseline standards.
Telangana,MANCHERIAL(District Collector Mancherial_IDA),4,5850000.0,1462500.0,27.674999999999997,0,0.0,38.627442702050665,-10.952442702050668,20.0,District and IDA parameters match regional baseline standards.
Telangana,MEDAK(COLLECTOR MEDAK DISTRICT),9,5854875.0,650541.6666666666,46.333333333333336,1,11.11111111111111,38.627442702050665,7.705890631282671,55.0,District and IDA parameters match regional baseline standards.
Telangana,MEDCHAL MALKAJGIRI(DISTRICT COLLECTOR MEDCHAL MALKAJGIRI_IDA),43,32489904.0,755579.1627906977,50.230232558139534,12,27.906976744186046,38.627442702050665,11.602789856088869,70.0,IDA average risk (50.2) is significantly higher than state baseline (38.6). | High concentration of flagged projects (27.9% critical/high risk).
Telangana,Mulugu(District Collector Mulugu_ida),1,499000.0,499000.0,21.9,0,0.0,38.627442702050665,-16.727442702050666,20.0,District and IDA parameters match regional baseline standards.
Telangana,NAGARKURNOOL(DISTRICT COLLECTOR NAGARKURNOOL_IDA),11,4097187.0,372471.54545454547,14.818181818181818,0,0.0,38.627442702050665,-23.809260883868845,20.0,District and IDA parameters match regional baseline standards.
Telangana,NALGONDA(DISTRICT COLLECTOR NALGONDA),74,18574996.0,251013.45945945947,18.736486486486488,1,1.3513513513513513,38.627442702050665,-19.890956215564177,20.0,District and IDA parameters match regional baseline standards.
Telangana,NIZAMABAD(DISTRICT COLLECTOR NIZAMABAD_IDA),250,89317050.0,357268.2,33.4208,42,16.8,38.627442702050665,-5.206642702050665,50.0,Unusually high project concentration (250 works sanctioned).
Telangana,Narayanpet(DISTRICT COLLECTOR NARAYANPET_IDA),30,8150000.0,271666.6666666667,41.269999999999996,3,10.0,38.627442702050665,2.642557297949331,35.0,District and IDA parameters match regional baseline standards.
Telangana,Nirmal(DISTRICT COLLECTOR NIRMAL_3),48,13445000.0,280104.1666666667,36.71875,2,4.166666666666666,38.627442702050665,-1.908692702050665,20.0,District and IDA parameters match regional baseline standards.
Telangana,PEDDAPALLI(District Collector Peddapally_IDA),16,6209997.0,388124.8125,47.1875,1,6.25,38.627442702050665,8.560057297949335,40.0,District and IDA parameters match regional baseline standards.
Telangana,PRAKASAM(DISTRICT COLLECTOR PRAKASAM_IDA),4,980000.0,245000.0,36.3,0,0.0,38.627442702050665,-2.327442702050668,20.0,District and IDA parameters match regional baseline standards.
Telangana,RAJANNA SIRCILLA(DISTRICT COLLECTOR RAJANNA SIRCILLA_IDA),17,3320000.0,195294.11764705883,55.05882352941177,0,0.0,38.627442702050665,16.431380827361103,55.0,IDA average risk (55.1) is significantly higher than state baseline (38.6).
Telangana,RANGA REDDY(DISTRICT COLLECTOR RANGAREDDY_IDA),73,23287568.0,319007.7808219178,20.51095890410959,0,0.0,38.627442702050665,-18.116483797941076,20.0,District and IDA parameters match regional baseline standards.
Telangana,SANGAREDDY(District Collector Sangareddy_IDA),10,9705372.0,970537.2,29.4,1,10.0,38.627442702050665,-9.227442702050666,35.0,District and IDA parameters match regional baseline standards.
Telangana,SIDDIPET(District Collector Siddipet_IDA),89,32711282.0,367542.4943820225,42.69325842696629,9,10.112359550561797,38.627442702050665,4.065815724915623,45.0,District and IDA parameters match regional baseline standards.
Telangana,SURYAPET(DISTRICT COLLECTOR SURYAPET),32,7644141.0,238879.40625,56.284375,5,15.625,38.627442702050665,17.656932297949332,70.0,IDA average risk (56.3) is significantly higher than state baseline (38.6).
Telangana,VIKARABAD(DISTRICT COLLECTOR VIKARABAD_2),161,29431686.0,182805.50310559006,38.754658385093165,1,0.6211180124223602,38.627442702050665,0.12721568304250042,30.0,Unusually high project concentration (161 works sanctioned).
Telangana,WANAPARTHY(DISTRICT COLLECTOR WANAPARTHY_IDA),8,13899512.0,1737439.0,22.1125,0,0.0,38.627442702050665,-16.514942702050664,20.0,District and IDA parameters match regional baseline standards.
Telangana,WARANGAL(District Collector Warangal_IDA),107,13664753.0,127707.97196261682,59.674766355140186,34,31.775700934579437,38.627442702050665,21.04732365308952,95.0,IDA average risk (59.7) is significantly higher than state baseline (38.6). | High concentration of flagged projects (31.8% critical/high risk).
Telangana,YADADRI BHUVANAGIRI(DISTRICT COLLECTOR YADADRI BHUVANAGIRI_IDA),149,12555000.0,84261.74496644296,30.030201342281877,4,2.684563758389262,38.627442702050665,-8.597241359768788,30.0,District and IDA parameters match regional baseline standards.
Tripura,Dhalai(DISTRICT MAGISTRATE DHALAI_IDA),3,11479250.0,3826416.6666666665,62.0,1,33.33333333333333,49.775,12.225000000000001,70.0,IDA average risk (62.0) is significantly higher than state baseline (49.8). | High concentration of flagged projects (33.3% critical/high risk).
Tripura,Khowai(DISTRICT MAGISTRATE and COLLECTOR  KHOWAI_IDA),1,2500000.0,2500000.0,53.2,0,0.0,49.775,3.4250000000000043,20.0,District and IDA parameters match regional baseline standards.
Tripura,North Tripura(DISTRICT MAGISTRATE and COLLECTOR NORTH TRIPURA DISTRICT_IDA),1,5807060.0,5807060.0,78.6,1,100.0,49.775,28.824999999999996,85.0,IDA average risk (78.6) is significantly higher than state baseline (49.8). | High concentration of flagged projects (100.0% critical/high risk).
Tripura,Sepahijala(DISTRICT MAGISTRATE and COLLECTOR SIPAHIJALA_IDA),3,27701250.0,9233750.0,39.26666666666667,0,0.0,49.775,-10.508333333333326,20.0,District and IDA parameters match regional baseline standards.
Tripura,West Tripura(DISTRICT MAGISTRATE WEST TRIPURA_IDA),4,16898444.0,4224611.0,40.425,0,0.0,49.775,-9.350000000000001,20.0,District and IDA parameters match regional baseline standards.
Uttar Pradesh,AGRA(DISTRICT MAGISTRAE AGRA_IDA),64,93952256.0,1468004.0,19.4953125,0,0.0,29.03272544514647,-9.537412945146468,20.0,District and IDA parameters match regional baseline standards.
Uttar Pradesh,ALIGARH(DISTRICT MAGISTRATE ALIGARH_IDA),43,52521717.0,1221435.2790697673,17.493023255813956,0,0.0,29.03272544514647,-11.539702189332512,20.0,District and IDA parameters match regional baseline standards.
Uttar Pradesh,AMBEDKAR NAGAR(DISTRICT MAGISTRATE AMBEDKAR NAGAR_IDA),129,40231747.0,311874.00775193796,32.26279069767442,0,0.0,29.03272544514647,3.2300652525279503,30.0,District and IDA parameters match regional baseline standards.
Uttar Pradesh,AMROHA(DISTRICT MAGISTRATE JYOTIBAPHULE NAGAR_IDA),31,36773325.0,1186236.2903225806,14.748387096774193,0,0.0,29.03272544514647,-14.284338348372275,20.0,District and IDA parameters match regional baseline standards.
Uttar Pradesh,AURAIYA(DISTRICT MAGISTRATE AURAIYA_IDA),120,50034759.0,416956.325,41.9275,0,0.0,29.03272544514647,12.894774554853534,50.0,IDA average risk (41.9) is significantly higher than state baseline (29.0).
Uttar Pradesh,AYODHYA(DISTRICT MAGISTRAE FAIZABAD_IDA),46,56122649.0,1220057.5869565217,18.53695652173913,0,0.0,29.03272544514647,-10.49576892340734,20.0,District and IDA parameters match regional baseline standards.
Uttar Pradesh,AZAMGARH(DISTRICT MAGISTRATE AZAMGARH_IDA),121,66610652.0,550501.2561983471,35.260330578512395,9,7.43801652892562,29.03272544514647,6.227605133365927,50.0,District and IDA parameters match regional baseline standards.
Uttar Pradesh,Amethi(DISTRICT MAGISTRAE AMETHI_IDA),16,24590249.0,1536890.5625,37.16875,0,0.0,29.03272544514647,8.136024554853535,40.0,District and IDA parameters match regional baseline standards.
Uttar Pradesh,BAGHPAT(DISTRICT MAGISTRATE BAGHPAT_IDA),12,7722283.0,643523.5833333334,53.64166666666667,0,0.0,29.03272544514647,24.608941221520205,55.0,IDA average risk (53.6) is significantly higher than state baseline (29.0).
Uttar Pradesh,BAHRAICH(DISTRICT MAGISTRAE BAHRAICH_IDA),42,54964393.0,1308676.0238095238,19.192857142857143,0,0.0,29.03272544514647,-9.839868302289325,20.0,District and IDA parameters match regional baseline standards.
Uttar Pradesh,BALLIA(DISTRICT MAGISTRAE BALLIA_IDA),153,53988157.0,352863.7712418301,48.81830065359477,41,26.797385620915033,29.03272544514647,19.7855752084483,95.0,IDA average risk (48.8) is significantly higher than state baseline (29.0). | High concentration of flagged projects (26.8% critical/high risk). | Unusually high project concentration (153 works sanctioned).
Uttar Pradesh,BALRAMPUR(DISTRICT MAGISTRATE BALRAMPUR_IDA),13,11364132.0,874164.0,13.176923076923078,0,0.0,29.03272544514647,-15.85580236822339,20.0,District and IDA parameters match regional baseline standards.
Uttar Pradesh,BANDA(DISTRICT MAGISTRATE BANDA_IDA),152,41354712.12,272070.4744736842,25.989473684210527,0,0.0,29.03272544514647,-3.0432517609359415,30.0,Unusually high project concentration (152 works sanctioned).
Uttar Pradesh,BAREILLY(DISTRICT MAGISTRAE BAREILLY_IDA),72,38996946.0,541624.25,32.298611111111114,24,33.33333333333333,29.03272544514647,3.265885665964646,50.0,High concentration of flagged projects (33.3% critical/high risk).
Uttar Pradesh,BASTI(DISTRICT MAGISTRATE BASTI_IDA),67,68731600.0,1025844.776119403,35.514925373134325,0,0.0,29.03272544514647,6.482199927987857,40.0,District and IDA parameters match regional baseline standards.
Uttar Pradesh,BHADOHI(DISTRICT MAGISTRATE BHADOHI_IDA),255,30675767.0,120297.12549019608,14.146274509803922,0,0.0,29.03272544514647,-14.886450935342546,35.0,Unusually high project concentration (255 works sanctioned).
Uttar Pradesh,BIJNOR(DISTRICT MAGISTRATE BIJNOR_IDA),237,81660655.0,344559.72573839664,19.59662447257384,12,5.063291139240507,29.03272544514647,-9.436100972572628,35.0,Unusually high project concentration (237 works sanctioned).
Uttar Pradesh,BUDAUN(DISTRICT MAGISTRATE BUDAUN_IDA),61,108053773.0,1771373.3278688525,41.104918032786884,0,0.0,29.03272544514647,12.072192587640416,40.0,IDA average risk (41.1) is significantly higher than state baseline (29.0).
Uttar Pradesh,BULANDSHAHR(DISTRICT MAGISTRATE BULANDSHAHR_IDA),73,67757685.0,928187.4657534247,15.621917808219179,0,0.0,29.03272544514647,-13.41080763692729,20.0,District and IDA parameters match regional baseline standards.
Uttar Pradesh,Bara Banki(DISTRICT MAGISTRATE BARABANKI_IDA),16,44681913.0,2792619.5625,58.0125,8,50.0,29.03272544514647,28.979774554853535,85.0,IDA average risk (58.0) is significantly higher than state baseline (29.0). | High concentration of flagged projects (50.0% critical/high risk).
Uttar Pradesh,CHANDAULI(DISTRICT MAGISTRATE CHANDAULI_IDA),98,39928269.0,407431.3163265306,14.986734693877551,0,0.0,29.03272544514647,-14.045990751268917,30.0,District and IDA parameters match regional baseline standards.
Uttar Pradesh,CHITRAKOOT(DISTRICT MAGISTRATE CHITRAKOOT_IDA),44,9974712.0,226698.0,32.16136363636364,0,0.0,29.03272544514647,3.1286381912171706,20.0,District and IDA parameters match regional baseline standards.
Uttar Pradesh,DEORIA(DISTRICT MAGISTRATE DEORIA),65,50451831.0,776182.0153846154,26.836923076923078,0,0.0,29.03272544514647,-2.19580236822339,20.0,District and IDA parameters match regional baseline standards.
Uttar Pradesh,ETAH(DISTRICT MAGISTRATE ETAH_IDA),100,29450312.0,294503.12,12.685,0,0.0,29.03272544514647,-16.347725445146466,30.0,District and IDA parameters match regional baseline standards.
Uttar Pradesh,ETAWAH(DISTRICT MAGISTRATE ETAWAH_IDA),105,36320426.0,345908.81904761906,17.911428571428573,0,0.0,29.03272544514647,-11.121296873717895,30.0,District and IDA parameters match regional baseline standards.
Uttar Pradesh,FARRUKHABAD(DISTRICT MAGISTRAE FARRUKHABAD_IDA),124,34041924.0,274531.6451612903,32.06935483870968,0,0.0,29.03272544514647,3.03662939356321,30.0,District and IDA parameters match regional baseline standards.
Uttar Pradesh,FATEHPUR(DISTRICT MAGISTRATE FATEHPUR_IDA),37,39935251.0,1079331.1081081082,34.2945945945946,3,8.108108108108109,29.03272544514647,5.261869149448131,40.0,District and IDA parameters match regional baseline standards.
Uttar Pradesh,FIROZABAD(DISTRICT MAGISTRATE FIROZABAD_IDA),42,96154158.0,2289384.714285714,27.87857142857143,0,0.0,29.03272544514647,-1.1541540165750384,20.0,District and IDA parameters match regional baseline standards.
Uttar Pradesh,GAUTAM BUDDHA NAGAR(DISTRICT MAGISTRATE GAUTAMBUDHNAGAR),31,29815651.28,961795.2025806452,16.106451612903225,0,0.0,29.03272544514647,-12.926273832243243,20.0,District and IDA parameters match regional baseline standards.
Uttar Pradesh,GHAZIABAD(DISTRICT MAGISTRAE GHAZIABAD_IDA),22,21618760.0,982670.9090909091,32.90909090909091,0,0.0,29.03272544514647,3.8763654639444383,20.0,District and IDA parameters match regional baseline standards.
Uttar Pradesh,GHAZIPUR(DISTRICT MAGISTRAE GHAZIPUR_IDA),156,92408991.0,592365.3269230769,48.118589743589745,33,21.153846153846153,29.03272544514647,19.085864298443276,80.0,IDA average risk (48.1) is significantly higher than state baseline (29.0). | High concentration of flagged projects (21.2% critical/high risk). | Unusually high project concentration (156 works sanctioned).
Uttar Pradesh,GONDA(DISTRICT MAGISTRATE GONDA_IDA),67,69302063.0,1034359.1492537314,21.97313432835821,0,0.0,29.03272544514647,-7.059591116788258,20.0,District and IDA parameters match regional baseline standards.
Uttar Pradesh,GORAKHPUR(DISTRICT MAGISTRATE GORAKHPUR_IDA),11,24518500.0,2228954.5454545454,42.5,1,9.090909090909092,29.03272544514647,13.467274554853532,40.0,IDA average risk (42.5) is significantly higher than state baseline (29.0).
Uttar Pradesh,HAMIRPUR(DEPUTY COMMISSIONER HAMIRPUR_IDA),1,300000.0,300000.0,17.9,0,0.0,29.03272544514647,-11.13272544514647,20.0,District and IDA parameters match regional baseline standards.
Uttar Pradesh,HAMIRPUR(DISTRICT MAGISTRATE HAMIRPUR_2),30,22499000.0,749966.6666666666,57.776666666666664,11,36.666666666666664,29.03272544514647,28.743941221520195,85.0,IDA average risk (57.8) is significantly higher than state baseline (29.0). | High concentration of flagged projects (36.7% critical/high risk).
Uttar Pradesh,HAPUR(DISTRICT MAGISTRATE HAPUR_IDA),30,19890209.0,663006.9666666667,16.996666666666666,0,0.0,29.03272544514647,-12.036058778479802,20.0,District and IDA parameters match regional baseline standards.
Uttar Pradesh,HARDOI(DISTRICT MAGISTRATE HARDOI_IDA),12,48884859.0,4073738.25,55.958333333333336,4,33.33333333333333,29.03272544514647,26.925607888186867,85.0,IDA average risk (56.0) is significantly higher than state baseline (29.0). | High concentration of flagged projects (33.3% critical/high risk).
Uttar Pradesh,HATHRAS(DISTRICT MAGISTRATE HATHRAS_IDA),18,25780958.0,1432275.4444444445,21.799999999999997,0,0.0,29.03272544514647,-7.232725445146471,20.0,District and IDA parameters match regional baseline standards.
Uttar Pradesh,JALAUN(DISTRICT MAGISTRATE JALAUN_IDA),115,27945000.0,243000.0,75.4095652173913,115,100.0,29.03272544514647,46.376839772244836,95.0,IDA average risk (75.4) is significantly higher than state baseline (29.0). | High concentration of flagged projects (100.0% critical/high risk).
Uttar Pradesh,JAUNPUR(DISTRICT MAGISTRATE JAUNPUR_IDA),1330,70077927.0,52690.17067669173,25.607293233082704,54,4.06015037593985,29.03272544514647,-3.4254322120637646,35.0,Unusually high project concentration (1330 works sanctioned).
Uttar Pradesh,JHANSI(DISTRICT MAGISTRAE JHANSI_IDA),64,31534564.0,492727.5625,30.884375000000002,16,25.0,29.03272544514647,1.8516495548535339,50.0,High concentration of flagged projects (25.0% critical/high risk).
Uttar Pradesh,KANNAUJ(DISTRICT MAGISTRATE KANNAUJ_IDA),8,5014578.0,626822.25,46.4875,1,12.5,29.03272544514647,17.45477455485353,70.0,IDA average risk (46.5) is significantly higher than state baseline (29.0).
Uttar Pradesh,KANPUR DEHAT(DISTRICT MAGISTRATE KANPUR DEHAT_IDA),54,17294132.8,320261.71851851855,60.257407407407406,20,37.03703703703704,29.03272544514647,31.224681962260938,85.0,IDA average risk (60.3) is significantly higher than state baseline (29.0). | High concentration of flagged projects (37.0% critical/high risk).
Uttar Pradesh,KANPUR NAGAR(DISTRICT MAGISTRAE KANPUR NAGAR_IDA),68,98522484.0,1448860.0588235294,16.266176470588235,0,0.0,29.03272544514647,-12.766548974558233,20.0,District and IDA parameters match regional baseline standards.
Uttar Pradesh,KAUSHAMBI(DISTRICT MAGISTRAE KAUSHAMBI_IDA),238,17594406.0,73926.0756302521,35.12773109243698,8,3.361344537815126,29.03272544514647,6.095005647290513,55.0,Unusually high project concentration (238 works sanctioned).
Uttar Pradesh,KHERI(DISTRICT MAGISTRAE KHERI_IDA),278,67754768.0,243722.1870503597,25.536690647482015,0,0.0,29.03272544514647,-3.4960347976644535,35.0,Unusually high project concentration (278 works sanctioned).
Uttar Pradesh,Kasganj(DISTRICT MAGISTRATE KASGANJ KANSHIRAMNAGAR_IDA),115,27707023.0,240930.6347826087,25.49217391304348,0,0.0,29.03272544514647,-3.540551532102988,30.0,District and IDA parameters match regional baseline standards.
Uttar Pradesh,Kushinagar(DISTRICT MAGISTRATE KUSHINAGAR PADRAUNA_IDA),130,59179902.0,455230.0153846154,44.33769230769231,7,5.384615384615385,29.03272544514647,15.30496686254584,65.0,IDA average risk (44.3) is significantly higher than state baseline (29.0).
Uttar Pradesh,LALITPUR(DISTRICT MAGISTRATE LALITPUR_IDA),36,20002028.0,555611.8888888889,13.102777777777778,0,0.0,29.03272544514647,-15.92994766736869,20.0,District and IDA parameters match regional baseline standards.
Uttar Pradesh,LUCKNOW(DISTRICT MAGISTRAE LUCKNOW_IDA),98,61125092.0,623725.4285714285,18.201020408163266,0,0.0,29.03272544514647,-10.831705036983202,30.0,District and IDA parameters match regional baseline standards.
Uttar Pradesh,MAHOBA(DISTRICT MAGISTRAE MAHOBA_IDA),42,23729000.0,564976.1904761905,61.06666666666666,12,28.57142857142857,29.03272544514647,32.033941221520195,85.0,IDA average risk (61.1) is significantly higher than state baseline (29.0). | High concentration of flagged projects (28.6% critical/high risk).
Uttar Pradesh,MAINPURI(DISTRICT MAGISTRATE MAINPURI_IDA),43,34365797.0,799204.5813953489,39.91627906976744,1,2.3255813953488373,29.03272544514647,10.883553624620973,40.0,IDA average risk (39.9) is significantly higher than state baseline (29.0).
Uttar Pradesh,MATHURA(DISTRICT MAGISTRAE MATHURA_IDA),14,19041641.0,1360117.2142857143,22.442857142857143,0,0.0,29.03272544514647,-6.589868302289325,20.0,District and IDA parameters match regional baseline standards.
Uttar Pradesh,MAU(DISTRICT MAGISTRATE MAU_IDA),94,34581497.0,367888.2659574468,39.23297872340426,0,0.0,29.03272544514647,10.20025327825779,50.0,IDA average risk (39.2) is significantly higher than state baseline (29.0).
Uttar Pradesh,MEERUT(DISTRICT MAGISTRATE MEERUT_IDA),96,65073379.0,677847.6979166666,39.422916666666666,13,13.541666666666666,29.03272544514647,10.390191221520197,65.0,IDA average risk (39.4) is significantly higher than state baseline (29.0).
Uttar Pradesh,MIRZAPUR(DISTRICT MAGISTRATE MIRZAPUR_IDA),2,7543000.0,3771500.0,45.599999999999994,0,0.0,29.03272544514647,16.567274554853526,55.0,IDA average risk (45.6) is significantly higher than state baseline (29.0).
Uttar Pradesh,MORADABAD(DISTRICT MAGISTRATE MORADABAD_IDA),75,17318520.0,230913.6,20.35333333333333,0,0.0,29.03272544514647,-8.679392111813137,30.0,District and IDA parameters match regional baseline standards.
Uttar Pradesh,MUZAFFARNAGAR(DISTRICT MAGISTRATE MUZAFFARNAGAR_IDA),96,60034392.0,625358.25,41.146875,9,9.375,29.03272544514647,12.114149554853533,50.0,IDA average risk (41.1) is significantly higher than state baseline (29.0).
Uttar Pradesh,Mahrajganj(DISTRICT MAGISTRAE MAHARAJGANJ_IDA),23,48894284.0,2125838.434782609,26.85217391304348,0,0.0,29.03272544514647,-2.1805515321029887,20.0,District and IDA parameters match regional baseline standards.
Uttar Pradesh,PRATAPGARH(DISTRICT MAGISTRAE PRATAPGARH_IDA),209,24851119.0,118904.87559808613,27.36937799043062,0,0.0,29.03272544514647,-1.663347454715847,35.0,Unusually high project concentration (209 works sanctioned).
Uttar Pradesh,PRAYAGRAJ(DISTRICT MAGISTRAE ALLAHABAD_IDA),153,55556499.0,363114.3725490196,34.39281045751633,3,1.9607843137254901,29.03272544514647,5.360085012369865,50.0,Unusually high project concentration (153 works sanctioned).
Uttar Pradesh,RAE BARELI(DISTRICT MAGISTRATE RAE BARELI_IDA),107,22388799.0,209241.1121495327,18.40747663551402,1,0.9345794392523363,29.03272544514647,-10.625248809632449,30.0,District and IDA parameters match regional baseline standards.
Uttar Pradesh,RAMPUR(DISTRICT MAGISTRATE RAMPUR_IDA),96,35257622.0,367266.8958333333,14.451041666666667,0,0.0,29.03272544514647,-14.581683778479801,30.0,District and IDA parameters match regional baseline standards.
Uttar Pradesh,SAHARANPUR(DISTRICT MAGISTRAE SAHARANPUR_IDA),82,71637420.0,873627.0731707317,14.984146341463415,0,0.0,29.03272544514647,-14.048579103683053,30.0,District and IDA parameters match regional baseline standards.
Uttar Pradesh,SAMBHAL(DISTRICT MAGISTRAE BHIMNAGAR SAMBHAL_IDA),7,10234000.0,1462000.0,38.028571428571425,0,0.0,29.03272544514647,8.995845983424957,40.0,District and IDA parameters match regional baseline standards.
Uttar Pradesh,SHAHJAHANPUR(DISTRICT MAGISTRAE SHAHJAHANAPUR_IDA),4,97143000.0,24285750.0,52.25,0,0.0,29.03272544514647,23.21727455485353,55.0,IDA average risk (52.2) is significantly higher than state baseline (29.0).
Uttar Pradesh,SHAMLI(DISTRICT MAGISTRATE SHAMLI_IDA),7,9688973.0,1384139.0,40.214285714285715,1,14.285714285714285,29.03272544514647,11.181560269139247,55.0,IDA average risk (40.2) is significantly higher than state baseline (29.0).
Uttar Pradesh,SITAPUR(DISTRICT MAGISTRATE SITAPUR_IDA),88,124885333.33,1419151.5151136364,56.69772727272727,2,2.272727272727273,29.03272544514647,27.665001827580802,65.0,IDA average risk (56.7) is significantly higher than state baseline (29.0).
Uttar Pradesh,SONBHADRA(DISTRICT MAGISTRATE SONBHADRA_IDA),93,30645890.0,329525.6989247312,46.245161290322585,0,0.0,29.03272544514647,17.212435845176117,65.0,IDA average risk (46.2) is significantly higher than state baseline (29.0).
Uttar Pradesh,SULTANPUR(DISTRICT MAGISTRATE SULTANPUR_IDA),14,55400703.0,3957193.0714285714,47.542857142857144,1,7.142857142857142,29.03272544514647,18.510131697710676,55.0,IDA average risk (47.5) is significantly higher than state baseline (29.0).
Uttar Pradesh,Sant Kabir Nagar(DISTRICT MAGISTRATE SANT KABIR NAGAR_2),3,3498365.0,1166121.6666666667,41.63333333333333,0,0.0,29.03272544514647,12.600607888186865,40.0,IDA average risk (41.6) is significantly higher than state baseline (29.0).
Uttar Pradesh,UNNAO(DISTRICT MAGIISTRATE UNNAO_IDA),49,52072908.0,1062712.4081632653,25.912244897959184,0,0.0,29.03272544514647,-3.1204805471872845,20.0,District and IDA parameters match regional baseline standards.
Uttar Pradesh,VARANASI(DISTRICT MAGISTRAE VARANASI_IDA),317,56549804.0,178390.54889589906,13.504416403785488,0,0.0,29.03272544514647,-15.52830904136098,35.0,Unusually high project concentration (317 works sanctioned).
Uttarakhand,AGRA(DISTRICT MAGISTRAE AGRA_IDA),15,7985171.0,532344.7333333333,19.533333333333335,0,0.0,44.36695652173913,-24.83362318840579,20.0,District and IDA parameters match regional baseline standards.
Uttarakhand,ALMORA(DISTRICT MAGISTRATE ALMORA_IDA),2,1500000.0,750000.0,46.25,0,0.0,44.36695652173913,1.8830434782608734,20.0,District and IDA parameters match regional baseline standards.
Uttarakhand,DEHRADUN(DISTRICT MAGISTRATE DEHRADUN_IDA),43,14888093.0,346234.72093023255,29.05348837209302,1,2.3255813953488373,44.36695652173913,-15.313468149646106,20.0,District and IDA parameters match regional baseline standards.
Uttarakhand,NAINITAL(DISTRICT MAGISTRATE NAINITAL_IDA),106,26936185.0,254114.95283018867,50.089622641509436,38,35.84905660377358,44.36695652173913,5.7226661197703095,80.0,High concentration of flagged projects (35.8% critical/high risk).
Uttarakhand,"PITHORAGARH(NRLM , pithoragarh)",1,200000.0,200000.0,43.3,0,0.0,44.36695652173913,-1.0669565217391295,20.0,District and IDA parameters match regional baseline standards.
Uttarakhand,TEHRI GARHWAL(DISTRICT MAGISTRATE TEHRI GARHWAL_IDA),29,15970000.0,550689.6551724138,44.57241379310344,9,31.03448275862069,44.36695652173913,0.2054572713643168,50.0,High concentration of flagged projects (31.0% critical/high risk).
Uttarakhand,Udham Singh Nagar(DISTRICT MAGISTRATE UDHAMSINGH NAGAR_IDA),33,10523145.0,318883.1818181818,57.2939393939394,8,24.242424242424242,44.36695652173913,12.92698287220027,55.0,IDA average risk (57.3) is significantly higher than state baseline (44.4). | High concentration of flagged projects (24.2% critical/high risk).
Uttarakhand,Uttarkashi(DISTRICT COLLECTOR UTTARKASHI_IDA),1,198692.0,198692.0,33.5,0,0.0,44.36695652173913,-10.866956521739127,20.0,District and IDA parameters match regional baseline standards.
West Bengal,Alipurduar(DISTRICT MAGISTRATE ALIPURDUARS_IDA),39,34957408.2,896343.8,38.284615384615385,0,0.0,35.953624999999995,2.33099038461539,20.0,District and IDA parameters match regional baseline standards.
West Bengal,BANKURA(DISTRICT MAGISTRATE BANKURA_IDA),87,111449207.0,1281025.367816092,49.203448275862065,28,32.18390804597701,35.953624999999995,13.24982327586207,80.0,IDA average risk (49.2) is significantly higher than state baseline (36.0). | High concentration of flagged projects (32.2% critical/high risk).
West Bengal,BIRBHUM(DISTRICT MAGISTRATE BIRBHUM_IDA),147,163631673.6,1113140.6367346938,25.510204081632654,7,4.761904761904762,35.953624999999995,-10.443420918367341,30.0,District and IDA parameters match regional baseline standards.
West Bengal,Cooch Behar(DISTRICT MAGISTRATE COOCHBEHAR_IDA),39,32035060.0,821411.7948717949,55.707692307692305,0,0.0,35.953624999999995,19.75406730769231,55.0,IDA average risk (55.7) is significantly higher than state baseline (36.0).
West Bengal,DARJEELING(DISTRICT MAGISTRATE DARJEELING_IDA),80,42932986.0,536662.325,49.2525,16,20.0,35.953624999999995,13.298875000000002,65.0,IDA average risk (49.3) is significantly higher than state baseline (36.0). | High concentration of flagged projects (20.0% critical/high risk).
West Bengal,Dakshin Dinajpur(DISTRICT MAGISTRATE DINAJPUR DAKSHIN_IDA),79,40133854.0,508023.4683544304,17.88481012658228,0,0.0,35.953624999999995,-18.068814873417715,30.0,District and IDA parameters match regional baseline standards.
West Bengal,HOOGHLY(DISTRICT MAGISTRATE HOOGHLY_IDA),158,98351476.0,622477.6962025317,26.52151898734177,6,3.79746835443038,35.953624999999995,-9.432106012658224,30.0,Unusually high project concentration (158 works sanctioned).
West Bengal,HOWRAH(DISTRICT MAGISTRATE HOWRAH_IDA),106,66441515.0,626806.7452830189,24.55943396226415,5,4.716981132075472,35.953624999999995,-11.394191037735844,30.0,District and IDA parameters match regional baseline standards.
West Bengal,JALPAIGURI(DISTRICT MAGISTRATE JALPAIGURI_IDA),5,8257652.0,1651530.4,45.660000000000004,2,40.0,35.953624999999995,9.706375000000008,70.0,High concentration of flagged projects (40.0% critical/high risk).
West Bengal,Jhargram(DISTRICT MAGISTRATE JHARGRAM_IDA),26,44736381.0,1720630.0384615385,30.692307692307693,0,0.0,35.953624999999995,-5.261317307692302,20.0,District and IDA parameters match regional baseline standards.
West Bengal,KALIMPONG(District Magistrate Kalimpong_IDA),25,13138507.0,525540.28,38.592,0,0.0,35.953624999999995,2.6383750000000035,20.0,District and IDA parameters match regional baseline standards.
West Bengal,KOLKATA(COMMISSIONER KOLKATA MUNICIPAL CORPORATION_IDA),85,97409509.0,1145994.2235294117,27.51411764705882,0,0.0,35.953624999999995,-8.439507352941174,30.0,District and IDA parameters match regional baseline standards.
West Bengal,MURSHIDABAD(DISTRICT MAGISTRATE MURSHIDABAD_IDA),228,49817626.0,218498.3596491228,41.718859649122805,2,0.8771929824561403,35.953624999999995,5.76523464912281,55.0,Unusually high project concentration (228 works sanctioned).
West Bengal,Malda(DISTRICT MAGISTRATE MALDA_IDA),42,16695394.0,397509.38095238095,33.766666666666666,0,0.0,35.953624999999995,-2.1869583333333296,20.0,District and IDA parameters match regional baseline standards.
West Bengal,NADIA(DISTRICT MAGISTRATE NADIA_IDA),160,116833066.0,730206.6625,32.831875000000004,4,2.5,35.953624999999995,-3.1217499999999916,30.0,Unusually high project concentration (160 works sanctioned).
West Bengal,North 24 Parganas(DISTRICT MAGISTRATE NORTH TWENTY FOUR PARGANAS_IDA),134,173966209.0,1298255.291044776,59.57835820895522,66,49.25373134328358,35.953624999999995,23.624733208955227,95.0,IDA average risk (59.6) is significantly higher than state baseline (36.0). | High concentration of flagged projects (49.3% critical/high risk).
West Bengal,PASCHIM BARDHAMAN(DISTRICT MAGISTRATE PASCHIM BARDHAMAN_IDA),27,70005307.0,2592789.1481481483,44.529629629629625,6,22.22222222222222,35.953624999999995,8.57600462962963,55.0,High concentration of flagged projects (22.2% critical/high risk).
West Bengal,PURBA BARDHAMAN(DISTRICT MAGISTRATE PURBA BARDHAMAN_IDA),106,90545225.0,854200.2358490566,36.991509433962264,8,7.547169811320755,35.953624999999995,1.0378844339622688,30.0,District and IDA parameters match regional baseline standards.
West Bengal,PURULIA(DISTRICT MAGISTRATE PURULIA_IDA),6,9557047.0,1592841.1666666667,39.28333333333333,1,16.666666666666664,35.953624999999995,3.329708333333336,35.0,District and IDA parameters match regional baseline standards.
West Bengal,Paschim Medinipur(DISTRICT MAGISTRATE PASCHIM MEDINIPUR_IDA),152,93410541.0,614543.0328947369,64.51644736842105,118,77.63157894736842,35.953624999999995,28.56282236842106,95.0,IDA average risk (64.5) is significantly higher than state baseline (36.0). | High concentration of flagged projects (77.6% critical/high risk). | Unusually high project concentration (152 works sanctioned).
West Bengal,Purba Medinipur(DISTRICT MAGISTRATE PURBA MEDINIPUR_IDA),126,77886135.78,618143.9347619048,35.29206349206349,17,13.492063492063492,35.953624999999995,-0.6615615079365043,45.0,District and IDA parameters match regional baseline standards.
West Bengal,South 24 Parganas(DISTRICT MAGISTRATE SOUTH TWENTY FOUR PARGANAS_IDA),543,205965378.0,379310.08839779004,26.402578268876614,1,0.1841620626151013,35.953624999999995,-9.551046731123382,35.0,Unusually high project concentration (543 works sanctioned).
